Entity,Code,Year,Oranges - Yield (tonnes per hectare)
Afghanistan,AFG,1961,7.0629
Afghanistan,AFG,1962,7.0629
Afghanistan,AFG,1963,7.0629
Afghanistan,AFG,1964,8.211901
Afghanistan,AFG,1965,8.616401
Afghanistan,AFG,1966,8.693201
Afghanistan,AFG,1967,9.4388
Afghanistan,AFG,1968,9.7396
Afghanistan,AFG,1969,9.6923
Afghanistan,AFG,1970,9.3367
Afghanistan,AFG,1971,7.3469005
Afghanistan,AFG,1972,8.811901
Afghanistan,AFG,1973,8.9806
Afghanistan,AFG,1974,8.947401
Afghanistan,AFG,1975,8.952401
Afghanistan,AFG,1976,8.3810005
Afghanistan,AFG,1977,4.9524
Afghanistan,AFG,1978,7.2727003
Afghanistan,AFG,1979,7.1782007
Afghanistan,AFG,1980,7.4257007
Afghanistan,AFG,1981,7.5253
Afghanistan,AFG,1982,7.5263
Afghanistan,AFG,1983,7.6923003
Afghanistan,AFG,1984,7.6571007
Afghanistan,AFG,1985,7.5294003
Afghanistan,AFG,1986,7.8313003
Afghanistan,AFG,1987,7.7622004
Afghanistan,AFG,1988,7.5839005
Afghanistan,AFG,1989,7.6000004
Afghanistan,AFG,1990,7.5053
Afghanistan,AFG,1991,8.669201
Afghanistan,AFG,1992,8.526
Afghanistan,AFG,1993,8.382701
Afghanistan,AFG,1994,8.2395
Afghanistan,AFG,1995,8.096201
Afghanistan,AFG,1996,7.9530005
Afghanistan,AFG,1997,7.8098
Afghanistan,AFG,1998,7.6665006
Afghanistan,AFG,1999,7.5233
Afghanistan,AFG,2000,7.38
Afghanistan,AFG,2001,7.2368
Afghanistan,AFG,2002,7.0872006
Afghanistan,AFG,2003,7.2598
Afghanistan,AFG,2004,7.7143
Afghanistan,AFG,2005,7.6799
Afghanistan,AFG,2006,6.2840004
Afghanistan,AFG,2007,7.109
Afghanistan,AFG,2008,6.5000005
Afghanistan,AFG,2009,4
Afghanistan,AFG,2010,2
Afghanistan,AFG,2011,6.0000005
Afghanistan,AFG,2012,6.0000005
Afghanistan,AFG,2013,6.019
Afghanistan,AFG,2014,6.6000004
Afghanistan,AFG,2015,4.9015
Afghanistan,AFG,2016,5.4451003
Afghanistan,AFG,2017,5.8258
Afghanistan,AFG,2018,6.0567007
Afghanistan,AFG,2019,6.1728
Afghanistan,AFG,2020,7.2313004
Afghanistan,AFG,2021,7.1298003
Afghanistan,AFG,2022,6.1179004
Afghanistan,AFG,2023,6.2764
Afghanistan,AFG,2024,6.2685003
Africa,OWID_AFR,1961,12.213676
Africa,OWID_AFR,1962,13.360751
Africa,OWID_AFR,1963,13.158155
Africa,OWID_AFR,1964,13.657673
Africa,OWID_AFR,1965,12.62325
Africa,OWID_AFR,1966,13.630122
Africa,OWID_AFR,1967,14.147073
Africa,OWID_AFR,1968,13.865357
Africa,OWID_AFR,1969,13.786672
Africa,OWID_AFR,1970,13.641426
Africa,OWID_AFR,1971,13.32899
Africa,OWID_AFR,1972,13.962037
Africa,OWID_AFR,1973,14.555034
Africa,OWID_AFR,1974,14.149891
Africa,OWID_AFR,1975,13.376563
Africa,OWID_AFR,1976,13.094686
Africa,OWID_AFR,1977,12.476261
Africa,OWID_AFR,1978,14.600573
Africa,OWID_AFR,1979,15.214592
Africa,OWID_AFR,1980,14.288829
Africa,OWID_AFR,1981,14.290546
Africa,OWID_AFR,1982,15.33655
Africa,OWID_AFR,1983,15.939938
Africa,OWID_AFR,1984,15.6970825
Africa,OWID_AFR,1985,12.130327
Africa,OWID_AFR,1986,12.168799
Africa,OWID_AFR,1987,12.263464
Africa,OWID_AFR,1988,12.482875
Africa,OWID_AFR,1989,13.356407
Africa,OWID_AFR,1990,13.211592
Africa,OWID_AFR,1991,14.287563
Africa,OWID_AFR,1992,13.467775
Africa,OWID_AFR,1993,12.282084
Africa,OWID_AFR,1994,13.50241
Africa,OWID_AFR,1995,12.798653
Africa,OWID_AFR,1996,13.977317
Africa,OWID_AFR,1997,13.2861185
Africa,OWID_AFR,1998,13.744192
Africa,OWID_AFR,1999,13.876596
Africa,OWID_AFR,2000,13.664704
Africa,OWID_AFR,2001,13.735881
Africa,OWID_AFR,2002,14.825484
Africa,OWID_AFR,2003,15.46301
Africa,OWID_AFR,2004,14.85022
Africa,OWID_AFR,2005,16.819586
Africa,OWID_AFR,2006,17.43969
Africa,OWID_AFR,2007,16.836771
Africa,OWID_AFR,2008,17.222048
Africa,OWID_AFR,2009,18.057198
Africa,OWID_AFR,2010,18.07572
Africa,OWID_AFR,2011,18.613272
Africa,OWID_AFR,2012,18.99807
Africa,OWID_AFR,2013,19.038979
Africa,OWID_AFR,2014,20.445572
Africa,OWID_AFR,2015,20.186756
Africa,OWID_AFR,2016,19.167717
Africa,OWID_AFR,2017,19.835756
Africa,OWID_AFR,2018,20.685322
Africa,OWID_AFR,2019,21.374907
Africa,OWID_AFR,2020,19.596443
Africa,OWID_AFR,2021,20.038609
Africa,OWID_AFR,2022,20.374916
Africa,OWID_AFR,2023,20.296198
Africa,OWID_AFR,2024,20.842424
Africa (FAO),,1961,12.213701
Africa (FAO),,1962,13.360801
Africa (FAO),,1963,13.158201
Africa (FAO),,1964,13.657701
Africa (FAO),,1965,12.623301
Africa (FAO),,1966,13.6301
Africa (FAO),,1967,14.1471
Africa (FAO),,1968,13.865401
Africa (FAO),,1969,13.786701
Africa (FAO),,1970,13.641401
Africa (FAO),,1971,13.329
Africa (FAO),,1972,13.962001
Africa (FAO),,1973,14.555
Africa (FAO),,1974,14.149901
Africa (FAO),,1975,13.3766
Africa (FAO),,1976,13.094701
Africa (FAO),,1977,12.4763
Africa (FAO),,1978,14.6006
Africa (FAO),,1979,15.214601
Africa (FAO),,1980,14.2888
Africa (FAO),,1981,14.290501
Africa (FAO),,1982,15.336501
Africa (FAO),,1983,15.939901
Africa (FAO),,1984,15.697101
Africa (FAO),,1985,12.1303005
Africa (FAO),,1986,12.1688
Africa (FAO),,1987,12.2635
Africa (FAO),,1988,12.482901
Africa (FAO),,1989,13.356401
Africa (FAO),,1990,13.2116
Africa (FAO),,1991,14.2875
Africa (FAO),,1992,13.4678
Africa (FAO),,1993,12.282001
Africa (FAO),,1994,13.502401
Africa (FAO),,1995,12.7986
Africa (FAO),,1996,13.977301
Africa (FAO),,1997,13.2861
Africa (FAO),,1998,13.744201
Africa (FAO),,1999,13.876501
Africa (FAO),,2000,13.6647005
Africa (FAO),,2001,13.735901
Africa (FAO),,2002,14.825601
Africa (FAO),,2003,15.463
Africa (FAO),,2004,14.850201
Africa (FAO),,2005,16.819601
Africa (FAO),,2006,17.4397
Africa (FAO),,2007,16.836802
Africa (FAO),,2008,17.222
Africa (FAO),,2009,18.0572
Africa (FAO),,2010,18.075802
Africa (FAO),,2011,18.613401
Africa (FAO),,2012,18.9981
Africa (FAO),,2013,19.039001
Africa (FAO),,2014,20.445501
Africa (FAO),,2015,20.186802
Africa (FAO),,2016,19.1677
Africa (FAO),,2017,19.835802
Africa (FAO),,2018,20.6853
Africa (FAO),,2019,21.3749
Africa (FAO),,2020,19.596601
Africa (FAO),,2021,20.0386
Africa (FAO),,2022,20.3749
Africa (FAO),,2023,20.2963
Africa (FAO),,2024,20.8425
Albania,ALB,1985,4.4
Albania,ALB,1986,4.6333
Albania,ALB,1987,3.3000002
Albania,ALB,1988,4.4667006
Albania,ALB,1989,7.55
Albania,ALB,1990,6.0000005
Albania,ALB,1991,6.8750005
Albania,ALB,1992,14.333301
Albania,ALB,1993,13.3
Albania,ALB,1994,21.6667
Albania,ALB,1995,6.5774
Albania,ALB,1996,6.6689
Albania,ALB,1997,6.4191003
Albania,ALB,1998,4.6167006
Albania,ALB,1999,4.5833
Albania,ALB,2000,5.3170004
Albania,ALB,2001,5.3030005
Albania,ALB,2002,6.8
Albania,ALB,2003,7.2013
Albania,ALB,2004,7.0000005
Albania,ALB,2005,6.9987006
Albania,ALB,2006,7.0038
Albania,ALB,2007,7.0000005
Albania,ALB,2008,8.1818
Albania,ALB,2009,12.777801
Albania,ALB,2010,21.9312
Albania,ALB,2011,35.5
Albania,ALB,2012,44.705902
Albania,ALB,2013,48.569702
Albania,ALB,2014,18.558601
Albania,ALB,2015,37.385303
Albania,ALB,2016,48.148304
Albania,ALB,2017,41.5022
Albania,ALB,2018,47.484604
Albania,ALB,2019,49.596603
Albania,ALB,2020,52.0335
Albania,ALB,2021,53.019604
Albania,ALB,2022,59.558304
Albania,ALB,2023,59.615105
Albania,ALB,2024,60.676903
Algeria,DZA,1961,6.7838
Algeria,DZA,1962,6.8955
Algeria,DZA,1963,6.7143
Algeria,DZA,1964,6.8283
Algeria,DZA,1965,6.8033
Algeria,DZA,1966,6.7145004
Algeria,DZA,1967,6.7209
Algeria,DZA,1968,6.7260003
Algeria,DZA,1969,6.9073
Algeria,DZA,1970,6.7998
Algeria,DZA,1971,6.9209003
Algeria,DZA,1972,6.8711004
Algeria,DZA,1973,6.8579
Algeria,DZA,1974,6.872
Algeria,DZA,1975,6.8690004
Algeria,DZA,1976,6.774
Algeria,DZA,1977,6.8586006
Algeria,DZA,1978,6.7782006
Algeria,DZA,1979,6.7560005
Algeria,DZA,1980,6.8454003
Algeria,DZA,1981,6.7529
Algeria,DZA,1982,6.6981006
Algeria,DZA,1983,6.7432003
Algeria,DZA,1984,6.7754
Algeria,DZA,1985,6.7954
Algeria,DZA,1986,6.6894
Algeria,DZA,1987,7.3308
Algeria,DZA,1988,8.3192005
Algeria,DZA,1989,7.0648003
Algeria,DZA,1990,7.5681005
Algeria,DZA,1991,9.4053
Algeria,DZA,1992,9.749901
Algeria,DZA,1993,9.0555
Algeria,DZA,1994,9.4322
Algeria,DZA,1995,8.9188
Algeria,DZA,1996,9.461401
Algeria,DZA,1997,9.4626
Algeria,DZA,1998,10.3352
Algeria,DZA,1999,11.494
Algeria,DZA,2000,11.022201
Algeria,DZA,2001,11.868001
Algeria,DZA,2002,12.858801
Algeria,DZA,2003,13.5246
Algeria,DZA,2004,14.376101
Algeria,DZA,2005,14.655901
Algeria,DZA,2006,15.372401
Algeria,DZA,2007,15.198601
Algeria,DZA,2008,14.5432005
Algeria,DZA,2009,17.845001
Algeria,DZA,2010,12.424201
Algeria,DZA,2011,17.297
Algeria,DZA,2012,16.812601
Algeria,DZA,2013,18.716002
Algeria,DZA,2014,22.238901
Algeria,DZA,2015,23.197
Algeria,DZA,2016,18.582401
Algeria,DZA,2017,20.302502
Algeria,DZA,2018,24.9197
Algeria,DZA,2019,26.031002
Algeria,DZA,2020,25.185303
Algeria,DZA,2021,24.057701
Algeria,DZA,2022,25.158901
Algeria,DZA,2023,26.0361
Algeria,DZA,2024,26.165901
Americas (FAO),,1961,17.641401
Americas (FAO),,1962,18.880802
Americas (FAO),,1963,16.750502
Americas (FAO),,1964,15.416902
Americas (FAO),,1965,17.5867
Americas (FAO),,1966,18.0695
Americas (FAO),,1967,19.6285
Americas (FAO),,1968,15.904301
Americas (FAO),,1969,18.466402
Americas (FAO),,1970,17.270401
Americas (FAO),,1971,17.672802
Americas (FAO),,1972,17.7002
Americas (FAO),,1973,16.6452
Americas (FAO),,1974,18.7887
Americas (FAO),,1975,19.0275
Americas (FAO),,1976,20.046501
Americas (FAO),,1977,20.330101
Americas (FAO),,1978,19.630402
Americas (FAO),,1979,19.562801
Americas (FAO),,1980,20.9042
Americas (FAO),,1981,20.2861
Americas (FAO),,1982,18.489
Americas (FAO),,1983,19.345402
Americas (FAO),,1984,19.004002
Americas (FAO),,1985,18.8537
Americas (FAO),,1986,18.5372
Americas (FAO),,1987,18.888601
Americas (FAO),,1988,18.929901
Americas (FAO),,1989,19.828001
Americas (FAO),,1990,18.3516
Americas (FAO),,1991,18.2495
Americas (FAO),,1992,18.678902
Americas (FAO),,1993,21.1305
Americas (FAO),,1994,18.8451
Americas (FAO),,1995,21.027802
Americas (FAO),,1996,20.112001
Americas (FAO),,1997,21.6074
Americas (FAO),,1998,20.2717
Americas (FAO),,1999,19.270302
Americas (FAO),,2000,21.8902
Americas (FAO),,2001,19.806501
Americas (FAO),,2002,20.586302
Americas (FAO),,2003,19.127201
Americas (FAO),,2004,21.148802
Americas (FAO),,2005,19.586302
Americas (FAO),,2006,20.2679
Americas (FAO),,2007,19.2147
Americas (FAO),,2008,20.2917
Americas (FAO),,2009,19.909801
Americas (FAO),,2010,19.623802
Americas (FAO),,2011,20.7717
Americas (FAO),,2012,21.000101
Americas (FAO),,2013,20.9991
Americas (FAO),,2014,20.259802
Americas (FAO),,2015,20.050802
Americas (FAO),,2016,20.437502
Americas (FAO),,2017,20.415901
Americas (FAO),,2018,20.192902
Americas (FAO),,2019,21.3623
Americas (FAO),,2020,21.3623
Americas (FAO),,2021,20.036901
Americas (FAO),,2022,20.6748
Americas (FAO),,2023,20.8197
Americas (FAO),,2024,19.873402
Argentina,ARG,1980,11.9728
Argentina,ARG,1981,11.2648
Argentina,ARG,1982,10.2974
Argentina,ARG,1983,10.8859005
Argentina,ARG,1984,10.551001
Argentina,ARG,1985,10.127201
Argentina,ARG,1986,12.101001
Argentina,ARG,1987,13.245401
Argentina,ARG,1988,14.134801
Argentina,ARG,1989,14.1538
Argentina,ARG,1990,13.6258
Argentina,ARG,1991,15.241501
Argentina,ARG,1992,14.344801
Argentina,ARG,1993,14.6422
Argentina,ARG,1994,16.4535
Argentina,ARG,1995,16.2327
Argentina,ARG,1996,10.4925
Argentina,ARG,1997,18.7751
Argentina,ARG,1998,20.364601
Argentina,ARG,1999,15.161401
Argentina,ARG,2000,16.0067
Argentina,ARG,2001,17.624302
Argentina,ARG,2002,13.693801
Argentina,ARG,2003,11.8508005
Argentina,ARG,2004,13.275901
Argentina,ARG,2005,13.222001
Argentina,ARG,2006,17.069
Argentina,ARG,2007,13.5593
Argentina,ARG,2008,17.1371
Argentina,ARG,2009,16.048801
Argentina,ARG,2010,17.281801
Argentina,ARG,2011,23.1142
Argentina,ARG,2012,21.3612
Argentina,ARG,2013,21.493801
Argentina,ARG,2014,21.3132
Argentina,ARG,2015,23.139902
Argentina,ARG,2016,22.452301
Argentina,ARG,2017,21.8952
Argentina,ARG,2018,21.8756
Argentina,ARG,2019,21.821901
Argentina,ARG,2020,21.793001
Argentina,ARG,2021,21.8897
Argentina,ARG,2022,21.643902
Argentina,ARG,2023,22.392502
Argentina,ARG,2024,22.7472
Asia,OWID_ASI,1961,5.5665674
Asia,OWID_ASI,1962,4.753984
Asia,OWID_ASI,1963,4.8254952
Asia,OWID_ASI,1964,5.3845277
Asia,OWID_ASI,1965,5.5894637
Asia,OWID_ASI,1966,10.889018
Asia,OWID_ASI,1967,11.339638
Asia,OWID_ASI,1968,11.906113
Asia,OWID_ASI,1969,11.627486
Asia,OWID_ASI,1970,11.642284
Asia,OWID_ASI,1971,12.326524
Asia,OWID_ASI,1972,12.81915
Asia,OWID_ASI,1973,12.749327
Asia,OWID_ASI,1974,12.847364
Asia,OWID_ASI,1975,12.191183
Asia,OWID_ASI,1976,12.392461
Asia,OWID_ASI,1977,11.8861885
Asia,OWID_ASI,1978,12.648912
Asia,OWID_ASI,1979,12.542625
Asia,OWID_ASI,1980,12.216045
Asia,OWID_ASI,1981,11.538008
Asia,OWID_ASI,1982,12.274967
Asia,OWID_ASI,1983,11.715496
Asia,OWID_ASI,1984,11.904338
Asia,OWID_ASI,1985,10.455579
Asia,OWID_ASI,1986,10.341853
Asia,OWID_ASI,1987,10.268517
Asia,OWID_ASI,1988,9.348007
Asia,OWID_ASI,1989,10.198383
Asia,OWID_ASI,1990,10.613284
Asia,OWID_ASI,1991,10.767474
Asia,OWID_ASI,1992,10.357616
Asia,OWID_ASI,1993,10.367227
Asia,OWID_ASI,1994,10.140843
Asia,OWID_ASI,1995,10.668631
Asia,OWID_ASI,1996,10.093759
Asia,OWID_ASI,1997,9.717987
Asia,OWID_ASI,1998,11.255577
Asia,OWID_ASI,1999,11.006393
Asia,OWID_ASI,2000,11.112073
Asia,OWID_ASI,2001,12.108585
Asia,OWID_ASI,2002,11.442538
Asia,OWID_ASI,2003,11.652776
Asia,OWID_ASI,2004,12.557866
Asia,OWID_ASI,2005,13.24605
Asia,OWID_ASI,2006,13.299398
Asia,OWID_ASI,2007,13.808456
Asia,OWID_ASI,2008,14.021329
Asia,OWID_ASI,2009,14.4562845
Asia,OWID_ASI,2010,14.551251
Asia,OWID_ASI,2011,15.475817
Asia,OWID_ASI,2012,15.325521
Asia,OWID_ASI,2013,15.345154
Asia,OWID_ASI,2014,14.214449
Asia,OWID_ASI,2015,17.661732
Asia,OWID_ASI,2016,17.408121
Asia,OWID_ASI,2017,18.65826
Asia,OWID_ASI,2018,19.249096
Asia,OWID_ASI,2019,18.523478
Asia,OWID_ASI,2020,18.414001
Asia,OWID_ASI,2021,19.252611
Asia,OWID_ASI,2022,19.101444
Asia,OWID_ASI,2023,19.928394
Asia,OWID_ASI,2024,19.03965
Asia (FAO),,1961,5.6617002
Asia (FAO),,1962,4.8240004
Asia (FAO),,1963,4.9158
Asia (FAO),,1964,5.4620004
Asia (FAO),,1965,5.6675005
Asia (FAO),,1966,10.9863
Asia (FAO),,1967,11.4521
Asia (FAO),,1968,12.0172
Asia (FAO),,1969,11.749801
Asia (FAO),,1970,11.753
Asia (FAO),,1971,12.5251
Asia (FAO),,1972,12.933801
Asia (FAO),,1973,12.979701
Asia (FAO),,1974,12.9786005
Asia (FAO),,1975,12.219901
Asia (FAO),,1976,12.427501
Asia (FAO),,1977,11.9331
Asia (FAO),,1978,12.6881
Asia (FAO),,1979,12.5776005
Asia (FAO),,1980,12.2386
Asia (FAO),,1981,11.5788
Asia (FAO),,1982,12.3166
Asia (FAO),,1983,11.751201
Asia (FAO),,1984,11.9546
Asia (FAO),,1985,10.495001
Asia (FAO),,1986,10.3697
Asia (FAO),,1987,10.3078
Asia (FAO),,1988,9.373401
Asia (FAO),,1989,10.232401
Asia (FAO),,1990,10.658901
Asia (FAO),,1991,10.8056
Asia (FAO),,1992,10.402
Asia (FAO),,1993,10.406701
Asia (FAO),,1994,10.170701
Asia (FAO),,1995,10.7071
Asia (FAO),,1996,10.128301
Asia (FAO),,1997,9.751101
Asia (FAO),,1998,11.2853
Asia (FAO),,1999,11.047201
Asia (FAO),,2000,11.1407
Asia (FAO),,2001,12.1267
Asia (FAO),,2002,11.4708
Asia (FAO),,2003,11.6641
Asia (FAO),,2004,12.565101
Asia (FAO),,2005,13.254801
Asia (FAO),,2006,13.3071
Asia (FAO),,2007,13.813601
Asia (FAO),,2008,14.024701
Asia (FAO),,2009,14.463301
Asia (FAO),,2010,14.5635
Asia (FAO),,2011,15.493501
Asia (FAO),,2012,15.3373
Asia (FAO),,2013,15.357701
Asia (FAO),,2014,14.2258005
Asia (FAO),,2015,17.6716
Asia (FAO),,2016,17.4115
Asia (FAO),,2017,18.6581
Asia (FAO),,2018,19.2457
Asia (FAO),,2019,18.520302
Asia (FAO),,2020,18.4095
Asia (FAO),,2021,19.2465
Asia (FAO),,2022,19.0951
Asia (FAO),,2023,19.9212
Asia (FAO),,2024,19.033302
Australia,AUS,1961,11.1173
Australia,AUS,1962,11.1173
Australia,AUS,1963,12.2786
Australia,AUS,1964,11.198501
Australia,AUS,1965,13.528401
Australia,AUS,1966,11.1583
Australia,AUS,1967,13.0388
Australia,AUS,1968,11.6689005
Australia,AUS,1969,13.555501
Australia,AUS,1970,12.0928
Australia,AUS,1971,16.705902
Australia,AUS,1972,15.316501
Australia,AUS,1973,18.818401
Australia,AUS,1974,17.0349
Australia,AUS,1975,19.1597
Australia,AUS,1976,20.425001
Australia,AUS,1977,17.870802
Australia,AUS,1978,19.483002
Australia,AUS,1979,19.921803
Australia,AUS,1980,20.210901
Australia,AUS,1981,20.6065
Australia,AUS,1982,17.750801
Australia,AUS,1983,18.8071
Australia,AUS,1984,17.4929
Australia,AUS,1985,19.0967
Australia,AUS,1986,21.4097
Australia,AUS,1987,20.9029
Australia,AUS,1988,19.8721
Australia,AUS,1989,16.0341
Australia,AUS,1990,19.332401
Australia,AUS,1991,17.6367
Australia,AUS,1992,17.7985
Australia,AUS,1993,22.582302
Australia,AUS,1994,20.6417
Australia,AUS,1995,19.228302
Australia,AUS,1996,16.373201
Australia,AUS,1997,19.073801
Australia,AUS,1998,18.5105
Australia,AUS,1999,17.016802
Australia,AUS,2000,18.887901
Australia,AUS,2001,22.925001
Australia,AUS,2002,20.7935
Australia,AUS,2003,23.9794
Australia,AUS,2004,18.210302
Australia,AUS,2005,22.6415
Australia,AUS,2006,20.2893
Australia,AUS,2007,19.7122
Australia,AUS,2008,18.603302
Australia,AUS,2009,18.301302
Australia,AUS,2010,19.370302
Australia,AUS,2011,19.6227
Australia,AUS,2012,19.4801
Australia,AUS,2013,19.450802
Australia,AUS,2014,19.5876
Australia,AUS,2015,19.5722
Australia,AUS,2016,19.6652
Australia,AUS,2017,19.6839
Australia,AUS,2018,19.673601
Australia,AUS,2019,19.699902
Australia,AUS,2020,19.7205
Australia,AUS,2021,19.693401
Australia,AUS,2022,19.633501
Australia,AUS,2023,19.626802
Australia,AUS,2024,19.6201
Australia and New Zealand (FAO),,1961,11.0276
Australia and New Zealand (FAO),,1962,11.017501
Australia and New Zealand (FAO),,1963,12.153701
Australia and New Zealand (FAO),,1964,11.085701
Australia and New Zealand (FAO),,1965,13.365601
Australia and New Zealand (FAO),,1966,11.0369005
Australia and New Zealand (FAO),,1967,12.8683
Australia and New Zealand (FAO),,1968,11.5568
Australia and New Zealand (FAO),,1969,13.377001
Australia and New Zealand (FAO),,1970,11.954801
Australia and New Zealand (FAO),,1971,16.455101
Australia and New Zealand (FAO),,1972,15.1063
Australia and New Zealand (FAO),,1973,18.576
Australia and New Zealand (FAO),,1974,16.815302
Australia and New Zealand (FAO),,1975,18.941301
Australia and New Zealand (FAO),,1976,20.082
Australia and New Zealand (FAO),,1977,17.593302
Australia and New Zealand (FAO),,1978,19.2539
Australia and New Zealand (FAO),,1979,19.6394
Australia and New Zealand (FAO),,1980,19.8896
Australia and New Zealand (FAO),,1981,20.249
Australia and New Zealand (FAO),,1982,17.478802
Australia and New Zealand (FAO),,1983,18.4782
Australia and New Zealand (FAO),,1984,17.264
Australia and New Zealand (FAO),,1985,18.851902
Australia and New Zealand (FAO),,1986,21.0132
Australia and New Zealand (FAO),,1987,20.610601
Australia and New Zealand (FAO),,1988,19.4801
Australia and New Zealand (FAO),,1989,16.020601
Australia and New Zealand (FAO),,1990,19.215
Australia and New Zealand (FAO),,1991,17.524
Australia and New Zealand (FAO),,1992,17.5891
Australia and New Zealand (FAO),,1993,22.7226
Australia and New Zealand (FAO),,1994,20.866402
Australia and New Zealand (FAO),,1995,19.461302
Australia and New Zealand (FAO),,1996,16.6326
Australia and New Zealand (FAO),,1997,19.2324
Australia and New Zealand (FAO),,1998,18.3857
Australia and New Zealand (FAO),,1999,16.870901
Australia and New Zealand (FAO),,2000,18.660501
Australia and New Zealand (FAO),,2001,22.673502
Australia and New Zealand (FAO),,2002,20.5932
Australia and New Zealand (FAO),,2003,23.626802
Australia and New Zealand (FAO),,2004,18.0545
Australia and New Zealand (FAO),,2005,22.4086
Australia and New Zealand (FAO),,2006,20.129501
Australia and New Zealand (FAO),,2007,19.523901
Australia and New Zealand (FAO),,2008,18.4187
Australia and New Zealand (FAO),,2009,18.1359
Australia and New Zealand (FAO),,2010,19.1781
Australia and New Zealand (FAO),,2011,19.3447
Australia and New Zealand (FAO),,2012,19.270302
Australia and New Zealand (FAO),,2013,19.2551
Australia and New Zealand (FAO),,2014,19.3456
Australia and New Zealand (FAO),,2015,19.339
Australia and New Zealand (FAO),,2016,19.4557
Australia and New Zealand (FAO),,2017,19.444101
Australia and New Zealand (FAO),,2018,19.445902
Australia and New Zealand (FAO),,2019,19.4351
Australia and New Zealand (FAO),,2020,19.471401
Australia and New Zealand (FAO),,2021,19.4955
Australia and New Zealand (FAO),,2022,19.4601
Australia and New Zealand (FAO),,2023,19.4624
Australia and New Zealand (FAO),,2024,19.466002
Azerbaijan,AZE,1992,8.2091
Azerbaijan,AZE,1993,7.2222004
Azerbaijan,AZE,1994,6.8037004
Azerbaijan,AZE,1995,6.9524
Azerbaijan,AZE,1996,8.6071005
Azerbaijan,AZE,1997,8.7468
Azerbaijan,AZE,1998,12.1806
Azerbaijan,AZE,1999,15.347201
Azerbaijan,AZE,2000,23.6
Azerbaijan,AZE,2001,26.2949
Azerbaijan,AZE,2002,25.337502
Azerbaijan,AZE,2003,25.869001
Azerbaijan,AZE,2004,18.745802
Azerbaijan,AZE,2005,18.705902
Azerbaijan,AZE,2006,17.3106
Azerbaijan,AZE,2007,16.5401
Azerbaijan,AZE,2008,12.1633005
Azerbaijan,AZE,2009,11.439401
Azerbaijan,AZE,2010,11.550701
Azerbaijan,AZE,2011,11.901401
Azerbaijan,AZE,2012,12.941201
Azerbaijan,AZE,2013,14.607501
Azerbaijan,AZE,2014,13.090901
Azerbaijan,AZE,2015,14.7536
Azerbaijan,AZE,2016,13.821001
Azerbaijan,AZE,2017,12.940801
Azerbaijan,AZE,2018,12.271201
Azerbaijan,AZE,2019,13.076301
Azerbaijan,AZE,2020,14.237901
Azerbaijan,AZE,2021,14.207901
Azerbaijan,AZE,2022,14.352701
Azerbaijan,AZE,2023,13.044701
Azerbaijan,AZE,2024,11.7918005
Bahamas,BHS,2010,22.701902
Bahamas,BHS,2011,22.7205
Bahamas,BHS,2012,22.739101
Bahamas,BHS,2013,22.7512
Bahamas,BHS,2014,22.754301
Bahamas,BHS,2015,22.7632
Bahamas,BHS,2016,22.7665
Bahamas,BHS,2017,22.768902
Bahamas,BHS,2018,22.771801
Bahamas,BHS,2019,22.775301
Bahamas,BHS,2020,22.7779
Bahamas,BHS,2021,22.782402
Bahamas,BHS,2022,22.781
Bahamas,BHS,2023,22.783901
Bahamas,BHS,2024,22.786901
Bangladesh,BGD,1961,4
Bangladesh,BGD,1962,4
Bangladesh,BGD,1963,4
Bangladesh,BGD,1964,4
Bangladesh,BGD,1965,4
Bangladesh,BGD,1966,4
Bangladesh,BGD,1967,4
Bangladesh,BGD,1968,4
Bangladesh,BGD,1969,4
Bangladesh,BGD,1970,4
Bangladesh,BGD,1971,4
Bangladesh,BGD,1972,4.1176004
Bangladesh,BGD,1973,4.3019
Bangladesh,BGD,1974,4.0164
Bangladesh,BGD,1975,3.8453002
Bangladesh,BGD,1976,3.8536003
Bangladesh,BGD,1977,3.8443003
Bangladesh,BGD,1978,3.1346002
Bangladesh,BGD,1979,3.0972002
Bangladesh,BGD,1980,3.1127
Bangladesh,BGD,1981,3.1192
Bangladesh,BGD,1982,2.523
Bangladesh,BGD,1983,2.8109
Bangladesh,BGD,1984,3.0283003
Bangladesh,BGD,1985,2.6592002
Bangladesh,BGD,1986,2.2552001
Bangladesh,BGD,1987,2.3987
Bangladesh,BGD,1988,2.2622
Bangladesh,BGD,1989,2.1935
Bangladesh,BGD,1990,2.2348
Bangladesh,BGD,1991,2.3788002
Bangladesh,BGD,1992,2.5095
Bangladesh,BGD,1993,2.3827
Bangladesh,BGD,1994,2.4740002
Bangladesh,BGD,1995,2.4375
Bangladesh,BGD,1996,2.4691002
Bangladesh,BGD,1997,2.4691002
Bangladesh,BGD,1998,2.4691002
Bangladesh,BGD,1999,2.4691002
Bangladesh,BGD,2000,2.4691002
Bangladesh,BGD,2001,2.4691002
Bangladesh,BGD,2002,2.4691002
Bangladesh,BGD,2003,2.4684
Bangladesh,BGD,2004,1.9841001
Bangladesh,BGD,2005,1.8945001
Bangladesh,BGD,2006,3.5294
Bangladesh,BGD,2007,5.1916003
Bangladesh,BGD,2008,4.2222004
Bangladesh,BGD,2009,5.5908003
Bangladesh,BGD,2010,8.1779
Bangladesh,BGD,2011,8.6899
Bangladesh,BGD,2012,8.580501
Bangladesh,BGD,2013,9.0976
Bangladesh,BGD,2014,7.5133
Bangladesh,BGD,2015,8.986401
Bangladesh,BGD,2016,7.4147005
Bangladesh,BGD,2017,7.8970003
Bangladesh,BGD,2018,6.5924
Bangladesh,BGD,2019,4.9533
Bangladesh,BGD,2020,4.1445003
Bangladesh,BGD,2021,4.8121004
Bangladesh,BGD,2022,4.0113
Bangladesh,BGD,2023,3.6636002
Bangladesh,BGD,2024,4.0101004
Belize,BLZ,1961,17.5
Belize,BLZ,1962,18.125
Belize,BLZ,1963,19.2422
Belize,BLZ,1964,17.3342
Belize,BLZ,1965,14.124901
Belize,BLZ,1966,14.970701
Belize,BLZ,1967,10.9919
Belize,BLZ,1968,11.1101
Belize,BLZ,1969,12.775201
Belize,BLZ,1970,8.4901
Belize,BLZ,1971,13.867801
Belize,BLZ,1972,13.252001
Belize,BLZ,1973,14.5571
Belize,BLZ,1974,15.865201
Belize,BLZ,1975,10.774
Belize,BLZ,1976,10.734401
Belize,BLZ,1977,10.7671
Belize,BLZ,1978,11.202001
Belize,BLZ,1979,11.594001
Belize,BLZ,1980,11.0126
Belize,BLZ,1981,10.9861
Belize,BLZ,1982,10.934401
Belize,BLZ,1983,11.775801
Belize,BLZ,1984,15.295001
Belize,BLZ,1985,14.193001
Belize,BLZ,1986,15.1885
Belize,BLZ,1987,16.2476
Belize,BLZ,1988,15.606001
Belize,BLZ,1989,6.084
Belize,BLZ,1990,5.4901004
Belize,BLZ,1991,2.9497
Belize,BLZ,1992,5.1234
Belize,BLZ,1993,5.8159003
Belize,BLZ,1994,10.225
Belize,BLZ,1995,9.4735
Belize,BLZ,1996,9.058801
Belize,BLZ,1997,9.3618
Belize,BLZ,1998,7.0081005
Belize,BLZ,1999,7.0950003
Belize,BLZ,2000,11.4096
Belize,BLZ,2001,13.005401
Belize,BLZ,2002,13.666301
Belize,BLZ,2003,12.860901
Belize,BLZ,2004,15.722701
Belize,BLZ,2005,20.779501
Belize,BLZ,2006,15.066201
Belize,BLZ,2007,13.3753
Belize,BLZ,2008,14.502701
Belize,BLZ,2009,14.729401
Belize,BLZ,2010,13.050701
Belize,BLZ,2011,11.4026
Belize,BLZ,2012,15.011701
Belize,BLZ,2013,10.1724
Belize,BLZ,2014,10.441701
Belize,BLZ,2015,10.824
Belize,BLZ,2016,9.6383
Belize,BLZ,2017,9.9482
Belize,BLZ,2018,7.3838
Belize,BLZ,2019,6.8914003
Belize,BLZ,2020,7.5488
Belize,BLZ,2021,7.1532006
Belize,BLZ,2022,7.8306003
Belize,BLZ,2023,1.8416001
Belize,BLZ,2024,2.1232
Benin,BEN,1961,7.2624
Benin,BEN,1962,6.9333
Benin,BEN,1963,7.0000005
Benin,BEN,1964,7.0000005
Benin,BEN,1965,5
Benin,BEN,1966,5
Benin,BEN,1967,5
Benin,BEN,1968,5
Benin,BEN,1969,5
Benin,BEN,1970,5
Benin,BEN,1971,4.7727003
Benin,BEN,1972,4.5652003
Benin,BEN,1973,4.7826004
Benin,BEN,1974,5
Benin,BEN,1975,5
Benin,BEN,1976,5
Benin,BEN,1977,4.8
Benin,BEN,1978,4.8
Benin,BEN,1979,4.8
Benin,BEN,1980,4.8
Benin,BEN,1981,4.8
Benin,BEN,1982,4.8
Benin,BEN,1983,4.8
Benin,BEN,1984,5
Benin,BEN,1985,4.8
Benin,BEN,1986,4.8
Benin,BEN,1987,4.8
Benin,BEN,1988,4.8
Benin,BEN,1989,4.8
Benin,BEN,1990,4.8802004
Benin,BEN,1991,6.6104
Benin,BEN,1992,6.4680004
Benin,BEN,1993,6.3257003
Benin,BEN,1994,6.1833
Benin,BEN,1995,6.0409
Benin,BEN,1996,5.8986006
Benin,BEN,1997,5.7562003
Benin,BEN,1998,5.6139
Benin,BEN,1999,5.4715004
Benin,BEN,2000,5.3292003
Benin,BEN,2001,5.1868
Benin,BEN,2002,5.0444
Benin,BEN,2003,4.9021006
Benin,BEN,2004,4.7378
Benin,BEN,2005,4.9602003
Benin,BEN,2006,4.8218
Benin,BEN,2007,4.9020004
Benin,BEN,2008,4.3391004
Benin,BEN,2009,4.0698004
Benin,BEN,2010,3.8063002
Benin,BEN,2011,3.5418003
Benin,BEN,2012,2.8000002
Benin,BEN,2013,2.308
Benin,BEN,2014,1.8163002
Benin,BEN,2015,2.4814
Benin,BEN,2016,2.2970002
Benin,BEN,2017,2.2183
Benin,BEN,2018,2.3888001
Benin,BEN,2019,2.3617
Benin,BEN,2020,2.3895001
Benin,BEN,2021,2.3799
Benin,BEN,2022,2.3771002
Benin,BEN,2023,2.3822
Benin,BEN,2024,2.3797
Bhutan,BTN,1961,4.0506
Bhutan,BTN,1962,4.0741005
Bhutan,BTN,1963,4.0476003
Bhutan,BTN,1964,4.0698004
Bhutan,BTN,1965,4.0909
Bhutan,BTN,1966,4.0217
Bhutan,BTN,1967,4.086
Bhutan,BTN,1968,4.0625
Bhutan,BTN,1969,4.0816
Bhutan,BTN,1970,4.1000004
Bhutan,BTN,1971,4.0777
Bhutan,BTN,1972,4.0566
Bhutan,BTN,1973,4.0741005
Bhutan,BTN,1974,4.0909
Bhutan,BTN,1975,4.0708003
Bhutan,BTN,1976,4.0517
Bhutan,BTN,1977,4.0678
Bhutan,BTN,1978,4.0984
Bhutan,BTN,1979,4.0976005
Bhutan,BTN,1980,4.0968
Bhutan,BTN,1981,4.129
Bhutan,BTN,1982,4.1231003
Bhutan,BTN,1983,4.1176004
Bhutan,BTN,1984,4.927
Bhutan,BTN,1985,4.3333
Bhutan,BTN,1986,4.1538
Bhutan,BTN,1987,6.6375003
Bhutan,BTN,1988,6.7500005
Bhutan,BTN,1989,6.6265
Bhutan,BTN,1990,6.8690004
Bhutan,BTN,1991,6.8296003
Bhutan,BTN,1992,6.8629003
Bhutan,BTN,1993,6.8639
Bhutan,BTN,1994,6.9276004
Bhutan,BTN,1995,6.9591002
Bhutan,BTN,1996,6.9903
Bhutan,BTN,1997,7.025
Bhutan,BTN,1998,7.0595
Bhutan,BTN,1999,7.0921006
Bhutan,BTN,2000,6.8182006
Bhutan,BTN,2001,7.2062006
Bhutan,BTN,2002,7.4600005
Bhutan,BTN,2003,7.3818
Bhutan,BTN,2004,6.6060004
Bhutan,BTN,2005,9.2861
Bhutan,BTN,2006,7.7439003
Bhutan,BTN,2007,7.8056006
Bhutan,BTN,2008,7.925
Bhutan,BTN,2009,8.811901
Bhutan,BTN,2010,9.0804
Bhutan,BTN,2011,8.397201
Bhutan,BTN,2012,8.376901
Bhutan,BTN,2013,8.393901
Bhutan,BTN,2014,8.398401
Bhutan,BTN,2015,8.540901
Bhutan,BTN,2016,8.4588
Bhutan,BTN,2017,8.976001
Bhutan,BTN,2018,8.4543
Bhutan,BTN,2019,7.9364004
Bhutan,BTN,2020,8.279401
Bhutan,BTN,2021,5.4722004
Bhutan,BTN,2022,7.1617007
Bhutan,BTN,2023,11.6321
Bhutan,BTN,2024,11.0353
Bolivia,BOL,1961,8.0769005
Bolivia,BOL,1962,7.9630003
Bolivia,BOL,1963,8.035701
Bolivia,BOL,1964,7.931
Bolivia,BOL,1965,8
Bolivia,BOL,1966,7.9516006
Bolivia,BOL,1967,7.9531007
Bolivia,BOL,1968,7.9545
Bolivia,BOL,1969,7.9661007
Bolivia,BOL,1970,7.9412007
Bolivia,BOL,1971,7.9452004
Bolivia,BOL,1972,8
Bolivia,BOL,1973,7.9474
Bolivia,BOL,1974,8.0413
Bolivia,BOL,1975,7.9821005
Bolivia,BOL,1976,7.9688
Bolivia,BOL,1977,8
Bolivia,BOL,1978,8.0069
Bolivia,BOL,1979,8.0184
Bolivia,BOL,1980,8.241301
Bolivia,BOL,1981,7.7952003
Bolivia,BOL,1982,8.797901
Bolivia,BOL,1983,8.6831
Bolivia,BOL,1984,3.6946003
Bolivia,BOL,1985,3.3693001
Bolivia,BOL,1986,3.4729002
Bolivia,BOL,1987,6.0000005
Bolivia,BOL,1988,6.5487003
Bolivia,BOL,1989,6.3048
Bolivia,BOL,1990,6.4267006
Bolivia,BOL,1991,6.6988
Bolivia,BOL,1992,6.6872005
Bolivia,BOL,1993,6.9213
Bolivia,BOL,1994,7.2186003
Bolivia,BOL,1995,6.9921002
Bolivia,BOL,1996,6.8214
Bolivia,BOL,1997,7.6626005
Bolivia,BOL,1998,7.1316004
Bolivia,BOL,1999,7.4532003
Bolivia,BOL,2000,7.6923003
Bolivia,BOL,2001,7.6946006
Bolivia,BOL,2002,7.3044004
Bolivia,BOL,2003,8.1558
Bolivia,BOL,2004,8.186101
Bolivia,BOL,2005,8.1868
Bolivia,BOL,2006,8.2633
Bolivia,BOL,2007,8.3107
Bolivia,BOL,2008,8.402401
Bolivia,BOL,2009,6.899
Bolivia,BOL,2010,7.0115004
Bolivia,BOL,2011,6.9659004
Bolivia,BOL,2012,6.5832005
Bolivia,BOL,2013,6.8544
Bolivia,BOL,2014,8.1194
Bolivia,BOL,2015,8.0221
Bolivia,BOL,2016,8.0954
Bolivia,BOL,2017,7.8760004
Bolivia,BOL,2018,8.245701
Bolivia,BOL,2019,8.322401
Bolivia,BOL,2020,8.348201
Bolivia,BOL,2021,8.2937
Bolivia,BOL,2022,8.2178
Bolivia,BOL,2023,8.0548
Bolivia,BOL,2024,8.190701
Bosnia and Herzegovina,BIH,1992,0.5
Bosnia and Herzegovina,BIH,1993,0.5
Bosnia and Herzegovina,BIH,1994,0.5556
Bosnia and Herzegovina,BIH,1995,0.5
Bosnia and Herzegovina,BIH,1996,0.5556
Bosnia and Herzegovina,BIH,1997,0.52750003
Bosnia and Herzegovina,BIH,1998,0.5385
Bosnia and Herzegovina,BIH,1999,0.51820004
Bosnia and Herzegovina,BIH,2000,0.51440006
Bosnia and Herzegovina,BIH,2001,0.5
Bosnia and Herzegovina,BIH,2002,0.5091
Bosnia and Herzegovina,BIH,2003,0.50710005
Bosnia and Herzegovina,BIH,2004,0.5087
Bosnia and Herzegovina,BIH,2005,0.5079
Bosnia and Herzegovina,BIH,2006,0.5073
Bosnia and Herzegovina,BIH,2007,0.50560004
Bosnia and Herzegovina,BIH,2008,0.50380003
Bosnia and Herzegovina,BIH,2009,0.50320005
Bosnia and Herzegovina,BIH,2010,0.48000002
Bosnia and Herzegovina,BIH,2011,0.49950004
Bosnia and Herzegovina,BIH,2012,0.4808
Bosnia and Herzegovina,BIH,2013,0.52000004
Bosnia and Herzegovina,BIH,2014,0.52000004
Bosnia and Herzegovina,BIH,2015,0.5073
Bosnia and Herzegovina,BIH,2016,0.5026
Bosnia and Herzegovina,BIH,2017,0.50200003
Bosnia and Herzegovina,BIH,2018,0.50100005
Bosnia and Herzegovina,BIH,2019,0.5004
Bosnia and Herzegovina,BIH,2020,0.4999
Bosnia and Herzegovina,BIH,2021,0.5003
Bosnia and Herzegovina,BIH,2022,0.50090003
Bosnia and Herzegovina,BIH,2023,0.50060004
Bosnia and Herzegovina,BIH,2024,0.50020003
Botswana,BWA,1961,3.0000002
Botswana,BWA,1962,3.0000002
Botswana,BWA,1963,3.0000002
Botswana,BWA,1964,3.0684001
Botswana,BWA,1965,3.0500002
Botswana,BWA,1966,3.0500002
Botswana,BWA,1967,3.0500002
Botswana,BWA,1968,3.0500002
Botswana,BWA,1969,3.1143003
Botswana,BWA,1970,3.1143003
Botswana,BWA,1971,3.1250002
Botswana,BWA,1972,3.1250002
Botswana,BWA,1973,3.1250002
Botswana,BWA,1974,3.1250002
Botswana,BWA,1975,3.3333
Botswana,BWA,1976,3.5000002
Botswana,BWA,1977,3.6364
Botswana,BWA,1978,3.7500002
Botswana,BWA,1979,3.7500002
Botswana,BWA,1980,3.7500002
Botswana,BWA,1981,3.7500002
Botswana,BWA,1982,3.8462002
Botswana,BWA,1983,3.8462002
Botswana,BWA,1984,3.8462002
Botswana,BWA,1985,3.8462002
Botswana,BWA,1986,3.8462002
Botswana,BWA,1987,3.8462002
Botswana,BWA,1988,3.8462002
Botswana,BWA,1989,3.8462002
Botswana,BWA,1990,4.0672
Botswana,BWA,1991,7.3266006
Botswana,BWA,1992,7.1029
Botswana,BWA,1993,6.8791003
Botswana,BWA,1994,6.6554003
Botswana,BWA,1995,6.4316006
Botswana,BWA,1996,5.3116
Botswana,BWA,1997,4.3266
Botswana,BWA,1998,3.6364
Botswana,BWA,1999,3.8462002
Botswana,BWA,2000,4
Botswana,BWA,2001,3.9740002
Botswana,BWA,2002,4.1209
Botswana,BWA,2003,4.2843
Botswana,BWA,2004,4.3899
Botswana,BWA,2005,4.6111
Botswana,BWA,2006,4.9085
Botswana,BWA,2007,5.3397
Botswana,BWA,2008,5.7935004
Botswana,BWA,2009,4.1667004
Botswana,BWA,2010,6.8616004
Botswana,BWA,2011,4.6154003
Botswana,BWA,2012,4.6154003
Botswana,BWA,2013,11.8323
Botswana,BWA,2014,13.584201
Botswana,BWA,2015,15.6126
Botswana,BWA,2016,15.004801
Botswana,BWA,2017,15.119701
Botswana,BWA,2018,19
Botswana,BWA,2019,11.442901
Botswana,BWA,2020,14.4918
Botswana,BWA,2021,14.321901
Botswana,BWA,2022,13.227401
Botswana,BWA,2023,13.985401
Botswana,BWA,2024,13.829301
Brazil,BRA,1961,14.835901
Brazil,BRA,1962,14.7103
Brazil,BRA,1963,15.183201
Brazil,BRA,1964,14.2911005
Brazil,BRA,1965,15.2108
Brazil,BRA,1966,14.231401
Brazil,BRA,1967,15.028501
Brazil,BRA,1968,15.6918
Brazil,BRA,1969,15.8246
Brazil,BRA,1970,15.341001
Brazil,BRA,1971,15.095401
Brazil,BRA,1972,15.975
Brazil,BRA,1973,10.9741
Brazil,BRA,1974,16.759401
Brazil,BRA,1975,15.658001
Brazil,BRA,1976,16.908401
Brazil,BRA,1977,16.9897
Brazil,BRA,1978,17.219501
Brazil,BRA,1979,17.7791
Brazil,BRA,1980,18.934101
Brazil,BRA,1981,19.7935
Brazil,BRA,1982,19.659101
Brazil,BRA,1983,18.761002
Brazil,BRA,1984,20.477901
Brazil,BRA,1985,21.437302
Brazil,BRA,1986,18.839802
Brazil,BRA,1987,20.2591
Brazil,BRA,1988,18.7119
Brazil,BRA,1989,20.1891
Brazil,BRA,1990,19.1901
Brazil,BRA,1991,19.255901
Brazil,BRA,1992,19.9072
Brazil,BRA,1993,23.4817
Brazil,BRA,1994,19.427902
Brazil,BRA,1995,23.163002
Brazil,BRA,1996,21.857801
Brazil,BRA,1997,23.3854
Brazil,BRA,1998,20.4702
Brazil,BRA,1999,22.2897
Brazil,BRA,2000,24.9062
Brazil,BRA,2001,20.593601
Brazil,BRA,2002,22.3572
Brazil,BRA,2003,20.235302
Brazil,BRA,2004,22.2464
Brazil,BRA,2005,22.1599
Brazil,BRA,2006,22.375301
Brazil,BRA,2007,22.752
Brazil,BRA,2008,22.158802
Brazil,BRA,2009,22.3797
Brazil,BRA,2010,23.3404
Brazil,BRA,2011,24.2399
Brazil,BRA,2012,24.688803
Brazil,BRA,2013,24.9922
Brazil,BRA,2014,24.882902
Brazil,BRA,2015,24.9747
Brazil,BRA,2016,26.440502
Brazil,BRA,2017,27.6375
Brazil,BRA,2018,28.577501
Brazil,BRA,2019,28.978302
Brazil,BRA,2020,29.204502
Brazil,BRA,2021,28.051102
Brazil,BRA,2022,29.7907
Brazil,BRA,2023,30.6594
Brazil,BRA,2024,27.7687
Brunei,BRN,1961,5
Brunei,BRN,1962,5
Brunei,BRN,1963,5
Brunei,BRN,1964,5
Brunei,BRN,1965,5
Brunei,BRN,1966,4.9778
Brunei,BRN,1967,5
Brunei,BRN,1968,5
Brunei,BRN,1969,5.0444
Brunei,BRN,1970,5
Brunei,BRN,1971,4.8455
Brunei,BRN,1972,5
Brunei,BRN,1973,4.75
Brunei,BRN,1974,5
Brunei,BRN,1975,5
Brunei,BRN,1976,5
Brunei,BRN,1977,5
Brunei,BRN,1978,5
Brunei,BRN,1979,5
Brunei,BRN,1980,5.2667003
Brunei,BRN,1981,5
Brunei,BRN,1982,5.2000003
Brunei,BRN,1983,5.0444
Brunei,BRN,1984,5
Brunei,BRN,1985,5.2000003
Brunei,BRN,1986,5
Brunei,BRN,1987,5
Brunei,BRN,1988,5.3333
Brunei,BRN,1989,5.3333
Brunei,BRN,1990,4.9276004
Brunei,BRN,1991,4.9521003
Brunei,BRN,1992,4.9766
Brunei,BRN,1993,4.9489
Brunei,BRN,1994,4.8830004
Brunei,BRN,1995,5
Brunei,BRN,1996,5.0875
Brunei,BRN,1997,5.1111
Brunei,BRN,1998,4.9633
Brunei,BRN,1999,4.8
Brunei,BRN,2000,4.8824
Brunei,BRN,2001,5
Brunei,BRN,2002,5.1852
Brunei,BRN,2003,5.346
Brunei,BRN,2004,5.5131
Brunei,BRN,2005,5.6864
Brunei,BRN,2006,5.8596005
Brunei,BRN,2007,6.0327005
Brunei,BRN,2008,6.2058
Brunei,BRN,2009,6.3788
Brunei,BRN,2010,6.5518003
Brunei,BRN,2011,6.7248
Brunei,BRN,2012,7.0000005
Brunei,BRN,2013,7.083
Brunei,BRN,2014,7.1937003
Brunei,BRN,2015,7.4630003
Brunei,BRN,2016,7.6244
Brunei,BRN,2017,7.7832007
Brunei,BRN,2018,7.9422007
Brunei,BRN,2019,8.1
Brunei,BRN,2020,7.9703
Brunei,BRN,2021,8.0723
Brunei,BRN,2022,8.2206
Brunei,BRN,2023,8.247001
Brunei,BRN,2024,8.3153
Burkina Faso,BFA,1977,4
Burkina Faso,BFA,1978,4
Burkina Faso,BFA,1979,4
Burkina Faso,BFA,1980,4
Burkina Faso,BFA,1981,4
Burkina Faso,BFA,1982,4
Burkina Faso,BFA,1983,4
Burkina Faso,BFA,1984,4.1667004
Burkina Faso,BFA,1985,4.1667004
Burkina Faso,BFA,1986,4.1667004
Burkina Faso,BFA,1987,4.1667004
Burkina Faso,BFA,1988,4.1667004
Burkina Faso,BFA,1989,4.1667004
Burkina Faso,BFA,1990,4.0721
Burkina Faso,BFA,1991,4.4681005
Burkina Faso,BFA,1992,4.4748
Burkina Faso,BFA,1993,4.4815
Burkina Faso,BFA,1994,4.4883
Burkina Faso,BFA,1995,4.4950004
Burkina Faso,BFA,1996,4.5017004
Burkina Faso,BFA,1997,4.5084
Burkina Faso,BFA,1998,4.5151005
Burkina Faso,BFA,1999,4.5218
Burkina Faso,BFA,2000,4.5285
Burkina Faso,BFA,2001,4.5353003
Burkina Faso,BFA,2002,4.5420003
Burkina Faso,BFA,2003,4.5548
Burkina Faso,BFA,2004,4.5731
Burkina Faso,BFA,2005,4.5833
Burkina Faso,BFA,2006,4.5455003
Burkina Faso,BFA,2007,4.5833
Burkina Faso,BFA,2008,4.578
Burkina Faso,BFA,2009,4.5846004
Burkina Faso,BFA,2010,4.5883
Burkina Faso,BFA,2011,4.5878
Burkina Faso,BFA,2012,4.6154003
Burkina Faso,BFA,2013,4.5185003
Burkina Faso,BFA,2014,4.5528
Burkina Faso,BFA,2015,4.5808
Burkina Faso,BFA,2016,4.5869
Burkina Faso,BFA,2017,4.5895004
Burkina Faso,BFA,2018,4.5906005
Burkina Faso,BFA,2019,4.592
Burkina Faso,BFA,2020,4.5929003
Burkina Faso,BFA,2021,4.5966005
Burkina Faso,BFA,2022,4.5941005
Burkina Faso,BFA,2023,4.5954003
Burkina Faso,BFA,2024,4.5967
Cambodia,KHM,1985,4.2353
Cambodia,KHM,1986,4.4706
Cambodia,KHM,1987,4.7059
Cambodia,KHM,1988,4.8235
Cambodia,KHM,1989,4.9412003
Cambodia,KHM,1990,5.1215
Cambodia,KHM,1991,5.7592006
Cambodia,KHM,1992,5.1111
Cambodia,KHM,1993,5.7815003
Cambodia,KHM,1994,5.8680005
Cambodia,KHM,1995,5.9543
Cambodia,KHM,1996,6.0536003
Cambodia,KHM,1997,6.5263
Cambodia,KHM,1998,6.3
Cambodia,KHM,1999,6.3
Cambodia,KHM,2000,6.3
Cambodia,KHM,2001,6.3
Cambodia,KHM,2002,6.1463003
Cambodia,KHM,2003,6.0000005
Cambodia,KHM,2004,6.0679
Cambodia,KHM,2005,6.0469003
Cambodia,KHM,2006,6.0226
Cambodia,KHM,2007,5.999
Cambodia,KHM,2008,5.8182006
Cambodia,KHM,2009,5.6522007
Cambodia,KHM,2010,5.8671002
Cambodia,KHM,2011,5.8349004
Cambodia,KHM,2012,5.7906003
Cambodia,KHM,2013,5.7622004
Cambodia,KHM,2014,5.7424
Cambodia,KHM,2015,5.6955004
Cambodia,KHM,2016,5.7069
Cambodia,KHM,2017,5.6749
Cambodia,KHM,2018,5.6406
Cambodia,KHM,2019,5.6394
Cambodia,KHM,2020,5.6626005
Cambodia,KHM,2021,5.6452003
Cambodia,KHM,2022,5.6206
Cambodia,KHM,2023,5.6049004
Cambodia,KHM,2024,5.5896006
Caribbean (FAO),,1961,26.816902
Caribbean (FAO),,1962,23.2211
Caribbean (FAO),,1963,24.025902
Caribbean (FAO),,1964,25.9521
Caribbean (FAO),,1965,25.1821
Caribbean (FAO),,1966,28.438803
Caribbean (FAO),,1967,26.8469
Caribbean (FAO),,1968,27.385302
Caribbean (FAO),,1969,28.963402
Caribbean (FAO),,1970,32.0591
Caribbean (FAO),,1971,28.7786
Caribbean (FAO),,1972,29.8267
Caribbean (FAO),,1973,48.9832
Caribbean (FAO),,1974,40.941605
Caribbean (FAO),,1975,42.4882
Caribbean (FAO),,1976,42.3408
Caribbean (FAO),,1977,46.789303
Caribbean (FAO),,1978,46.5814
Caribbean (FAO),,1979,55.9542
Caribbean (FAO),,1980,63.567104
Caribbean (FAO),,1981,65.2785
Caribbean (FAO),,1982,71.6862
Caribbean (FAO),,1983,81.90371
Caribbean (FAO),,1984,77.3613
Caribbean (FAO),,1985,8.3324
Caribbean (FAO),,1986,8.5751
Caribbean (FAO),,1987,8.8612
Caribbean (FAO),,1988,8.7416
Caribbean (FAO),,1989,8.5438
Caribbean (FAO),,1990,8.782801
Caribbean (FAO),,1991,7.2809005
Caribbean (FAO),,1992,6.8115005
Caribbean (FAO),,1993,6.512
Caribbean (FAO),,1994,5.6538
Caribbean (FAO),,1995,5.9422007
Caribbean (FAO),,1996,7.2895
Caribbean (FAO),,1997,9.7826
Caribbean (FAO),,1998,8.1453
Caribbean (FAO),,1999,10.091401
Caribbean (FAO),,2000,10.7416
Caribbean (FAO),,2001,12.553401
Caribbean (FAO),,2002,7.7622004
Caribbean (FAO),,2003,11.099701
Caribbean (FAO),,2004,12.497901
Caribbean (FAO),,2005,10.9196005
Caribbean (FAO),,2006,6.998
Caribbean (FAO),,2007,9.321
Caribbean (FAO),,2008,7.8420005
Caribbean (FAO),,2009,8.7192
Caribbean (FAO),,2010,8.322901
Caribbean (FAO),,2011,8.3199005
Caribbean (FAO),,2012,8.9941
Caribbean (FAO),,2013,8.9917
Caribbean (FAO),,2014,7.7259
Caribbean (FAO),,2015,7.5686007
Caribbean (FAO),,2016,5.5566006
Caribbean (FAO),,2017,5.5691004
Caribbean (FAO),,2018,5.7128
Caribbean (FAO),,2019,5.7116003
Caribbean (FAO),,2020,5.7542005
Caribbean (FAO),,2021,5.7783003
Caribbean (FAO),,2022,5.9152007
Caribbean (FAO),,2023,5.9033003
Caribbean (FAO),,2024,5.7932005
Central African Republic,CAF,1985,3.3500001
Central African Republic,CAF,1986,3.3750002
Central African Republic,CAF,1987,3.5000002
Central African Republic,CAF,1988,3.65
Central African Republic,CAF,1989,3.775
Central African Republic,CAF,1990,3.8254
Central African Republic,CAF,1991,4.0550003
Central African Republic,CAF,1992,4.0356
Central African Republic,CAF,1993,4.0476003
Central African Republic,CAF,1994,4.0909
Central African Republic,CAF,1995,4
Central African Republic,CAF,1996,4.0464
Central African Republic,CAF,1997,4.0741005
Central African Republic,CAF,1998,4.0646005
Central African Republic,CAF,1999,4.0351005
Central African Republic,CAF,2000,4.0678
Central African Republic,CAF,2001,4.0857
Central African Republic,CAF,2002,4.0741005
Central African Republic,CAF,2003,4
Central African Republic,CAF,2004,4.0834002
Central African Republic,CAF,2005,4.0385003
Central African Republic,CAF,2006,4.1142006
Central African Republic,CAF,2007,4.1244
Central African Republic,CAF,2008,4
Central African Republic,CAF,2009,4.1326003
Central African Republic,CAF,2010,4
Central African Republic,CAF,2011,4.3100004
Central African Republic,CAF,2012,5.0833
Central African Republic,CAF,2013,4.5788
Central African Republic,CAF,2014,4.4874
Central African Republic,CAF,2015,4.5605
Central African Republic,CAF,2016,4.5406003
Central African Republic,CAF,2017,4.5750003
Central African Republic,CAF,2018,4.6299
Central African Republic,CAF,2019,4.6730003
Central African Republic,CAF,2020,4.6967006
Central African Republic,CAF,2021,4.7245
Central African Republic,CAF,2022,4.6599
Central African Republic,CAF,2023,4.6698
Central African Republic,CAF,2024,4.671
Central America (FAO),,1961,10.297201
Central America (FAO),,1962,10.6546
Central America (FAO),,1963,10.459801
Central America (FAO),,1964,10.332401
Central America (FAO),,1965,14.134201
Central America (FAO),,1966,13.377501
Central America (FAO),,1967,12.2847
Central America (FAO),,1968,11.449
Central America (FAO),,1969,10.845201
Central America (FAO),,1970,8.1321
Central America (FAO),,1971,10.1499
Central America (FAO),,1972,10.2523
Central America (FAO),,1973,10.545501
Central America (FAO),,1974,8.978901
Central America (FAO),,1975,9.6906
Central America (FAO),,1976,10.8387
Central America (FAO),,1977,10.9106
Central America (FAO),,1978,11.316501
Central America (FAO),,1979,11.1371
Central America (FAO),,1980,10.485901
Central America (FAO),,1981,10.6773
Central America (FAO),,1982,11.8521
Central America (FAO),,1983,11.0996
Central America (FAO),,1984,10.839001
Central America (FAO),,1985,12.7276
Central America (FAO),,1986,13.210501
Central America (FAO),,1987,10.923401
Central America (FAO),,1988,12.230101
Central America (FAO),,1989,12.454901
Central America (FAO),,1990,11.7616005
Central America (FAO),,1991,11.8557005
Central America (FAO),,1992,10.901901
Central America (FAO),,1993,11.330901
Central America (FAO),,1994,11.6846
Central America (FAO),,1995,12.209801
Central America (FAO),,1996,11.886001
Central America (FAO),,1997,12.242801
Central America (FAO),,1998,10.56
Central America (FAO),,1999,10.7398
Central America (FAO),,2000,11.7353
Central America (FAO),,2001,12.3021
Central America (FAO),,2002,12.317
Central America (FAO),,2003,11.6443
Central America (FAO),,2004,12.204401
Central America (FAO),,2005,13.1703005
Central America (FAO),,2006,13.169201
Central America (FAO),,2007,12.9193
Central America (FAO),,2008,12.510901
Central America (FAO),,2009,12.962201
Central America (FAO),,2010,12.0146
Central America (FAO),,2011,11.780601
Central America (FAO),,2012,11.267401
Central America (FAO),,2013,12.772901
Central America (FAO),,2014,12.97
Central America (FAO),,2015,13.083
Central America (FAO),,2016,13.500701
Central America (FAO),,2017,13.232401
Central America (FAO),,2018,13.776501
Central America (FAO),,2019,13.436501
Central America (FAO),,2020,13.485001
Central America (FAO),,2021,12.6387005
Central America (FAO),,2022,13.6011
Central America (FAO),,2023,13.7228
Central America (FAO),,2024,13.442901
Central Asia (FAO),,1996,14.285701
Central Asia (FAO),,1997,16.6667
Central Asia (FAO),,1998,16.6667
Central Asia (FAO),,1999,11.1111
Central Asia (FAO),,2000,9.0909
Central Asia (FAO),,2001,6.2500005
Central Asia (FAO),,2002,7.5000005
Central Asia (FAO),,2003,5
Central Asia (FAO),,2004,7.5000005
Central Asia (FAO),,2005,7.5000005
Central Asia (FAO),,2006,11.250001
Central Asia (FAO),,2007,7.0000005
Central Asia (FAO),,2008,12.000001
Central Asia (FAO),,2009,10
Central Asia (FAO),,2010,11.000001
Central Asia (FAO),,2011,13.000001
Central Asia (FAO),,2012,16
Central Asia (FAO),,2013,15.454501
Central Asia (FAO),,2014,16.3636
Central Asia (FAO),,2015,15.680902
Central Asia (FAO),,2016,15.831501
Central Asia (FAO),,2017,15.597301
Central Asia (FAO),,2018,16.420801
Central Asia (FAO),,2019,15.2123
Central Asia (FAO),,2020,15.344001
Central Asia (FAO),,2021,15.4538
Central Asia (FAO),,2022,15.336701
Central Asia (FAO),,2023,15.2861
Central Asia (FAO),,2024,15.358601
Chile,CHL,1961,10.7143
Chile,CHL,1962,11.4286
Chile,CHL,1963,9.75
Chile,CHL,1964,10.2381
Chile,CHL,1965,10.476201
Chile,CHL,1966,10
Chile,CHL,1967,9.7561
Chile,CHL,1968,10.476201
Chile,CHL,1969,10
Chile,CHL,1970,10.2381
Chile,CHL,1971,10.2381
Chile,CHL,1972,10.2381
Chile,CHL,1973,10.0331
Chile,CHL,1974,10.2643
Chile,CHL,1975,10.445401
Chile,CHL,1976,10.148001
Chile,CHL,1977,11.1842
Chile,CHL,1978,10.9796
Chile,CHL,1979,11.3556
Chile,CHL,1980,11.2762
Chile,CHL,1981,10.597301
Chile,CHL,1982,11.306201
Chile,CHL,1983,11.147901
Chile,CHL,1984,11.6505
Chile,CHL,1985,11.9048
Chile,CHL,1986,12.190201
Chile,CHL,1987,13.276401
Chile,CHL,1988,14.9068
Chile,CHL,1989,15.789501
Chile,CHL,1990,15.9344015
Chile,CHL,1991,16.019402
Chile,CHL,1992,16.7197
Chile,CHL,1993,17.322802
Chile,CHL,1994,18.270802
Chile,CHL,1995,17.425001
Chile,CHL,1996,19.2485
Chile,CHL,1997,12.064701
Chile,CHL,1998,13.649901
Chile,CHL,1999,12.1597
Chile,CHL,2000,12.812
Chile,CHL,2001,12.9156
Chile,CHL,2002,15.894001
Chile,CHL,2003,16.305801
Chile,CHL,2004,17.9487
Chile,CHL,2005,17.0732
Chile,CHL,2006,18.048801
Chile,CHL,2007,18.2927
Chile,CHL,2008,17.9775
Chile,CHL,2009,18
Chile,CHL,2010,17.8462
Chile,CHL,2011,17.895401
Chile,CHL,2012,18.238302
Chile,CHL,2013,18.454601
Chile,CHL,2014,18.9321
Chile,CHL,2015,19.5562
Chile,CHL,2016,20.0419
Chile,CHL,2017,20.7961
Chile,CHL,2018,22.353401
Chile,CHL,2019,22.134602
Chile,CHL,2020,21.995401
Chile,CHL,2021,21.859701
Chile,CHL,2022,22.1865
Chile,CHL,2023,22.4097
Chile,CHL,2024,22.630001
China,CHN,1961,2.5625002
China,CHN,1962,2.8824
China,CHN,1963,2.4706001
China,CHN,1964,2.7619
China,CHN,1965,2.7727
China,CHN,1966,2.8696003
China,CHN,1967,2.72
China,CHN,1968,2.68
China,CHN,1969,2.64
China,CHN,1970,2.2308002
China,CHN,1971,2.4074001
China,CHN,1972,2.6429
China,CHN,1973,2.6071002
China,CHN,1974,2.7
China,CHN,1975,2.7
China,CHN,1976,2.2333002
China,CHN,1977,3.0968
China,CHN,1978,2.7879
China,CHN,1979,2.66
China,CHN,1980,3.0000002
China,CHN,1981,3.2
China,CHN,1982,3.2143002
China,CHN,1983,4.1467004
China,CHN,1984,4.2353
China,CHN,1985,3.8750002
China,CHN,1986,3.8012002
China,CHN,1987,3.7391002
China,CHN,1988,2.6812
China,CHN,1989,4.4512005
China,CHN,1990,4.5686
China,CHN,1991,5.9608
China,CHN,1992,4.7615004
China,CHN,1993,5.9630003
China,CHN,1994,6.2222004
China,CHN,1995,6.9792004
China,CHN,1996,7.0270004
China,CHN,1997,6.4725003
China,CHN,1998,4.6094003
China,CHN,1999,4.9213
China,CHN,2000,4.216
China,CHN,2001,5.3227005
China,CHN,2002,5.4574003
China,CHN,2003,6.2364
China,CHN,2004,6.4286003
China,CHN,2005,7.2774
China,CHN,2006,8.0193
China,CHN,2007,8.9103
China,CHN,2008,10.3603
China,CHN,2009,11.8411
China,CHN,2010,12.484401
China,CHN,2011,14.445401
China,CHN,2012,15.360201
China,CHN,2013,15.063901
China,CHN,2014,12.631101
China,CHN,2015,16.149601
China,CHN,2016,16.2273
China,CHN,2017,16.731401
China,CHN,2018,16.8146
China,CHN,2019,16.8252
China,CHN,2020,16.882801
China,CHN,2021,17.9221
China,CHN,2022,18.1762
China,CHN,2023,18.5442
China,CHN,2024,18.912302
China (FAO),,1961,2.6635
China (FAO),,1962,2.9942
China (FAO),,1963,2.6643002
China (FAO),,1964,2.8759
China (FAO),,1965,2.887
China (FAO),,1966,3.1129
China (FAO),,1967,3.0349
China (FAO),,1968,3.1994
China (FAO),,1969,3.2243001
China (FAO),,1970,3.1789
China (FAO),,1971,3.6662002
China (FAO),,1972,4.3250003
China (FAO),,1973,4.5332003
China (FAO),,1974,4.6343
China (FAO),,1975,4.5102005
China (FAO),,1976,4.3606005
China (FAO),,1977,4.8842006
China (FAO),,1978,4.5963
China (FAO),,1979,4.0666003
China (FAO),,1980,4.4509
China (FAO),,1981,4.2039003
China (FAO),,1982,4.4318
China (FAO),,1983,5.1775002
China (FAO),,1984,5.0860004
China (FAO),,1985,4.7126
China (FAO),,1986,4.3257003
China (FAO),,1987,4.5334
China (FAO),,1988,3.4926002
China (FAO),,1989,5.0566006
China (FAO),,1990,5.1081004
China (FAO),,1991,6.3903003
China (FAO),,1992,5.1508
China (FAO),,1993,6.2123003
China (FAO),,1994,6.4028
China (FAO),,1995,7.1747007
China (FAO),,1996,7.1894
China (FAO),,1997,6.6629004
China (FAO),,1998,4.9245005
China (FAO),,1999,5.2263002
China (FAO),,2000,4.5779
China (FAO),,2001,5.6717005
China (FAO),,2002,5.7941003
China (FAO),,2003,6.7388
China (FAO),,2004,6.8722005
China (FAO),,2005,7.6177006
China (FAO),,2006,8.426701
China (FAO),,2007,9.1763
China (FAO),,2008,10.757901
China (FAO),,2009,12.212201
China (FAO),,2010,12.7185
China (FAO),,2011,14.644901
China (FAO),,2012,15.5235
China (FAO),,2013,15.218501
China (FAO),,2014,12.782901
China (FAO),,2015,16.257301
China (FAO),,2016,16.317001
China (FAO),,2017,16.868101
China (FAO),,2018,16.9335
China (FAO),,2019,16.961
China (FAO),,2020,17.0074
China (FAO),,2021,17.9881
China (FAO),,2022,18.267302
China (FAO),,2023,18.626902
China (FAO),,2024,18.996101
Colombia,COL,1961,13.6
Colombia,COL,1962,14.1176
Colombia,COL,1963,14.4231
Colombia,COL,1964,14.717001
Colombia,COL,1965,14.8148
Colombia,COL,1966,15.000001
Colombia,COL,1967,15.370401
Colombia,COL,1968,15.818201
Colombia,COL,1969,15.892901
Colombia,COL,1970,15.964901
Colombia,COL,1971,16.0345
Colombia,COL,1972,16.101702
Colombia,COL,1973,16.393402
Colombia,COL,1974,16.6667
Colombia,COL,1975,16.768301
Colombia,COL,1976,17.6748
Colombia,COL,1977,17.761501
Colombia,COL,1978,17.7837
Colombia,COL,1979,17.9796
Colombia,COL,1980,18.1532
Colombia,COL,1981,19
Colombia,COL,1982,18.000301
Colombia,COL,1983,19.0017
Colombia,COL,1984,17.0671
Colombia,COL,1985,17.5567
Colombia,COL,1986,16.901701
Colombia,COL,1987,17.2702
Colombia,COL,1988,17.8243
Colombia,COL,1989,18.196001
Colombia,COL,1990,21.7268
Colombia,COL,1991,19.4596
Colombia,COL,1992,20.749601
Colombia,COL,1993,19.411802
Colombia,COL,1994,20.531301
Colombia,COL,1995,19.2
Colombia,COL,1996,19.198101
Colombia,COL,1997,16.5122
Colombia,COL,1998,13.043501
Colombia,COL,1999,13.591001
Colombia,COL,2000,11.550701
Colombia,COL,2001,8.02
Colombia,COL,2002,11.652301
Colombia,COL,2003,11.6948
Colombia,COL,2004,12.7348
Colombia,COL,2005,13.3898
Colombia,COL,2006,13.720301
Colombia,COL,2007,10.8741
Colombia,COL,2008,12.000001
Colombia,COL,2009,14.069501
Colombia,COL,2010,15.562401
Colombia,COL,2011,15.9623
Colombia,COL,2012,15.989701
Colombia,COL,2013,15.6658
Colombia,COL,2014,14.929201
Colombia,COL,2015,15.5299015
Colombia,COL,2016,15.156701
Colombia,COL,2017,16.2286
Colombia,COL,2018,16.932802
Colombia,COL,2019,17.0967
Colombia,COL,2020,15.633301
Colombia,COL,2021,15.082901
Colombia,COL,2022,15.849701
Colombia,COL,2023,16.251501
Colombia,COL,2024,15.9596
Congo,COG,1961,2.6667001
Congo,COG,1962,2.6667001
Congo,COG,1963,2.6667001
Congo,COG,1964,2.6667001
Congo,COG,1965,2.6667001
Congo,COG,1966,2.7500002
Congo,COG,1967,2.7500002
Congo,COG,1968,2.8750002
Congo,COG,1969,2.8750002
Congo,COG,1970,2.8235002
Congo,COG,1971,2.8235002
Congo,COG,1972,2.9412
Congo,COG,1973,3.0588002
Congo,COG,1974,3.0000002
Congo,COG,1975,3.1111002
Congo,COG,1976,3.1111002
Congo,COG,1977,3.2222002
Congo,COG,1978,3.1579
Congo,COG,1979,3.1579
Congo,COG,1980,3.1579
Congo,COG,1981,3.3333
Congo,COG,1982,3.3333
Congo,COG,1983,3.4118001
Congo,COG,1984,3.4118001
Congo,COG,1985,3.4118001
Congo,COG,1986,3.5625002
Congo,COG,1987,3.5625002
Congo,COG,1988,3.5625002
Congo,COG,1989,3.5000002
Congo,COG,1990,3.7770002
Congo,COG,1991,3.5963001
Congo,COG,1992,3.5907001
Congo,COG,1993,3.5895002
Congo,COG,1994,3.5714002
Congo,COG,1995,3.6004
Congo,COG,1996,3.6098003
Congo,COG,1997,3.6188002
Congo,COG,1998,3.6274002
Congo,COG,1999,3.6356003
Congo,COG,2000,3.6434002
Congo,COG,2001,3.6507
Congo,COG,2002,3.6959
Congo,COG,2003,3.6387
Congo,COG,2004,3.6618001
Congo,COG,2005,3.6719
Congo,COG,2006,3.6923003
Congo,COG,2007,3.7097
Congo,COG,2008,3.7051003
Congo,COG,2009,3.7145002
Congo,COG,2010,3.7186003
Congo,COG,2011,3.7271004
Congo,COG,2012,3.7356002
Congo,COG,2013,3.7441003
Congo,COG,2014,3.7497
Congo,COG,2015,3.7553003
Congo,COG,2016,3.7627
Congo,COG,2017,3.7696004
Congo,COG,2018,3.7765002
Congo,COG,2019,3.7836003
Congo,COG,2020,3.7901003
Congo,COG,2021,3.7960002
Congo,COG,2022,3.7999
Congo,COG,2023,3.805
Congo,COG,2024,3.8103
Cook Islands,COK,1961,10.505701
Cook Islands,COK,1962,8.571401
Cook Islands,COK,1963,9.1429
Cook Islands,COK,1964,9.593
Cook Islands,COK,1965,10.0865
Cook Islands,COK,1966,15.273801
Cook Islands,COK,1967,12.968301
Cook Islands,COK,1968,8.6455
Cook Islands,COK,1969,17.002901
Cook Islands,COK,1970,14.409201
Cook Islands,COK,1971,10.0865
Cook Islands,COK,1972,9.0541
Cook Islands,COK,1973,16.216202
Cook Islands,COK,1974,10.2941
Cook Islands,COK,1975,10.8571005
Cook Islands,COK,1976,7.7450004
Cook Islands,COK,1977,7.6211004
Cook Islands,COK,1978,6.0168
Cook Islands,COK,1979,6.01
Cook Islands,COK,1980,3.15
Cook Islands,COK,1981,6.6800003
Cook Islands,COK,1982,2.285
Cook Islands,COK,1983,20
Cook Islands,COK,1984,20
Cook Islands,COK,1985,20
Cook Islands,COK,1986,20
Cook Islands,COK,1987,20
Cook Islands,COK,1988,20
Cook Islands,COK,1989,20
Cook Islands,COK,1990,22.500002
Cook Islands,COK,1991,22.500002
Cook Islands,COK,1992,13.333301
Cook Islands,COK,1993,22.000002
Cook Islands,COK,1994,11.6667
Cook Islands,COK,1995,13.333301
Cook Islands,COK,1996,12.500001
Cook Islands,COK,1997,12.626301
Cook Islands,COK,1998,11.799401
Cook Islands,COK,1999,11.0528
Cook Islands,COK,2000,10.2995
Cook Islands,COK,2001,8.6667
Cook Islands,COK,2002,8.8745
Cook Islands,COK,2003,8.5
Cook Islands,COK,2004,7.6471004
Cook Islands,COK,2005,6.6667004
Cook Islands,COK,2006,6.7384005
Cook Islands,COK,2007,6.6667004
Cook Islands,COK,2008,6.0489
Cook Islands,COK,2009,6.1933002
Cook Islands,COK,2010,6.4212003
Cook Islands,COK,2011,6.2684
Cook Islands,COK,2012,6.0341005
Cook Islands,COK,2013,6.0786004
Cook Islands,COK,2014,5.2487006
Cook Islands,COK,2015,5.3016005
Cook Islands,COK,2016,5.7477007
Cook Islands,COK,2017,5.4833
Cook Islands,COK,2018,5.5692005
Cook Islands,COK,2019,5.6158
Cook Islands,COK,2020,5.5581
Cook Islands,COK,2021,5.5821004
Cook Islands,COK,2022,5.5861006
Cook Islands,COK,2023,5.5755005
Cook Islands,COK,2024,5.5813003
Costa Rica,CRI,1961,8
Costa Rica,CRI,1962,8
Costa Rica,CRI,1963,7.9623003
Costa Rica,CRI,1964,7.9636006
Costa Rica,CRI,1965,8
Costa Rica,CRI,1966,7.9355
Costa Rica,CRI,1967,8
Costa Rica,CRI,1968,7.971
Costa Rica,CRI,1969,8.0282
Costa Rica,CRI,1970,7.9865003
Costa Rica,CRI,1971,8
Costa Rica,CRI,1972,7.9487004
Costa Rica,CRI,1973,8
Costa Rica,CRI,1974,8.125
Costa Rica,CRI,1975,8.5
Costa Rica,CRI,1976,8.2353
Costa Rica,CRI,1977,8.2386
Costa Rica,CRI,1978,8.2222
Costa Rica,CRI,1979,8.2222
Costa Rica,CRI,1980,8.152201
Costa Rica,CRI,1981,8.172
Costa Rica,CRI,1982,9.625
Costa Rica,CRI,1983,9.8101
Costa Rica,CRI,1984,10.197401
Costa Rica,CRI,1985,10.6667
Costa Rica,CRI,1986,11.095901
Costa Rica,CRI,1987,11.6429
Costa Rica,CRI,1988,12.615401
Costa Rica,CRI,1989,12.104401
Costa Rica,CRI,1990,10.290001
Costa Rica,CRI,1991,10.179901
Costa Rica,CRI,1992,8.375
Costa Rica,CRI,1993,8.888901
Costa Rica,CRI,1994,5.8235
Costa Rica,CRI,1995,6.6667004
Costa Rica,CRI,1996,7.0213003
Costa Rica,CRI,1997,12.701401
Costa Rica,CRI,1998,13.1773
Costa Rica,CRI,1999,11.237901
Costa Rica,CRI,2000,16.0079
Costa Rica,CRI,2001,16.790901
Costa Rica,CRI,2002,14.115401
Costa Rica,CRI,2003,13.5926
Costa Rica,CRI,2004,17.8867
Costa Rica,CRI,2005,15.946001
Costa Rica,CRI,2006,19.513
Costa Rica,CRI,2007,16.960001
Costa Rica,CRI,2008,11.120001
Costa Rica,CRI,2009,20
Costa Rica,CRI,2010,10.080001
Costa Rica,CRI,2011,12.931201
Costa Rica,CRI,2012,13.333301
Costa Rica,CRI,2013,13.333301
Costa Rica,CRI,2014,10.0351
Costa Rica,CRI,2015,10.0351
Costa Rica,CRI,2016,10.037201
Costa Rica,CRI,2017,10.0375
Costa Rica,CRI,2018,21.594902
Costa Rica,CRI,2019,18.1376
Costa Rica,CRI,2020,26.630302
Costa Rica,CRI,2021,7.7920003
Costa Rica,CRI,2022,9.76
Costa Rica,CRI,2023,13.133901
Costa Rica,CRI,2024,14.470401
Cote d'Ivoire,CIV,1961,10
Cote d'Ivoire,CIV,1962,10
Cote d'Ivoire,CIV,1963,10
Cote d'Ivoire,CIV,1964,10
Cote d'Ivoire,CIV,1965,10
Cote d'Ivoire,CIV,1966,10
Cote d'Ivoire,CIV,1967,10
Cote d'Ivoire,CIV,1968,10
Cote d'Ivoire,CIV,1969,10
Cote d'Ivoire,CIV,1970,10
Cote d'Ivoire,CIV,1971,10
Cote d'Ivoire,CIV,1972,10
Cote d'Ivoire,CIV,1973,10
Cote d'Ivoire,CIV,1974,10
Cote d'Ivoire,CIV,1975,10
Cote d'Ivoire,CIV,1976,9
Cote d'Ivoire,CIV,1977,9
Cote d'Ivoire,CIV,1978,9
Cote d'Ivoire,CIV,1979,8.695701
Cote d'Ivoire,CIV,1980,8.400001
Cote d'Ivoire,CIV,1981,8.4615
Cote d'Ivoire,CIV,1982,8.888901
Cote d'Ivoire,CIV,1983,9.2593
Cote d'Ivoire,CIV,1984,9.4545
Cote d'Ivoire,CIV,1985,9.6429
Cote d'Ivoire,CIV,1986,9.655201
Cote d'Ivoire,CIV,1987,10
Cote d'Ivoire,CIV,1988,10.3704
Cote d'Ivoire,CIV,1989,10.7692
Cote d'Ivoire,CIV,1990,7.2656
Cote d'Ivoire,CIV,1991,10.3516
Cote d'Ivoire,CIV,1992,10.882001
Cote d'Ivoire,CIV,1993,10.5051
Cote d'Ivoire,CIV,1994,10.4761
Cote d'Ivoire,CIV,1995,10.606001
Cote d'Ivoire,CIV,1996,10.7349
Cote d'Ivoire,CIV,1997,11.1654005
Cote d'Ivoire,CIV,1998,11.004601
Cote d'Ivoire,CIV,1999,11.0808
Cote d'Ivoire,CIV,2000,11.169001
Cote d'Ivoire,CIV,2001,11.113701
Cote d'Ivoire,CIV,2002,11.4361
Cote d'Ivoire,CIV,2003,11.6013
Cote d'Ivoire,CIV,2004,11.774
Cote d'Ivoire,CIV,2005,11.951
Cote d'Ivoire,CIV,2006,12.320401
Cote d'Ivoire,CIV,2007,12.300301
Cote d'Ivoire,CIV,2008,12.338701
Cote d'Ivoire,CIV,2009,12.230101
Cote d'Ivoire,CIV,2010,12.343901
Cote d'Ivoire,CIV,2011,12.457701
Cote d'Ivoire,CIV,2012,12.571501
Cote d'Ivoire,CIV,2013,12.685201
Cote d'Ivoire,CIV,2014,12.772501
Cote d'Ivoire,CIV,2015,12.907901
Cote d'Ivoire,CIV,2016,12.347401
Cote d'Ivoire,CIV,2017,12.675901
Cote d'Ivoire,CIV,2018,12.843401
Cote d'Ivoire,CIV,2019,12.9201
Cote d'Ivoire,CIV,2020,12.9693
Cote d'Ivoire,CIV,2021,12.597
Cote d'Ivoire,CIV,2022,12.5808
Cote d'Ivoire,CIV,2023,12.511001
Cote d'Ivoire,CIV,2024,12.562701
Croatia,HRV,1992,3.1951003
Croatia,HRV,1993,3.177
Croatia,HRV,1994,3.1589
Croatia,HRV,1995,3.1409001
Croatia,HRV,1996,3.1778002
Croatia,HRV,1997,3.2222002
Croatia,HRV,1998,3.0784001
Croatia,HRV,1999,2.9720001
Croatia,HRV,2000,3.2484
Croatia,HRV,2001,3.8105001
Croatia,HRV,2002,3.2662
Croatia,HRV,2003,2.858
Croatia,HRV,2004,2.2740002
Croatia,HRV,2005,4.4154
Croatia,HRV,2006,3.8082001
Croatia,HRV,2007,3.3608003
Croatia,HRV,2008,2.6164
Croatia,HRV,2009,3.275
Croatia,HRV,2010,3.9608002
Croatia,HRV,2011,6.3
Croatia,HRV,2012,6.2558002
Croatia,HRV,2013,2.4576
Croatia,HRV,2014,3.4194
Croatia,HRV,2015,7.9688
Croatia,HRV,2016,16.103401
Croatia,HRV,2017,7.2083
Croatia,HRV,2018,12.333301
Croatia,HRV,2019,10.200001
Croatia,HRV,2020,8.75
Croatia,HRV,2021,13.750001
Croatia,HRV,2022,17
Croatia,HRV,2023,10.333301
Croatia,HRV,2024,11.000001
Cuba,CUB,1985,7.8152003
Cuba,CUB,1986,8.161301
Cuba,CUB,1987,8.2658
Cuba,CUB,1988,8.461901
Cuba,CUB,1989,8.1643
Cuba,CUB,1990,8.346201
Cuba,CUB,1991,7.0072007
Cuba,CUB,1992,6.1755004
Cuba,CUB,1993,5.6285005
Cuba,CUB,1994,4.0697002
Cuba,CUB,1995,4.4193
Cuba,CUB,1996,5.9241004
Cuba,CUB,1997,10.355201
Cuba,CUB,1998,7.8649
Cuba,CUB,1999,10.7298
Cuba,CUB,2000,11.364401
Cuba,CUB,2001,15.009901
Cuba,CUB,2002,6.8315005
Cuba,CUB,2003,11.420701
Cuba,CUB,2004,14.191901
Cuba,CUB,2005,12.681701
Cuba,CUB,2006,4.9500003
Cuba,CUB,2007,9.289801
Cuba,CUB,2008,6.543
Cuba,CUB,2009,8.18
Cuba,CUB,2010,6.8442006
Cuba,CUB,2011,6.4725003
Cuba,CUB,2012,6.9509
Cuba,CUB,2013,7.5842004
Cuba,CUB,2014,3.6071002
Cuba,CUB,2015,5.472
Cuba,CUB,2016,5.5348
Cuba,CUB,2017,4.8712006
Cuba,CUB,2018,4.6168
Cuba,CUB,2019,3.4303002
Cuba,CUB,2020,2.6256003
Cuba,CUB,2021,2.5778003
Cuba,CUB,2022,2.2565
Cuba,CUB,2023,0.6933
Cuba,CUB,2024,1.4772
Cyprus,CYP,1961,18.6774
Cyprus,CYP,1962,18.833302
Cyprus,CYP,1963,18.857101
Cyprus,CYP,1964,18.6774
Cyprus,CYP,1965,19.031301
Cyprus,CYP,1966,19.2857
Cyprus,CYP,1967,19.2889
Cyprus,CYP,1968,19.169802
Cyprus,CYP,1969,19.050001
Cyprus,CYP,1970,19.323902
Cyprus,CYP,1971,22.0811
Cyprus,CYP,1972,17.9895
Cyprus,CYP,1973,23.654001
Cyprus,CYP,1974,19.2967
Cyprus,CYP,1975,18.6958
Cyprus,CYP,1976,20.7407
Cyprus,CYP,1977,23.0776
Cyprus,CYP,1978,22.058
Cyprus,CYP,1979,21.229
Cyprus,CYP,1980,18.120802
Cyprus,CYP,1981,23.0125
Cyprus,CYP,1982,23.9092
Cyprus,CYP,1983,22.481
Cyprus,CYP,1984,27.229002
Cyprus,CYP,1985,24.2926
Cyprus,CYP,1986,20.909601
Cyprus,CYP,1987,26.2887
Cyprus,CYP,1988,19.802
Cyprus,CYP,1989,24.3902
Cyprus,CYP,1990,28.636402
Cyprus,CYP,1991,22.9167
Cyprus,CYP,1992,24.000002
Cyprus,CYP,1993,23.000002
Cyprus,CYP,1994,20.264301
Cyprus,CYP,1995,25.000002
Cyprus,CYP,1996,23.863602
Cyprus,CYP,1997,22.8094
Cyprus,CYP,1998,21.1905
Cyprus,CYP,1999,25.142902
Cyprus,CYP,2000,22.010302
Cyprus,CYP,2001,19.2105
Cyprus,CYP,2002,23.5751
Cyprus,CYP,2003,15.089001
Cyprus,CYP,2004,14.770301
Cyprus,CYP,2005,16.1726
Cyprus,CYP,2006,16.0027
Cyprus,CYP,2007,16.0004
Cyprus,CYP,2008,15.6393
Cyprus,CYP,2009,19.0072
Cyprus,CYP,2010,26.974302
Cyprus,CYP,2011,29.353302
Cyprus,CYP,2012,24.174501
Cyprus,CYP,2013,28.5842
Cyprus,CYP,2014,26.970001
Cyprus,CYP,2015,26.970402
Cyprus,CYP,2016,20.4239
Cyprus,CYP,2017,18.507301
Cyprus,CYP,2018,15.9286
Cyprus,CYP,2019,15.6111
Cyprus,CYP,2020,14.4016
Cyprus,CYP,2021,13.575001
Cyprus,CYP,2022,13.6538
Cyprus,CYP,2023,12.619801
Cyprus,CYP,2024,13.0325
Democratic Republic of Congo,COD,1961,14.583301
Democratic Republic of Congo,COD,1962,14.6575
Democratic Republic of Congo,COD,1963,14.729701
Democratic Republic of Congo,COD,1964,14.800001
Democratic Republic of Congo,COD,1965,14.868402
Democratic Republic of Congo,COD,1966,14.935101
Democratic Republic of Congo,COD,1967,15.000001
Democratic Republic of Congo,COD,1968,15.000001
Democratic Republic of Congo,COD,1969,15.243901
Democratic Republic of Congo,COD,1970,15.518101
Democratic Republic of Congo,COD,1971,14.9405
Democratic Republic of Congo,COD,1972,16.2024
Democratic Republic of Congo,COD,1973,16.3256
Democratic Republic of Congo,COD,1974,15.7143
Democratic Republic of Congo,COD,1975,15.5376005
Democratic Republic of Congo,COD,1976,15.648901
Democratic Republic of Congo,COD,1977,16.847101
Democratic Republic of Congo,COD,1978,16.964302
Democratic Republic of Congo,COD,1979,17.1951
Democratic Republic of Congo,COD,1980,17.284
Democratic Republic of Congo,COD,1981,16.705902
Democratic Republic of Congo,COD,1982,16.5517
Democratic Republic of Congo,COD,1983,16.5909
Democratic Republic of Congo,COD,1984,16.4444
Democratic Republic of Congo,COD,1985,15.000001
Democratic Republic of Congo,COD,1986,14.545501
Democratic Republic of Congo,COD,1987,14.7826
Democratic Republic of Congo,COD,1988,15.000001
Democratic Republic of Congo,COD,1989,14.9606
Democratic Republic of Congo,COD,1990,14.8148
Democratic Republic of Congo,COD,1991,15.005001
Democratic Republic of Congo,COD,1992,15.004001
Democratic Republic of Congo,COD,1993,15.0106
Democratic Republic of Congo,COD,1994,15.029301
Democratic Republic of Congo,COD,1995,14.969201
Democratic Republic of Congo,COD,1996,14.979501
Democratic Republic of Congo,COD,1997,15.3395
Democratic Republic of Congo,COD,1998,15.340401
Democratic Republic of Congo,COD,1999,15.360001
Democratic Republic of Congo,COD,2000,15.340001
Democratic Republic of Congo,COD,2001,15.340401
Democratic Republic of Congo,COD,2002,15.341201
Democratic Republic of Congo,COD,2003,15.340401
Democratic Republic of Congo,COD,2004,15.3395
Democratic Republic of Congo,COD,2005,15.340001
Democratic Republic of Congo,COD,2006,15.340401
Democratic Republic of Congo,COD,2007,15.058301
Democratic Republic of Congo,COD,2008,15.340001
Democratic Republic of Congo,COD,2009,15.340401
Democratic Republic of Congo,COD,2010,15.340901
Democratic Republic of Congo,COD,2011,15.362201
Democratic Republic of Congo,COD,2012,15.383401
Democratic Republic of Congo,COD,2013,15.3766
Democratic Republic of Congo,COD,2014,15.3795
Democratic Republic of Congo,COD,2015,15.390701
Democratic Republic of Congo,COD,2016,15.392301
Democratic Republic of Congo,COD,2017,15.3935
Democratic Republic of Congo,COD,2018,15.395101
Democratic Republic of Congo,COD,2019,15.413201
Democratic Republic of Congo,COD,2020,15.428401
Democratic Republic of Congo,COD,2021,15.445101
Democratic Republic of Congo,COD,2022,15.4441
Democratic Republic of Congo,COD,2023,15.450901
Democratic Republic of Congo,COD,2024,15.457801
Djibouti,DJI,1991,8.3732
Djibouti,DJI,1992,8
Djibouti,DJI,1993,8
Djibouti,DJI,1994,8
Djibouti,DJI,1995,7.5000005
Djibouti,DJI,1996,7.5000005
Djibouti,DJI,1997,7.5000005
Djibouti,DJI,1998,7.5000005
Djibouti,DJI,1999,7.2465005
Djibouti,DJI,2000,7.5000005
Djibouti,DJI,2001,7.5000005
Djibouti,DJI,2002,7.6006002
Djibouti,DJI,2003,7.5000005
Djibouti,DJI,2004,7.8382006
Djibouti,DJI,2005,7.5000005
Djibouti,DJI,2006,7.5000005
Djibouti,DJI,2007,7.5000005
Djibouti,DJI,2008,8.4708
Djibouti,DJI,2009,7.2916
Djibouti,DJI,2010,7.7322006
Djibouti,DJI,2011,8.1878
Djibouti,DJI,2012,8.333301
Djibouti,DJI,2013,7.5002007
Djibouti,DJI,2014,7.4755006
Djibouti,DJI,2015,7.8151007
Djibouti,DJI,2016,8.037101
Djibouti,DJI,2017,8.1531
Djibouti,DJI,2018,7.9944005
Djibouti,DJI,2019,7.9362006
Djibouti,DJI,2020,7.9347005
Djibouti,DJI,2021,7.9850006
Djibouti,DJI,2022,8.0263
Djibouti,DJI,2023,8.0459
Djibouti,DJI,2024,8.0655
Dominica,DMA,1985,5.5000005
Dominica,DMA,1986,7.3186007
Dominica,DMA,1987,7.1429005
Dominica,DMA,1988,8.2471
Dominica,DMA,1989,6.5943003
Dominica,DMA,1990,6.3700004
Dominica,DMA,1991,6.5031004
Dominica,DMA,1992,6.5064
Dominica,DMA,1993,6.5168
Dominica,DMA,1994,6.5517006
Dominica,DMA,1995,6.4776006
Dominica,DMA,1996,6.6291003
Dominica,DMA,1997,6.4115005
Dominica,DMA,1998,6.4681005
Dominica,DMA,1999,6.4481006
Dominica,DMA,2000,6.4285
Dominica,DMA,2001,6.4095
Dominica,DMA,2002,6.3913
Dominica,DMA,2003,6.374
Dominica,DMA,2004,6.3574004
Dominica,DMA,2005,6.3415003
Dominica,DMA,2006,6.3262005
Dominica,DMA,2007,6.3121004
Dominica,DMA,2008,6.2043
Dominica,DMA,2009,6.4626
Dominica,DMA,2010,6.4662004
Dominica,DMA,2011,6.4702005
Dominica,DMA,2012,6.4744
Dominica,DMA,2013,6.4786005
Dominica,DMA,2014,6.4829
Dominica,DMA,2015,6.4870005
Dominica,DMA,2016,6.491
Dominica,DMA,2017,6.4947004
Dominica,DMA,2018,6.4908
Dominica,DMA,2019,6.4894004
Dominica,DMA,2020,6.4916005
Dominica,DMA,2021,6.4906006
Dominica,DMA,2022,6.4905005
Dominica,DMA,2023,6.4909
Dominica,DMA,2024,6.4907007
Dominican Republic,DOM,1985,12.9921
Dominican Republic,DOM,1986,13.218301
Dominican Republic,DOM,1987,12.4715
Dominican Republic,DOM,1988,12.546201
Dominican Republic,DOM,1989,12.621301
Dominican Republic,DOM,1990,12.848101
Dominican Republic,DOM,1991,12.8738
Dominican Republic,DOM,1992,13.5311
Dominican Republic,DOM,1993,14.1548
Dominican Republic,DOM,1994,14.061501
Dominican Republic,DOM,1995,14.092201
Dominican Republic,DOM,1996,13.931601
Dominican Republic,DOM,1997,11.234
Dominican Republic,DOM,1998,9.8199005
Dominican Republic,DOM,1999,14.3395
Dominican Republic,DOM,2000,14.586401
Dominican Republic,DOM,2001,13.678801
Dominican Republic,DOM,2002,13.198701
Dominican Republic,DOM,2003,17.946802
Dominican Republic,DOM,2004,20.1727
Dominican Republic,DOM,2005,14.358001
Dominican Republic,DOM,2006,16.5112
Dominican Republic,DOM,2007,15.067201
Dominican Republic,DOM,2008,15.953701
Dominican Republic,DOM,2009,15.9371
Dominican Republic,DOM,2010,16.6713
Dominican Republic,DOM,2011,16.4125
Dominican Republic,DOM,2012,17.5445
Dominican Republic,DOM,2013,18.4057
Dominican Republic,DOM,2014,18.0785
Dominican Republic,DOM,2015,16.196201
Dominican Republic,DOM,2016,5.479
Dominican Republic,DOM,2017,5.5325003
Dominican Republic,DOM,2018,5.5966005
Dominican Republic,DOM,2019,5.6238003
Dominican Republic,DOM,2020,5.5335
Dominican Republic,DOM,2021,5.5831003
Dominican Republic,DOM,2022,5.8368
Dominican Republic,DOM,2023,6.0069003
Dominican Republic,DOM,2024,6.1179004
East Timor,TLS,1993,2.4253001
East Timor,TLS,1994,10.092401
East Timor,TLS,1995,10.8413
East Timor,TLS,1996,13.1505
East Timor,TLS,1997,14.274501
East Timor,TLS,1998,8.9783
East Timor,TLS,1999,5.2500005
East Timor,TLS,2000,5
East Timor,TLS,2001,5.7143
East Timor,TLS,2002,6.6667004
East Timor,TLS,2003,7.4673
East Timor,TLS,2004,7.9885006
East Timor,TLS,2005,7.9458003
East Timor,TLS,2006,8.398201
East Timor,TLS,2007,8.5356
East Timor,TLS,2008,8.851201
East Timor,TLS,2009,8.842901
East Timor,TLS,2010,8.6615
East Timor,TLS,2011,8.4991
East Timor,TLS,2012,8.586801
East Timor,TLS,2013,8.659401
East Timor,TLS,2014,8.646701
East Timor,TLS,2015,8.5846
East Timor,TLS,2016,8.6287
East Timor,TLS,2017,8.6296
East Timor,TLS,2018,8.603401
East Timor,TLS,2019,8.5651
East Timor,TLS,2020,8.5507
East Timor,TLS,2021,8.5727005
East Timor,TLS,2022,8.5628
East Timor,TLS,2023,8.562
East Timor,TLS,2024,8.565801
Eastern Africa (FAO),,1961,3.676
Eastern Africa (FAO),,1962,3.7986002
Eastern Africa (FAO),,1963,3.7071004
Eastern Africa (FAO),,1964,3.7947001
Eastern Africa (FAO),,1965,3.7907002
Eastern Africa (FAO),,1966,3.7738001
Eastern Africa (FAO),,1967,3.5909002
Eastern Africa (FAO),,1968,4.1171002
Eastern Africa (FAO),,1969,4.5236
Eastern Africa (FAO),,1970,4.7925
Eastern Africa (FAO),,1971,4.4279003
Eastern Africa (FAO),,1972,5.2190003
Eastern Africa (FAO),,1973,5.1567006
Eastern Africa (FAO),,1974,5.3057003
Eastern Africa (FAO),,1975,5.3824
Eastern Africa (FAO),,1976,4.2846003
Eastern Africa (FAO),,1977,4.6961
Eastern Africa (FAO),,1978,4.4772005
Eastern Africa (FAO),,1979,4.8833
Eastern Africa (FAO),,1980,4.8922005
Eastern Africa (FAO),,1981,5.1213
Eastern Africa (FAO),,1982,4.9691005
Eastern Africa (FAO),,1983,4.9667006
Eastern Africa (FAO),,1984,4.9976006
Eastern Africa (FAO),,1985,5.0827003
Eastern Africa (FAO),,1986,5.3252006
Eastern Africa (FAO),,1987,5.3700004
Eastern Africa (FAO),,1988,5.5931005
Eastern Africa (FAO),,1989,5.386
Eastern Africa (FAO),,1990,5.2776003
Eastern Africa (FAO),,1991,5.0051003
Eastern Africa (FAO),,1992,5.2496004
Eastern Africa (FAO),,1993,5.5814004
Eastern Africa (FAO),,1994,5.5909
Eastern Africa (FAO),,1995,5.6901
Eastern Africa (FAO),,1996,5.3282003
Eastern Africa (FAO),,1997,5.4822006
Eastern Africa (FAO),,1998,5.4292006
Eastern Africa (FAO),,1999,5.5139003
Eastern Africa (FAO),,2000,5.7748003
Eastern Africa (FAO),,2001,5.8420005
Eastern Africa (FAO),,2002,5.9481006
Eastern Africa (FAO),,2003,6.3044
Eastern Africa (FAO),,2004,6.5159
Eastern Africa (FAO),,2005,7.4613004
Eastern Africa (FAO),,2006,7.496701
Eastern Africa (FAO),,2007,7.7852006
Eastern Africa (FAO),,2008,8.9645
Eastern Africa (FAO),,2009,9.0865
Eastern Africa (FAO),,2010,9.7523
Eastern Africa (FAO),,2011,9.591901
Eastern Africa (FAO),,2012,9.6457
Eastern Africa (FAO),,2013,10.124201
Eastern Africa (FAO),,2014,11.060101
Eastern Africa (FAO),,2015,11.119801
Eastern Africa (FAO),,2016,11.010301
Eastern Africa (FAO),,2017,11.000001
Eastern Africa (FAO),,2018,10.545701
Eastern Africa (FAO),,2019,10.620501
Eastern Africa (FAO),,2020,11.1953
Eastern Africa (FAO),,2021,11.143901
Eastern Africa (FAO),,2022,11.7581005
Eastern Africa (FAO),,2023,12.049701
Eastern Africa (FAO),,2024,11.965301
Eastern Asia (FAO),,1961,7.9835005
Eastern Asia (FAO),,1962,7.7668004
Eastern Asia (FAO),,1963,5.8981004
Eastern Asia (FAO),,1964,7.4053
Eastern Asia (FAO),,1965,7.8176003
Eastern Asia (FAO),,1966,7.8704004
Eastern Asia (FAO),,1967,7.2755003
Eastern Asia (FAO),,1968,7.5473003
Eastern Asia (FAO),,1969,9.480801
Eastern Asia (FAO),,1970,7.3376
Eastern Asia (FAO),,1971,9.2447
Eastern Asia (FAO),,1972,8.472301
Eastern Asia (FAO),,1973,10.505501
Eastern Asia (FAO),,1974,9.123701
Eastern Asia (FAO),,1975,10.154301
Eastern Asia (FAO),,1976,9.5796
Eastern Asia (FAO),,1977,8.465301
Eastern Asia (FAO),,1978,9.3577
Eastern Asia (FAO),,1979,7.8449
Eastern Asia (FAO),,1980,8.229701
Eastern Asia (FAO),,1981,6.6129003
Eastern Asia (FAO),,1982,7.3212004
Eastern Asia (FAO),,1983,8.144401
Eastern Asia (FAO),,1984,7.6547008
Eastern Asia (FAO),,1985,6.4752007
Eastern Asia (FAO),,1986,5.7891
Eastern Asia (FAO),,1987,5.7240005
Eastern Asia (FAO),,1988,4.3918
Eastern Asia (FAO),,1989,5.7459
Eastern Asia (FAO),,1990,5.6718
Eastern Asia (FAO),,1991,6.8496003
Eastern Asia (FAO),,1992,5.6621003
Eastern Asia (FAO),,1993,6.5650005
Eastern Asia (FAO),,1994,6.7078
Eastern Asia (FAO),,1995,7.4347005
Eastern Asia (FAO),,1996,7.4148
Eastern Asia (FAO),,1997,6.9328003
Eastern Asia (FAO),,1998,5.2944
Eastern Asia (FAO),,1999,5.5070004
Eastern Asia (FAO),,2000,4.8697004
Eastern Asia (FAO),,2001,5.9458003
Eastern Asia (FAO),,2002,6.03
Eastern Asia (FAO),,2003,6.9230003
Eastern Asia (FAO),,2004,7.0331006
Eastern Asia (FAO),,2005,7.726701
Eastern Asia (FAO),,2006,8.5067005
Eastern Asia (FAO),,2007,9.238001
Eastern Asia (FAO),,2008,10.800401
Eastern Asia (FAO),,2009,12.2373
Eastern Asia (FAO),,2010,12.732501
Eastern Asia (FAO),,2011,14.6338005
Eastern Asia (FAO),,2012,15.502701
Eastern Asia (FAO),,2013,15.199501
Eastern Asia (FAO),,2014,12.778901
Eastern Asia (FAO),,2015,16.235
Eastern Asia (FAO),,2016,16.2948
Eastern Asia (FAO),,2017,16.843
Eastern Asia (FAO),,2018,16.906801
Eastern Asia (FAO),,2019,16.933302
Eastern Asia (FAO),,2020,16.9786
Eastern Asia (FAO),,2021,17.9521
Eastern Asia (FAO),,2022,18.229502
Eastern Asia (FAO),,2023,18.586401
Eastern Asia (FAO),,2024,18.952501
Eastern Europe (FAO),,1961,5.5556
Eastern Europe (FAO),,1962,6.2222004
Eastern Europe (FAO),,1963,7.0676003
Eastern Europe (FAO),,1964,2.1176002
Eastern Europe (FAO),,1965,4.8714004
Eastern Europe (FAO),,1966,7.1429005
Eastern Europe (FAO),,1967,5
Eastern Europe (FAO),,1968,4.7143
Eastern Europe (FAO),,1969,6.0000005
Eastern Europe (FAO),,1970,17.538502
Eastern Europe (FAO),,1971,4.75
Eastern Europe (FAO),,1972,6.5000005
Eastern Europe (FAO),,1973,6.7500005
Eastern Europe (FAO),,1974,13.5556
Eastern Europe (FAO),,1975,16.0417
Eastern Europe (FAO),,1976,12.8
Eastern Europe (FAO),,1977,22.6
Eastern Europe (FAO),,1978,17.727303
Eastern Europe (FAO),,1979,33
Eastern Europe (FAO),,1980,12.500001
Eastern Europe (FAO),,1981,24.320002
Eastern Europe (FAO),,1982,21.6667
Eastern Europe (FAO),,1983,28.439701
Eastern Europe (FAO),,1984,18.3938
Eastern Europe (FAO),,1985,7.5789003
Eastern Europe (FAO),,1986,18.1921
Eastern Europe (FAO),,1987,10.3955
Eastern Europe (FAO),,1988,24.8889
Eastern Europe (FAO),,1989,5.6989
Eastern Europe (FAO),,1990,15.956301
Eastern Europe (FAO),,1991,13.888901
Eastern Europe (FAO),,2004,2.2
Eastern Europe (FAO),,2005,3.5000002
Eastern Europe (FAO),,2006,3.8000002
Eastern Europe (FAO),,2007,2.7
Eastern Europe (FAO),,2008,1.7500001
Eastern Europe (FAO),,2009,0.84510005
Eastern Europe (FAO),,2010,4.1935
Eastern Europe (FAO),,2011,3.3333
Eastern Europe (FAO),,2012,3.4839
Eastern Europe (FAO),,2013,3.6333003
Eastern Europe (FAO),,2014,3.3235002
Eastern Europe (FAO),,2015,3.2440002
Eastern Europe (FAO),,2016,3.1000001
Eastern Europe (FAO),,2017,4.21
Eastern Europe (FAO),,2018,3.9524002
Eastern Europe (FAO),,2019,3.7500002
Eastern Europe (FAO),,2020,3.1714
Eastern Europe (FAO),,2021,3.6200001
Eastern Europe (FAO),,2022,3.2088003
Eastern Europe (FAO),,2023,3.4642
Eastern Europe (FAO),,2024,3.6322002
Ecuador,ECU,1961,23.1615
Ecuador,ECU,1962,22.953001
Ecuador,ECU,1963,24.319902
Ecuador,ECU,1964,22.3071
Ecuador,ECU,1965,22.377802
Ecuador,ECU,1966,20.8374
Ecuador,ECU,1967,23.785803
Ecuador,ECU,1968,17.0393
Ecuador,ECU,1969,17.3461
Ecuador,ECU,1970,16.791601
Ecuador,ECU,1971,16.6088
Ecuador,ECU,1972,13.857901
Ecuador,ECU,1973,12.1050005
Ecuador,ECU,1974,18.795301
Ecuador,ECU,1975,18.265501
Ecuador,ECU,1976,18.0397
Ecuador,ECU,1977,22.168901
Ecuador,ECU,1978,21.747002
Ecuador,ECU,1979,21.8075
Ecuador,ECU,1980,21.1762
Ecuador,ECU,1981,20.857601
Ecuador,ECU,1982,19.8945
Ecuador,ECU,1983,14.426001
Ecuador,ECU,1984,12.575601
Ecuador,ECU,1985,13.013301
Ecuador,ECU,1986,6.6095004
Ecuador,ECU,1987,8.7213
Ecuador,ECU,1988,7.8936005
Ecuador,ECU,1989,7.3869004
Ecuador,ECU,1990,7.5191007
Ecuador,ECU,1991,7.8219004
Ecuador,ECU,1992,7.8946004
Ecuador,ECU,1993,7.3966002
Ecuador,ECU,1994,8.752001
Ecuador,ECU,1995,8.501801
Ecuador,ECU,1996,8.699901
Ecuador,ECU,1997,12.622701
Ecuador,ECU,1998,8.7123
Ecuador,ECU,1999,3.7411003
Ecuador,ECU,2000,3.7483003
Ecuador,ECU,2001,5
Ecuador,ECU,2002,5.1866
Ecuador,ECU,2003,2.8736002
Ecuador,ECU,2004,5.1258
Ecuador,ECU,2005,3.2916002
Ecuador,ECU,2006,2.4407
Ecuador,ECU,2007,2.9407
Ecuador,ECU,2008,2.4627001
Ecuador,ECU,2009,2.1509
Ecuador,ECU,2010,2.1892002
Ecuador,ECU,2011,1.6884001
Ecuador,ECU,2012,2.5602
Ecuador,ECU,2013,2.4207
Ecuador,ECU,2014,6.6933002
Ecuador,ECU,2015,5.2423
Ecuador,ECU,2016,5.6769004
Ecuador,ECU,2017,8.9595
Ecuador,ECU,2018,6.5345
Ecuador,ECU,2019,7.2485003
Ecuador,ECU,2020,10.268401
Ecuador,ECU,2021,6.8917007
Ecuador,ECU,2022,12.5915
Ecuador,ECU,2023,11.713301
Ecuador,ECU,2024,11.4591
Egypt,EGY,1961,7.4762006
Egypt,EGY,1962,11.200001
Egypt,EGY,1963,12.481501
Egypt,EGY,1964,10.281301
Egypt,EGY,1965,9.635301
Egypt,EGY,1966,11.970201
Egypt,EGY,1967,11.685101
Egypt,EGY,1968,10.520901
Egypt,EGY,1969,13.0928
Egypt,EGY,1970,11.438601
Egypt,EGY,1971,14.2263
Egypt,EGY,1972,13.436901
Egypt,EGY,1973,14.965901
Egypt,EGY,1974,14.9973
Egypt,EGY,1975,14.249801
Egypt,EGY,1976,11.715501
Egypt,EGY,1977,9.701301
Egypt,EGY,1978,12.110901
Egypt,EGY,1979,15.6561
Egypt,EGY,1980,13.5253
Egypt,EGY,1981,13.179201
Egypt,EGY,1982,17.017801
Egypt,EGY,1983,17.412802
Egypt,EGY,1984,15.8978
Egypt,EGY,1985,15.278001
Egypt,EGY,1986,14.911501
Egypt,EGY,1987,16.426802
Egypt,EGY,1988,14.129801
Egypt,EGY,1989,16.475
Egypt,EGY,1990,18.1177
Egypt,EGY,1991,18.810402
Egypt,EGY,1992,17.9668
Egypt,EGY,1993,13.6428
Egypt,EGY,1994,16.9099
Egypt,EGY,1995,18.0977
Egypt,EGY,1996,19.165
Egypt,EGY,1997,17.753101
Egypt,EGY,1998,17.1556
Egypt,EGY,1999,17.5319
Egypt,EGY,2000,18.3631
Egypt,EGY,2001,20.288902
Egypt,EGY,2002,21.639902
Egypt,EGY,2003,21.2844
Egypt,EGY,2004,22.232101
Egypt,EGY,2005,22.958101
Egypt,EGY,2006,24.138102
Egypt,EGY,2007,22.997803
Egypt,EGY,2008,22.910301
Egypt,EGY,2009,24.0792
Egypt,EGY,2010,23.710701
Egypt,EGY,2011,23.344501
Egypt,EGY,2012,23.4682
Egypt,EGY,2013,22.7316
Egypt,EGY,2014,24.809801
Egypt,EGY,2015,25.5172
Egypt,EGY,2016,25.2527
Egypt,EGY,2017,24.412601
Egypt,EGY,2018,24.7717
Egypt,EGY,2019,25.000002
Egypt,EGY,2020,22.023802
Egypt,EGY,2021,22.906
Egypt,EGY,2022,21.805502
Egypt,EGY,2023,23.588402
Egypt,EGY,2024,24.178001
El Salvador,SLV,1961,6.5128
El Salvador,SLV,1962,6.439
El Salvador,SLV,1963,6.4286003
El Salvador,SLV,1964,6.7907004
El Salvador,SLV,1965,6.7955003
El Salvador,SLV,1966,6.8
El Salvador,SLV,1967,8.108701
El Salvador,SLV,1968,6.8333
El Salvador,SLV,1969,6.8271003
El Salvador,SLV,1970,6.3443003
El Salvador,SLV,1971,7.2200003
El Salvador,SLV,1972,9.5
El Salvador,SLV,1973,9.75
El Salvador,SLV,1974,10
El Salvador,SLV,1975,11.912001
El Salvador,SLV,1976,12.147201
El Salvador,SLV,1977,11.434401
El Salvador,SLV,1978,19.8472
El Salvador,SLV,1979,21.709501
El Salvador,SLV,1980,20.2476
El Salvador,SLV,1981,21.4755
El Salvador,SLV,1982,21.422901
El Salvador,SLV,1983,24.0196
El Salvador,SLV,1984,20.1087
El Salvador,SLV,1985,19.8456
El Salvador,SLV,1986,19.9771
El Salvador,SLV,1987,18.071402
El Salvador,SLV,1988,15.8220005
El Salvador,SLV,1989,17.5659
El Salvador,SLV,1990,19.3671
El Salvador,SLV,1991,22.125002
El Salvador,SLV,1992,18.075802
El Salvador,SLV,1993,18.6012
El Salvador,SLV,1994,18.400002
El Salvador,SLV,1995,16.303202
El Salvador,SLV,1996,6.7430005
El Salvador,SLV,1997,6.4834003
El Salvador,SLV,1998,5.1195
El Salvador,SLV,1999,7.5677004
El Salvador,SLV,2000,7.1927004
El Salvador,SLV,2001,7.1048
El Salvador,SLV,2002,7.1996
El Salvador,SLV,2003,7.5883
El Salvador,SLV,2004,7.5883
El Salvador,SLV,2005,15.916301
El Salvador,SLV,2006,15.918701
El Salvador,SLV,2007,15.894201
El Salvador,SLV,2008,15.895101
El Salvador,SLV,2009,15.908601
El Salvador,SLV,2010,16.7052
El Salvador,SLV,2011,15.2903
El Salvador,SLV,2012,27.589302
El Salvador,SLV,2013,30.986502
El Salvador,SLV,2014,31.325201
El Salvador,SLV,2015,30.9561
El Salvador,SLV,2016,30.951801
El Salvador,SLV,2017,30.954502
El Salvador,SLV,2018,37.767105
El Salvador,SLV,2019,24.746101
El Salvador,SLV,2020,23.902601
El Salvador,SLV,2021,22.6741
El Salvador,SLV,2022,26.4885
El Salvador,SLV,2023,27.890001
El Salvador,SLV,2024,24.988401
Eswatini,SWZ,1961,5
Eswatini,SWZ,1962,5
Eswatini,SWZ,1963,4.7143
Eswatini,SWZ,1964,4.7143
Eswatini,SWZ,1965,4.375
Eswatini,SWZ,1966,4.5
Eswatini,SWZ,1967,4.6667004
Eswatini,SWZ,1968,5
Eswatini,SWZ,1969,5.2500005
Eswatini,SWZ,1970,5.8824
Eswatini,SWZ,1971,5.8824
Eswatini,SWZ,1972,6.2353
Eswatini,SWZ,1973,6.4706006
Eswatini,SWZ,1974,5.8824
Eswatini,SWZ,1975,5.8824
Eswatini,SWZ,1976,5.8824
Eswatini,SWZ,1977,5.6471004
Eswatini,SWZ,1978,5.1765003
Eswatini,SWZ,1979,5.0588
Eswatini,SWZ,1980,5.2941003
Eswatini,SWZ,1981,5.8824
Eswatini,SWZ,1982,6.3529
Eswatini,SWZ,1983,5.6471004
Eswatini,SWZ,1984,5.5294003
Eswatini,SWZ,1985,5.2941003
Eswatini,SWZ,1986,5.8824
Eswatini,SWZ,1987,4.9412003
Eswatini,SWZ,1988,4.7059
Eswatini,SWZ,1989,4.5455003
Eswatini,SWZ,1990,5.3846
Eswatini,SWZ,1991,5.6897006
Eswatini,SWZ,1992,5.6736
Eswatini,SWZ,1993,4.4231005
Eswatini,SWZ,1994,7.4092007
Eswatini,SWZ,1995,5.9858003
Eswatini,SWZ,1996,6.0474
Eswatini,SWZ,1997,6.2188
Eswatini,SWZ,1998,5.979
Eswatini,SWZ,1999,5.9786005
Eswatini,SWZ,2000,5.9700003
Eswatini,SWZ,2001,5.9465003
Eswatini,SWZ,2002,5.9529004
Eswatini,SWZ,2003,5.8571005
Eswatini,SWZ,2004,6.4615
Eswatini,SWZ,2005,6.0684004
Eswatini,SWZ,2006,6.0680003
Eswatini,SWZ,2007,5.8824
Eswatini,SWZ,2008,5.8462005
Eswatini,SWZ,2009,5.7143
Eswatini,SWZ,2010,6.2500005
Eswatini,SWZ,2011,6.1429
Eswatini,SWZ,2012,6.4286003
Eswatini,SWZ,2013,6.1352005
Eswatini,SWZ,2014,6.1292005
Eswatini,SWZ,2015,6.1365004
Eswatini,SWZ,2016,6.1377006
Eswatini,SWZ,2017,6.1386003
Eswatini,SWZ,2018,6.1493
Eswatini,SWZ,2019,6.1511
Eswatini,SWZ,2020,6.1563
Eswatini,SWZ,2021,6.1536
Eswatini,SWZ,2022,6.1371
Eswatini,SWZ,2023,6.1424003
Eswatini,SWZ,2024,6.1443
Ethiopia,ETH,1993,7.0988
Ethiopia,ETH,1994,7.0506005
Ethiopia,ETH,1995,6.8722005
Ethiopia,ETH,1996,6.8562007
Ethiopia,ETH,1997,7.0171003
Ethiopia,ETH,1998,6.7500005
Ethiopia,ETH,1999,6.6166005
Ethiopia,ETH,2000,6.3519
Ethiopia,ETH,2001,5.5162005
Ethiopia,ETH,2002,5.102
Ethiopia,ETH,2003,4.9791
Ethiopia,ETH,2004,5.6085005
Ethiopia,ETH,2005,18.3147
Ethiopia,ETH,2006,17.827402
Ethiopia,ETH,2007,12.601401
Ethiopia,ETH,2008,12.025001
Ethiopia,ETH,2009,12.626901
Ethiopia,ETH,2010,15.994801
Ethiopia,ETH,2011,17.2486
Ethiopia,ETH,2012,17.105402
Ethiopia,ETH,2013,15.0926
Ethiopia,ETH,2014,12.184401
Ethiopia,ETH,2015,12.1455
Ethiopia,ETH,2016,10.107901
Ethiopia,ETH,2017,10.4553
Ethiopia,ETH,2018,9.622401
Ethiopia,ETH,2019,9.630501
Ethiopia,ETH,2020,8.629201
Ethiopia,ETH,2021,8.1179
Ethiopia,ETH,2022,9.719901
Ethiopia,ETH,2023,8.4741
Ethiopia,ETH,2024,8.489201
Ethiopia (former),OWID_ERE,1961,5
Ethiopia (former),OWID_ERE,1962,5.4545
Ethiopia (former),OWID_ERE,1963,5.4545
Ethiopia (former),OWID_ERE,1964,5.3846
Ethiopia (former),OWID_ERE,1965,5.3846
Ethiopia (former),OWID_ERE,1966,5.3571005
Ethiopia (former),OWID_ERE,1967,5.3571005
Ethiopia (former),OWID_ERE,1968,5.3333
Ethiopia (former),OWID_ERE,1969,5.3333
Ethiopia (former),OWID_ERE,1970,5
Ethiopia (former),OWID_ERE,1971,5
Ethiopia (former),OWID_ERE,1972,5
Ethiopia (former),OWID_ERE,1973,5
Ethiopia (former),OWID_ERE,1974,5
Ethiopia (former),OWID_ERE,1975,5
Ethiopia (former),OWID_ERE,1976,5.0556
Ethiopia (former),OWID_ERE,1977,5.0556
Ethiopia (former),OWID_ERE,1978,5.1111
Ethiopia (former),OWID_ERE,1979,5.1111
Ethiopia (former),OWID_ERE,1980,5.1667004
Ethiopia (former),OWID_ERE,1981,5.2222004
Ethiopia (former),OWID_ERE,1982,5.2778
Ethiopia (former),OWID_ERE,1983,5.3333
Ethiopia (former),OWID_ERE,1984,5.1053
Ethiopia (former),OWID_ERE,1985,5.1579003
Ethiopia (former),OWID_ERE,1986,5.2105002
Ethiopia (former),OWID_ERE,1987,5.2632003
Ethiopia (former),OWID_ERE,1988,5.7895
Ethiopia (former),OWID_ERE,1989,6.3158
Ethiopia (former),OWID_ERE,1990,6.3581004
Ethiopia (former),OWID_ERE,1991,6.4484
Ethiopia (former),OWID_ERE,1992,6.5822005
Europe,OWID_EUR,1961,15.970866
Europe,OWID_EUR,1962,12.30876
Europe,OWID_EUR,1963,15.504202
Europe,OWID_EUR,1964,15.950088
Europe,OWID_EUR,1965,15.95197
Europe,OWID_EUR,1966,17.282568
Europe,OWID_EUR,1967,15.5954685
Europe,OWID_EUR,1968,15.570988
Europe,OWID_EUR,1969,17.424448
Europe,OWID_EUR,1970,14.351948
Europe,OWID_EUR,1971,14.415016
Europe,OWID_EUR,1972,16.621563
Europe,OWID_EUR,1973,15.113212
Europe,OWID_EUR,1974,15.345883
Europe,OWID_EUR,1975,14.872244
Europe,OWID_EUR,1976,14.803541
Europe,OWID_EUR,1977,14.746106
Europe,OWID_EUR,1978,13.605967
Europe,OWID_EUR,1979,15.502589
Europe,OWID_EUR,1980,15.064075
Europe,OWID_EUR,1981,15.827686
Europe,OWID_EUR,1982,15.675537
Europe,OWID_EUR,1983,20.306633
Europe,OWID_EUR,1984,14.990858
Europe,OWID_EUR,1985,17.32286
Europe,OWID_EUR,1986,18.969858
Europe,OWID_EUR,1987,15.270306
Europe,OWID_EUR,1988,19.075397
Europe,OWID_EUR,1989,19.407925
Europe,OWID_EUR,1990,18.42218
Europe,OWID_EUR,1991,18.1653
Europe,OWID_EUR,1992,20.715853
Europe,OWID_EUR,1993,18.777832
Europe,OWID_EUR,1994,18.958168
Europe,OWID_EUR,1995,17.63816
Europe,OWID_EUR,1996,16.784101
Europe,OWID_EUR,1997,19.196178
Europe,OWID_EUR,1998,15.74501
Europe,OWID_EUR,1999,18.954893
Europe,OWID_EUR,2000,18.740517
Europe,OWID_EUR,2001,19.379786
Europe,OWID_EUR,2002,21.212023
Europe,OWID_EUR,2003,19.721848
Europe,OWID_EUR,2004,19.221043
Europe,OWID_EUR,2005,19.066696
Europe,OWID_EUR,2006,22.470217
Europe,OWID_EUR,2007,20.282757
Europe,OWID_EUR,2008,20.945652
Europe,OWID_EUR,2009,20.036427
Europe,OWID_EUR,2010,21.115732
Europe,OWID_EUR,2011,20.481318
Europe,OWID_EUR,2012,19.76824
Europe,OWID_EUR,2013,21.01468
Europe,OWID_EUR,2014,22.001842
Europe,OWID_EUR,2015,20.822283
Europe,OWID_EUR,2016,23.18166
Europe,OWID_EUR,2017,21.953228
Europe,OWID_EUR,2018,23.755474
Europe,OWID_EUR,2019,22.392864
Europe,OWID_EUR,2020,23.161415
Europe,OWID_EUR,2021,23.911024
Europe,OWID_EUR,2022,21.189716
Europe,OWID_EUR,2023,20.619919
Europe,OWID_EUR,2024,21.649416
Europe (FAO),,1961,15.926201
Europe (FAO),,1962,12.228401
Europe (FAO),,1963,15.4470005
Europe (FAO),,1964,15.907901
Europe (FAO),,1965,15.9049015
Europe (FAO),,1966,17.250801
Europe (FAO),,1967,15.522701
Europe (FAO),,1968,15.488801
Europe (FAO),,1969,17.3872
Europe (FAO),,1970,14.2517
Europe (FAO),,1971,14.200401
Europe (FAO),,1972,16.5806
Europe (FAO),,1973,14.867101
Europe (FAO),,1974,15.234501
Europe (FAO),,1975,14.849701
Europe (FAO),,1976,14.7691
Europe (FAO),,1977,14.696501
Europe (FAO),,1978,13.5576
Europe (FAO),,1979,15.4674015
Europe (FAO),,1980,15.045001
Europe (FAO),,1981,15.782001
Europe (FAO),,1982,15.6223
Europe (FAO),,1983,20.2921
Europe (FAO),,1984,14.910001
Europe (FAO),,1985,17.278301
Europe (FAO),,1986,18.957401
Europe (FAO),,1987,15.200401
Europe (FAO),,1988,19.0706
Europe (FAO),,1989,19.3749
Europe (FAO),,1990,18.350302
Europe (FAO),,1991,18.129301
Europe (FAO),,1992,20.688402
Europe (FAO),,1993,18.7434
Europe (FAO),,1994,18.9484
Europe (FAO),,1995,17.5848
Europe (FAO),,1996,16.7331
Europe (FAO),,1997,19.170101
Europe (FAO),,1998,15.708001
Europe (FAO),,1999,18.912302
Europe (FAO),,2000,18.7197
Europe (FAO),,2001,19.380901
Europe (FAO),,2002,21.196302
Europe (FAO),,2003,19.764902
Europe (FAO),,2004,19.2677
Europe (FAO),,2005,19.0952
Europe (FAO),,2006,22.5322
Europe (FAO),,2007,20.319101
Europe (FAO),,2008,20.986301
Europe (FAO),,2009,20.042402
Europe (FAO),,2010,21.0925
Europe (FAO),,2011,20.442402
Europe (FAO),,2012,19.7467
Europe (FAO),,2013,20.9838
Europe (FAO),,2014,21.9801
Europe (FAO),,2015,20.795902
Europe (FAO),,2016,23.194601
Europe (FAO),,2017,21.966902
Europe (FAO),,2018,23.7875
Europe (FAO),,2019,22.4242
Europe (FAO),,2020,23.201801
Europe (FAO),,2021,23.9561
Europe (FAO),,2022,21.225101
Europe (FAO),,2023,20.654802
Europe (FAO),,2024,21.687801
European Union (27),OWID_EU27,1961,16.3602
European Union (27),OWID_EU27,1962,12.5256
European Union (27),OWID_EU27,1963,15.803301
European Union (27),OWID_EU27,1964,16.4134
European Union (27),OWID_EU27,1965,16.316502
European Union (27),OWID_EU27,1966,17.595402
European Union (27),OWID_EU27,1967,15.908501
European Union (27),OWID_EU27,1968,15.8856
European Union (27),OWID_EU27,1969,17.7357
European Union (27),OWID_EU27,1970,14.2348
European Union (27),OWID_EU27,1971,14.683201
European Union (27),OWID_EU27,1972,16.892302
European Union (27),OWID_EU27,1973,15.323701
European Union (27),OWID_EU27,1974,15.372201
European Union (27),OWID_EU27,1975,14.8026
European Union (27),OWID_EU27,1976,14.833901
European Union (27),OWID_EU27,1977,14.427001
European Union (27),OWID_EU27,1978,13.397501
European Union (27),OWID_EU27,1979,14.800501
European Union (27),OWID_EU27,1980,15.121301
European Union (27),OWID_EU27,1981,15.3718
European Union (27),OWID_EU27,1982,15.317201
European Union (27),OWID_EU27,1983,19.782402
European Union (27),OWID_EU27,1984,14.6682005
European Union (27),OWID_EU27,1985,18.181902
European Union (27),OWID_EU27,1986,19.2574
European Union (27),OWID_EU27,1987,15.769001
European Union (27),OWID_EU27,1988,18.9472
European Union (27),OWID_EU27,1989,20.450901
European Union (27),OWID_EU27,1990,18.714201
European Union (27),OWID_EU27,1991,18.5401
European Union (27),OWID_EU27,1992,20.767801
European Union (27),OWID_EU27,1993,18.809301
European Union (27),OWID_EU27,1994,18.9675
European Union (27),OWID_EU27,1995,17.676802
European Union (27),OWID_EU27,1996,16.812302
European Union (27),OWID_EU27,1997,19.2327
European Union (27),OWID_EU27,1998,15.780001
European Union (27),OWID_EU27,1999,19.004402
European Union (27),OWID_EU27,2000,18.793402
European Union (27),OWID_EU27,2001,19.441101
European Union (27),OWID_EU27,2002,21.280602
European Union (27),OWID_EU27,2003,19.769402
European Union (27),OWID_EU27,2004,19.272902
European Union (27),OWID_EU27,2005,19.117401
European Union (27),OWID_EU27,2006,22.5484
European Union (27),OWID_EU27,2007,20.3521
European Union (27),OWID_EU27,2008,21.011002
European Union (27),OWID_EU27,2009,20.093801
European Union (27),OWID_EU27,2010,21.1657
European Union (27),OWID_EU27,2011,20.516201
European Union (27),OWID_EU27,2012,19.800303
European Union (27),OWID_EU27,2013,21.049402
European Union (27),OWID_EU27,2014,22.0651
European Union (27),OWID_EU27,2015,20.8652
European Union (27),OWID_EU27,2016,23.232
European Union (27),OWID_EU27,2017,22.0004
European Union (27),OWID_EU27,2018,23.809101
European Union (27),OWID_EU27,2019,22.4379
European Union (27),OWID_EU27,2020,23.2082
European Union (27),OWID_EU27,2021,23.960701
European Union (27),OWID_EU27,2022,21.2191
European Union (27),OWID_EU27,2023,20.645
European Union (27),OWID_EU27,2024,21.678001
Fiji,FJI,1961,20
Fiji,FJI,1962,20
Fiji,FJI,1963,20
Fiji,FJI,1964,18.75
Fiji,FJI,1965,19.4444
Fiji,FJI,1966,20
Fiji,FJI,1967,20
Fiji,FJI,1968,20
Fiji,FJI,1969,20
Fiji,FJI,1970,20
Fiji,FJI,1971,20
Fiji,FJI,1972,20
Fiji,FJI,1973,20
Fiji,FJI,1974,20
Fiji,FJI,1975,20
Fiji,FJI,1976,20
Fiji,FJI,1977,18.75
Fiji,FJI,1978,20
Fiji,FJI,1979,20
Fiji,FJI,1980,20
Fiji,FJI,1981,20
Fiji,FJI,1982,20
Fiji,FJI,1983,20
Fiji,FJI,1984,20
Fiji,FJI,1985,7.1429005
Fiji,FJI,1986,2.8571002
Fiji,FJI,1987,2.6143003
Fiji,FJI,1988,9.5
Fiji,FJI,1989,6.1571
Fiji,FJI,1990,6.9211006
Fiji,FJI,1991,5.7366004
Fiji,FJI,1992,5.5359
Fiji,FJI,1993,5.3736005
Fiji,FJI,1994,5.1947002
Fiji,FJI,1995,5.1032004
Fiji,FJI,1996,5.0241003
Fiji,FJI,1997,5
Fiji,FJI,1998,4.2368
Fiji,FJI,1999,4.375
Fiji,FJI,2000,4.1645
Fiji,FJI,2001,3.9589
Fiji,FJI,2002,3.6972
Fiji,FJI,2003,3.5085
Fiji,FJI,2004,3.3262
Fiji,FJI,2005,3.1505
Fiji,FJI,2006,2.9811003
Fiji,FJI,2007,2.8177001
Fiji,FJI,2008,2.6602
Fiji,FJI,2009,2.5083
Fiji,FJI,2010,2.3620002
Fiji,FJI,2011,2.2210002
Fiji,FJI,2012,2.0571003
Fiji,FJI,2013,1.9486
Fiji,FJI,2014,14.9398
Fiji,FJI,2015,14.961101
Fiji,FJI,2016,18.157902
Fiji,FJI,2017,17.993801
Fiji,FJI,2018,15.967701
Fiji,FJI,2019,15.075801
Fiji,FJI,2020,20
Fiji,FJI,2021,20
Fiji,FJI,2022,19.2
Fiji,FJI,2023,20
Fiji,FJI,2024,19.9712
France,FRA,1961,3.1325002
France,FRA,1962,3.1262002
France,FRA,1963,3.6699002
France,FRA,1964,5.0843
France,FRA,1965,3.7089
France,FRA,1966,6.8212004
France,FRA,1967,14.5116005
France,FRA,1968,7.1475005
France,FRA,1969,8.8608
France,FRA,1970,8.5185
France,FRA,1971,7.4074
France,FRA,1972,8.332001
France,FRA,1973,8.336
France,FRA,1974,8.336
France,FRA,1975,12.452401
France,FRA,1976,16.2429
France,FRA,1977,11.8
France,FRA,1978,10.1786
France,FRA,1979,9.571401
France,FRA,1980,9.333301
France,FRA,1981,8.7941
France,FRA,1982,7.5000005
France,FRA,1983,8
France,FRA,1984,9.1061
France,FRA,1985,16.6732
France,FRA,1986,17.3442
France,FRA,1987,17.6039
France,FRA,1988,18.1835
France,FRA,1989,15.475
France,FRA,1990,12.523801
France,FRA,1991,14.572401
France,FRA,1992,11.1597
France,FRA,1993,11.3681
France,FRA,1994,17.0676
France,FRA,1995,17.484802
France,FRA,1996,18.0152
France,FRA,1997,16.902802
France,FRA,1998,15.9861
France,FRA,1999,14.902801
France,FRA,2000,16.1765
France,FRA,2001,16.2353
France,FRA,2002,15.400001
France,FRA,2003,13.577801
France,FRA,2004,14.377801
France,FRA,2005,14.3111
France,FRA,2006,17.227303
France,FRA,2007,5.9692006
France,FRA,2008,6.7863
France,FRA,2009,6.8958
France,FRA,2010,8.366401
France,FRA,2011,8.0225
France,FRA,2012,5.4295
France,FRA,2013,5.1904
France,FRA,2014,4.5599003
France,FRA,2015,4.5222006
France,FRA,2016,9.856901
France,FRA,2017,10.809401
France,FRA,2018,10.09
France,FRA,2019,8.466701
France,FRA,2020,12.541201
France,FRA,2021,11.6813
France,FRA,2022,10.273701
France,FRA,2023,9.4526005
France,FRA,2024,9.9506
French Guiana,GUF,1970,0.86670005
French Guiana,GUF,1971,0.86670005
French Guiana,GUF,1972,0.86670005
French Guiana,GUF,1973,0.8
French Guiana,GUF,1974,1.1765001
French Guiana,GUF,1975,1.1765001
French Guiana,GUF,1976,1
French Guiana,GUF,1977,1
French Guiana,GUF,1978,1.4000001
French Guiana,GUF,1979,1.4357
French Guiana,GUF,1980,1.4357
French Guiana,GUF,1981,1.2857
French Guiana,GUF,1982,1.2462
French Guiana,GUF,1983,1.2308002
French Guiana,GUF,1984,1.1833001
French Guiana,GUF,1985,1.1034001
French Guiana,GUF,1986,1.1034001
French Guiana,GUF,1987,1.1034001
French Guiana,GUF,1988,1.125
French Guiana,GUF,1989,1.125
French Guiana,GUF,1990,1.1111001
French Guiana,GUF,1991,1.1724001
French Guiana,GUF,1992,1.8730001
French Guiana,GUF,1993,1.1944001
French Guiana,GUF,1994,2.19
French Guiana,GUF,1995,1.9414002
French Guiana,GUF,1996,1.9414002
French Guiana,GUF,1997,1.7241001
French Guiana,GUF,1998,1.9770001
French Guiana,GUF,1999,1.9770001
French Guiana,GUF,2000,1.9901
French Guiana,GUF,2001,2.0198002
French Guiana,GUF,2002,2
French Guiana,GUF,2003,2.0817
French Guiana,GUF,2004,2.1197
French Guiana,GUF,2005,2.0823002
French Guiana,GUF,2006,2.0982
French Polynesia,PYF,1961,10
French Polynesia,PYF,1962,10
French Polynesia,PYF,1963,10
French Polynesia,PYF,1964,10
French Polynesia,PYF,1965,10
French Polynesia,PYF,1966,10
French Polynesia,PYF,1967,10
French Polynesia,PYF,1968,10
French Polynesia,PYF,1969,10
French Polynesia,PYF,1970,12.500001
French Polynesia,PYF,1971,13.8
French Polynesia,PYF,1972,14.6
French Polynesia,PYF,1973,15.500001
French Polynesia,PYF,1974,15.285701
French Polynesia,PYF,1975,14.944401
French Polynesia,PYF,1976,14.444401
French Polynesia,PYF,1977,15.050001
French Polynesia,PYF,1978,16.6667
French Polynesia,PYF,1979,18
French Polynesia,PYF,1980,16.5385
French Polynesia,PYF,1981,17.2727
French Polynesia,PYF,1982,16.6667
French Polynesia,PYF,1983,16.3333
French Polynesia,PYF,1984,13.666701
French Polynesia,PYF,1985,14.666701
French Polynesia,PYF,1986,17
French Polynesia,PYF,1987,16.5
French Polynesia,PYF,1988,17.6667
French Polynesia,PYF,1989,18.75
French Polynesia,PYF,1990,15.5556
French Polynesia,PYF,1991,13.3201
French Polynesia,PYF,1992,12.9414015
French Polynesia,PYF,1993,10
French Polynesia,PYF,1994,11.066701
French Polynesia,PYF,1995,16.1818
French Polynesia,PYF,1996,12.403201
French Polynesia,PYF,1997,11.930401
French Polynesia,PYF,1998,11.4571
French Polynesia,PYF,1999,10.983701
French Polynesia,PYF,2000,10.510301
French Polynesia,PYF,2001,10.037701
French Polynesia,PYF,2002,9.5663
French Polynesia,PYF,2003,9.0971
French Polynesia,PYF,2004,8.630701
French Polynesia,PYF,2005,8.1681
French Polynesia,PYF,2006,7.7099004
French Polynesia,PYF,2007,7.2571006
French Polynesia,PYF,2008,6.7644
French Polynesia,PYF,2009,6.2783003
French Polynesia,PYF,2010,5.7993
French Polynesia,PYF,2011,5.3279
French Polynesia,PYF,2012,4.8514
French Polynesia,PYF,2013,4.4419003
French Polynesia,PYF,2014,4.0562
French Polynesia,PYF,2015,3.6782002
French Polynesia,PYF,2016,3.3076003
French Polynesia,PYF,2017,2.9444
French Polynesia,PYF,2018,2.5877001
French Polynesia,PYF,2019,2.2373002
French Polynesia,PYF,2020,1.8057001
French Polynesia,PYF,2021,1.3568001
French Polynesia,PYF,2022,0.93320006
French Polynesia,PYF,2023,0.28710002
French Polynesia,PYF,2024,0.31640002
Georgia,GEO,1992,12.500001
Georgia,GEO,1993,4.2857003
Georgia,GEO,1994,6.6000004
Georgia,GEO,1995,8
Georgia,GEO,1996,6.0000005
Georgia,GEO,1997,4.2000003
Georgia,GEO,1998,5.1667004
Georgia,GEO,1999,3.3333
Georgia,GEO,2000,3.0000002
Georgia,GEO,2001,3.1429
Georgia,GEO,2002,3.0000002
Georgia,GEO,2003,4.4
Georgia,GEO,2004,4.6667004
Georgia,GEO,2005,4.0909
Georgia,GEO,2006,3.8000002
Georgia,GEO,2007,4.1111
Georgia,GEO,2008,3.8000002
Georgia,GEO,2009,3.7500002
Georgia,GEO,2010,3.5490003
Georgia,GEO,2011,3.5458002
Georgia,GEO,2012,3.7110002
Georgia,GEO,2013,3.7737002
Georgia,GEO,2014,3.7150002
Georgia,GEO,2015,3.5026002
Georgia,GEO,2016,3.3501003
Georgia,GEO,2017,3.2054
Georgia,GEO,2018,3.1132002
Georgia,GEO,2019,3.0365002
Georgia,GEO,2020,2.9853003
Georgia,GEO,2021,3.1333003
Georgia,GEO,2022,3.2108002
Georgia,GEO,2023,3.1977
Georgia,GEO,2024,3.1846004
Ghana,GHA,1961,6.5000005
Ghana,GHA,1962,6.5000005
Ghana,GHA,1963,6.0000005
Ghana,GHA,1964,6.0000005
Ghana,GHA,1965,5.9946003
Ghana,GHA,1966,6.4886003
Ghana,GHA,1967,6.5075
Ghana,GHA,1968,6.4461
Ghana,GHA,1969,6.5363
Ghana,GHA,1970,6.7895
Ghana,GHA,1971,6.7895
Ghana,GHA,1972,6.4286003
Ghana,GHA,1973,6.5306005
Ghana,GHA,1974,6.5108
Ghana,GHA,1975,6.5108
Ghana,GHA,1976,6.5000005
Ghana,GHA,1977,6.3333
Ghana,GHA,1978,7.0000005
Ghana,GHA,1979,5.7895
Ghana,GHA,1980,6.2429004
Ghana,GHA,1981,5.5248003
Ghana,GHA,1982,5.0896006
Ghana,GHA,1983,7.9815
Ghana,GHA,1984,6.6667004
Ghana,GHA,1985,6.6667004
Ghana,GHA,1986,5.8333
Ghana,GHA,1987,5.4167004
Ghana,GHA,1988,5.4167004
Ghana,GHA,1989,5.3636003
Ghana,GHA,1990,5
Ghana,GHA,1991,6.1538
Ghana,GHA,1992,6.4667006
Ghana,GHA,1993,6.3889003
Ghana,GHA,1994,6.5000005
Ghana,GHA,1995,7.1429005
Ghana,GHA,1996,7.3031006
Ghana,GHA,1997,7.4092007
Ghana,GHA,1998,7.1346006
Ghana,GHA,1999,7.1053
Ghana,GHA,2000,7.1429005
Ghana,GHA,2001,7.1429005
Ghana,GHA,2002,8.25
Ghana,GHA,2003,9.388901
Ghana,GHA,2004,12.571401
Ghana,GHA,2005,15.384601
Ghana,GHA,2006,16.206902
Ghana,GHA,2007,26.000002
Ghana,GHA,2008,35.031803
Ghana,GHA,2009,35.443
Ghana,GHA,2010,36.25
Ghana,GHA,2011,37.037003
Ghana,GHA,2012,37.878803
Ghana,GHA,2013,39.010002
Ghana,GHA,2014,39.7999
Ghana,GHA,2015,39.7999
Ghana,GHA,2016,39.7999
Ghana,GHA,2017,39.9374
Ghana,GHA,2018,38.0358
Ghana,GHA,2019,39.6539
Ghana,GHA,2020,40.772503
Ghana,GHA,2021,39.4697
Ghana,GHA,2022,39.962
Ghana,GHA,2023,40.0647
Ghana,GHA,2024,39.8312
Greece,GRC,1961,17.6284
Greece,GRC,1962,13.6181
Greece,GRC,1963,13.765501
Greece,GRC,1964,18.1822
Greece,GRC,1965,17.2695
Greece,GRC,1966,19.092402
Greece,GRC,1967,12.548301
Greece,GRC,1968,17.613802
Greece,GRC,1969,18.4395
Greece,GRC,1970,15.638301
Greece,GRC,1971,13.142
Greece,GRC,1972,17.587101
Greece,GRC,1973,14.570901
Greece,GRC,1974,19.4321
Greece,GRC,1975,18.3806
Greece,GRC,1976,18.678902
Greece,GRC,1977,18.5721
Greece,GRC,1978,18.121302
Greece,GRC,1979,10.997201
Greece,GRC,1980,20.701
Greece,GRC,1981,22.8992
Greece,GRC,1982,22.7849
Greece,GRC,1983,20.3346
Greece,GRC,1984,24.0401
Greece,GRC,1985,18.5223
Greece,GRC,1986,24.445002
Greece,GRC,1987,14.0066
Greece,GRC,1988,21.4757
Greece,GRC,1989,25.592201
Greece,GRC,1990,23.3684
Greece,GRC,1991,20.582201
Greece,GRC,1992,24.490902
Greece,GRC,1993,24.232801
Greece,GRC,1994,26.319502
Greece,GRC,1995,23.875002
Greece,GRC,1996,24.087502
Greece,GRC,1997,24.851002
Greece,GRC,1998,20.2987
Greece,GRC,1999,27.711401
Greece,GRC,2000,23.191801
Greece,GRC,2001,27.469501
Greece,GRC,2002,29.716803
Greece,GRC,2003,23.709301
Greece,GRC,2004,17.396
Greece,GRC,2005,23.3936
Greece,GRC,2006,22.0811
Greece,GRC,2007,20.447401
Greece,GRC,2008,21.662601
Greece,GRC,2009,24.868002
Greece,GRC,2010,23.3441
Greece,GRC,2011,21.8457
Greece,GRC,2012,21.899502
Greece,GRC,2013,22.7345
Greece,GRC,2014,24.201801
Greece,GRC,2015,25.8656
Greece,GRC,2016,27.143902
Greece,GRC,2017,24.757002
Greece,GRC,2018,28.898401
Greece,GRC,2019,28.004002
Greece,GRC,2020,28.9752
Greece,GRC,2021,29.152502
Greece,GRC,2022,30.452803
Greece,GRC,2023,30.618101
Greece,GRC,2024,31.201302
Grenada,GRD,1985,5.5548
Grenada,GRD,1986,5.4903
Grenada,GRD,1987,5.4387007
Grenada,GRD,1988,5.7935004
Grenada,GRD,1989,5.4516006
Grenada,GRD,1990,6.3813
Grenada,GRD,1991,5.4557004
Grenada,GRD,1992,5.0727005
Grenada,GRD,1993,5.2976003
Grenada,GRD,1994,5.3109
Grenada,GRD,1995,5.3243003
Grenada,GRD,1996,5.3376
Grenada,GRD,1997,5.3510003
Grenada,GRD,1998,5.3644004
Grenada,GRD,1999,5.3779
Grenada,GRD,2000,5.3913
Grenada,GRD,2001,5.4048
Grenada,GRD,2002,5.4183
Grenada,GRD,2003,5.4319
Grenada,GRD,2004,5.4762006
Grenada,GRD,2005,5.5513
Grenada,GRD,2006,5.6264
Grenada,GRD,2007,5.7016006
Grenada,GRD,2008,5.7767005
Grenada,GRD,2009,5.8519
Grenada,GRD,2010,5.9271
Grenada,GRD,2011,6.0022006
Grenada,GRD,2012,6.3158
Grenada,GRD,2013,6.0725
Grenada,GRD,2014,6.2039003
Grenada,GRD,2015,6.3093
Grenada,GRD,2016,6.1909003
Grenada,GRD,2017,6.3183002
Grenada,GRD,2018,6.3714004
Grenada,GRD,2019,6.4077005
Grenada,GRD,2020,6.1546006
Grenada,GRD,2021,6.3105
Grenada,GRD,2022,6.2900004
Grenada,GRD,2023,6.2514
Grenada,GRD,2024,6.6269
Guadeloupe,GLP,1985,5.13
Guadeloupe,GLP,1986,4.9700003
Guadeloupe,GLP,1987,6.0200005
Guadeloupe,GLP,1988,6.1600003
Guadeloupe,GLP,1989,1.2600001
Guadeloupe,GLP,1990,12.8
Guadeloupe,GLP,1991,11.72
Guadeloupe,GLP,1992,12.360001
Guadeloupe,GLP,1993,12.866701
Guadeloupe,GLP,1994,13.080001
Guadeloupe,GLP,1995,12.571401
Guadeloupe,GLP,1996,13.000001
Guadeloupe,GLP,1997,12.976201
Guadeloupe,GLP,1998,13.0465
Guadeloupe,GLP,1999,12.902
Guadeloupe,GLP,2000,12.900001
Guadeloupe,GLP,2001,13.064501
Guadeloupe,GLP,2002,13.064501
Guadeloupe,GLP,2003,13.1077
Guadeloupe,GLP,2004,15.6
Guadeloupe,GLP,2005,17
Guadeloupe,GLP,2006,17.008001
Guatemala,GTM,1980,10.5263
Guatemala,GTM,1981,12.500001
Guatemala,GTM,1982,13.750001
Guatemala,GTM,1983,13.750001
Guatemala,GTM,1984,15.384601
Guatemala,GTM,1985,16.153801
Guatemala,GTM,1986,17.1053
Guatemala,GTM,1987,18.4211
Guatemala,GTM,1988,20.270302
Guatemala,GTM,1989,20.833302
Guatemala,GTM,1990,23.202301
Guatemala,GTM,1991,23.1577
Guatemala,GTM,1992,23.1511
Guatemala,GTM,1993,23.186602
Guatemala,GTM,1994,20.34
Guatemala,GTM,1995,22.849401
Guatemala,GTM,1996,22.8806
Guatemala,GTM,1997,22.874
Guatemala,GTM,1998,22.742302
Guatemala,GTM,1999,25.799501
Guatemala,GTM,2000,26.146902
Guatemala,GTM,2001,19.470402
Guatemala,GTM,2002,17.1272
Guatemala,GTM,2003,23.2385
Guatemala,GTM,2004,22.694601
Guatemala,GTM,2005,22.721401
Guatemala,GTM,2006,22.6431
Guatemala,GTM,2007,25.687902
Guatemala,GTM,2008,26.462902
Guatemala,GTM,2009,26.934002
Guatemala,GTM,2010,27.5265
Guatemala,GTM,2011,27.8677
Guatemala,GTM,2012,27.3937
Guatemala,GTM,2013,26.250301
Guatemala,GTM,2014,30.885801
Guatemala,GTM,2015,32.400402
Guatemala,GTM,2016,34.697304
Guatemala,GTM,2017,32.0812
Guatemala,GTM,2018,31.694403
Guatemala,GTM,2019,32.1362
Guatemala,GTM,2020,44.535004
Guatemala,GTM,2021,56.077805
Guatemala,GTM,2022,71.3489
Guatemala,GTM,2023,71.29011
Guatemala,GTM,2024,75.705
Guinea,GIN,2015,14.036301
Guinea,GIN,2016,14.029201
Guinea,GIN,2017,14.063201
Guinea,GIN,2018,13.9641
Guinea,GIN,2019,14.0006
Guinea,GIN,2020,14.000901
Guinea,GIN,2021,13.999701
Guinea,GIN,2022,13.993701
Guinea,GIN,2023,13.9923
Guinea,GIN,2024,13.997001
Guinea-Bissau,GNB,1977,5
Guinea-Bissau,GNB,1978,5.7143
Guinea-Bissau,GNB,1979,5.7143
Guinea-Bissau,GNB,1980,5.4545
Guinea-Bissau,GNB,1981,5.7143
Guinea-Bissau,GNB,1982,5.8824
Guinea-Bissau,GNB,1983,5.7143
Guinea-Bissau,GNB,1984,4.3333
Guinea-Bissau,GNB,1985,3.5000002
Guinea-Bissau,GNB,1986,4
Guinea-Bissau,GNB,1987,4.3333
Guinea-Bissau,GNB,1988,4.5714
Guinea-Bissau,GNB,1989,4.75
Guinea-Bissau,GNB,1990,4.8889003
Guinea-Bissau,GNB,1991,5
Guinea-Bissau,GNB,1992,4.9760003
Guinea-Bissau,GNB,1993,4.9805
Guinea-Bissau,GNB,1994,4.9839
Guinea-Bissau,GNB,1995,4.9863
Guinea-Bissau,GNB,1996,4.9878
Guinea-Bissau,GNB,1997,4.9885
Guinea-Bissau,GNB,1998,4.9885
Guinea-Bissau,GNB,1999,4.9879003
Guinea-Bissau,GNB,2000,4.9869003
Guinea-Bissau,GNB,2001,4.9856005
Guinea-Bissau,GNB,2002,4.9841003
Guinea-Bissau,GNB,2003,4.9826
Guinea-Bissau,GNB,2004,4.9819
Guinea-Bissau,GNB,2005,4.9822006
Guinea-Bissau,GNB,2006,4.9829
Guinea-Bissau,GNB,2007,5
Guinea-Bissau,GNB,2008,4.9854
Guinea-Bissau,GNB,2009,4.9874
Guinea-Bissau,GNB,2010,4.9896
Guinea-Bissau,GNB,2011,4.9921002
Guinea-Bissau,GNB,2012,5
Guinea-Bissau,GNB,2013,5.0036
Guinea-Bissau,GNB,2014,5.0033
Guinea-Bissau,GNB,2015,5.0020003
Guinea-Bissau,GNB,2016,5.0021005
Guinea-Bissau,GNB,2017,5.0026
Guinea-Bissau,GNB,2018,5.0028
Guinea-Bissau,GNB,2019,5.0035005
Guinea-Bissau,GNB,2020,5.0041003
Guinea-Bissau,GNB,2021,5.0051003
Guinea-Bissau,GNB,2022,5.0042005
Guinea-Bissau,GNB,2023,5.0045004
Guinea-Bissau,GNB,2024,5.0046005
Guyana,GUY,1961,6.0000005
Guyana,GUY,1962,6.1753
Guyana,GUY,1963,5.4153
Guyana,GUY,1964,6.0453
Guyana,GUY,1965,6.0241003
Guyana,GUY,1966,3.9616003
Guyana,GUY,1967,4.3118
Guyana,GUY,1968,4.3653
Guyana,GUY,1969,4.3960004
Guyana,GUY,1970,3.3404
Guyana,GUY,1971,3.7141004
Guyana,GUY,1972,3.7498002
Guyana,GUY,1973,3.8547
Guyana,GUY,1974,7.7058
Guyana,GUY,1975,7.9113
Guyana,GUY,1976,7.8508
Guyana,GUY,1977,7.8620005
Guyana,GUY,1978,7.1333003
Guyana,GUY,1979,7.3871
Guyana,GUY,1980,7.6143003
Guyana,GUY,1981,7.2573004
Guyana,GUY,1982,7.2573004
Guyana,GUY,1983,7.2573004
Guyana,GUY,1984,7.1333003
Guyana,GUY,1985,7.1250005
Guyana,GUY,1986,7.3333
Guyana,GUY,1987,6.8750005
Guyana,GUY,1988,6.7273
Guyana,GUY,1989,6.7500005
Guyana,GUY,1990,7.1111007
Guyana,GUY,1991,6.4422007
Guyana,GUY,1992,7.2000003
Guyana,GUY,1993,6.9091005
Guyana,GUY,1994,6.3328
Guyana,GUY,1995,6.3538003
Guyana,GUY,1996,5.8225
Guyana,GUY,1997,5.3767004
Guyana,GUY,1998,5.1740003
Guyana,GUY,1999,5.3846
Guyana,GUY,2000,6.1600003
Guyana,GUY,2001,4.86
Guyana,GUY,2002,5.762
Guyana,GUY,2003,5.5098
Guyana,GUY,2004,6.1167006
Guyana,GUY,2005,6.4327006
Guyana,GUY,2006,6.7445
Guyana,GUY,2007,5
Guyana,GUY,2008,7.2507005
Guyana,GUY,2009,7.4548
Guyana,GUY,2010,7.6497006
Guyana,GUY,2011,7.2903004
Guyana,GUY,2012,3.265
Guyana,GUY,2013,5.162
Guyana,GUY,2014,14.441201
Guyana,GUY,2015,26.063402
Guyana,GUY,2016,10.101401
Guyana,GUY,2017,22.9752
Guyana,GUY,2018,24.784801
Guyana,GUY,2019,65.2067
Guyana,GUY,2020,65.5723
Guyana,GUY,2021,53.166603
Guyana,GUY,2022,55.986305
Guyana,GUY,2023,58.940403
Guyana,GUY,2024,64.4271
Haiti,HTI,1985,5.8182006
Haiti,HTI,1986,5.8182006
Haiti,HTI,1987,5.8182006
Haiti,HTI,1988,5.6364
Haiti,HTI,1989,5.4545
Haiti,HTI,1990,6.3151
Haiti,HTI,1991,4.0519
Haiti,HTI,1992,4.0598
Haiti,HTI,1993,4.0677
Haiti,HTI,1994,4.0755
Haiti,HTI,1995,4.0834002
Haiti,HTI,1996,4.0913
Haiti,HTI,1997,4.0991
Haiti,HTI,1998,4.0938
Haiti,HTI,1999,4.1668
Haiti,HTI,2000,4.5455003
Haiti,HTI,2001,3.6364
Haiti,HTI,2002,4.125
Haiti,HTI,2003,4.1071005
Haiti,HTI,2004,4.0625
Haiti,HTI,2005,4.1831
Haiti,HTI,2006,4.2260003
Haiti,HTI,2007,4.5122004
Haiti,HTI,2008,4.3204
Haiti,HTI,2009,4.3226004
Haiti,HTI,2010,4.3392005
Haiti,HTI,2011,4.3652005
Haiti,HTI,2012,4.3912005
Haiti,HTI,2013,4.3929
Haiti,HTI,2014,4.4146004
Haiti,HTI,2015,4.4435
Haiti,HTI,2016,4.4657006
Haiti,HTI,2017,4.4641004
Haiti,HTI,2018,4.4752
Haiti,HTI,2019,4.4857006
Haiti,HTI,2020,4.5016003
Haiti,HTI,2021,4.5257006
Haiti,HTI,2022,4.5406003
Haiti,HTI,2023,4.5565004
Haiti,HTI,2024,4.5723
High-income countries,OWID_HIC,1961,18.141577
High-income countries,OWID_HIC,1962,18.115454
High-income countries,OWID_HIC,1963,16.892427
High-income countries,OWID_HIC,1964,16.12831
High-income countries,OWID_HIC,1965,17.818573
High-income countries,OWID_HIC,1966,18.883532
High-income countries,OWID_HIC,1967,20.543344
High-income countries,OWID_HIC,1968,16.462399
High-income countries,OWID_HIC,1969,20.046423
High-income countries,OWID_HIC,1970,18.272861
High-income countries,OWID_HIC,1971,18.737885
High-income countries,OWID_HIC,1972,19.841278
High-income countries,OWID_HIC,1973,21.300583
High-income countries,OWID_HIC,1974,20.776215
High-income countries,OWID_HIC,1975,21.598045
High-income countries,OWID_HIC,1976,22.018656
High-income countries,OWID_HIC,1977,21.940838
High-income countries,OWID_HIC,1978,20.669163
High-income countries,OWID_HIC,1979,21.102345
High-income countries,OWID_HIC,1980,24.718084
High-income countries,OWID_HIC,1981,22.800438
High-income countries,OWID_HIC,1982,19.607439
High-income countries,OWID_HIC,1983,24.20209
High-income countries,OWID_HIC,1984,19.820408
High-income countries,OWID_HIC,1985,21.112381
High-income countries,OWID_HIC,1986,23.379444
High-income countries,OWID_HIC,1987,22.313545
High-income countries,OWID_HIC,1988,24.501564
High-income countries,OWID_HIC,1989,25.238909
High-income countries,OWID_HIC,1990,23.02134
High-income countries,OWID_HIC,1991,22.30972
High-income countries,OWID_HIC,1992,24.229172
High-income countries,OWID_HIC,1993,25.384386
High-income countries,OWID_HIC,1994,24.04782
High-income countries,OWID_HIC,1995,24.211151
High-income countries,OWID_HIC,1996,23.256264
High-income countries,OWID_HIC,1997,25.559658
High-income countries,OWID_HIC,1998,25.364027
High-income countries,OWID_HIC,1999,21.921633
High-income countries,OWID_HIC,2000,26.27656
High-income countries,OWID_HIC,2001,25.70865
High-income countries,OWID_HIC,2002,26.932917
High-income countries,OWID_HIC,2003,25.293726
High-income countries,OWID_HIC,2004,27.212526
High-income countries,OWID_HIC,2005,22.897816
High-income countries,OWID_HIC,2006,26.900867
High-income countries,OWID_HIC,2007,22.078215
High-income countries,OWID_HIC,2008,25.506416
High-income countries,OWID_HIC,2009,24.40701
High-income countries,OWID_HIC,2010,23.54471
High-income countries,OWID_HIC,2011,23.872116
High-income countries,OWID_HIC,2012,24.370993
High-income countries,OWID_HIC,2013,23.523737
High-income countries,OWID_HIC,2014,21.997152
High-income countries,OWID_HIC,2015,20.862148
High-income countries,OWID_HIC,2016,21.877321
High-income countries,OWID_HIC,2017,20.197605
High-income countries,OWID_HIC,2018,19.823809
High-income countries,OWID_HIC,2019,21.652733
High-income countries,OWID_HIC,2020,21.878393
High-income countries,OWID_HIC,2021,20.310305
High-income countries,OWID_HIC,2022,18.568867
High-income countries,OWID_HIC,2023,17.476383
High-income countries,OWID_HIC,2024,19.028143
Honduras,HND,1961,3.3087
Honduras,HND,1962,3.311
Honduras,HND,1963,3.3140001
Honduras,HND,1964,3.3129
Honduras,HND,1965,3.7729
Honduras,HND,1966,4.379
Honduras,HND,1967,4.5198
Honduras,HND,1968,4.3643
Honduras,HND,1969,4.3734
Honduras,HND,1970,4.374
Honduras,HND,1971,4.8250003
Honduras,HND,1972,5.4921002
Honduras,HND,1973,5.8696003
Honduras,HND,1974,5.8696003
Honduras,HND,1975,5.7732005
Honduras,HND,1976,5.4545
Honduras,HND,1977,5.3333
Honduras,HND,1978,5.2308
Honduras,HND,1979,5.2000003
Honduras,HND,1980,4.8533
Honduras,HND,1981,5.2000003
Honduras,HND,1982,5.3294
Honduras,HND,1983,5.1111
Honduras,HND,1984,5.0526004
Honduras,HND,1985,5
Honduras,HND,1986,5.0476003
Honduras,HND,1987,5.0909
Honduras,HND,1988,5.1304
Honduras,HND,1989,5.2400002
Honduras,HND,1990,6.5636005
Honduras,HND,1991,8.0509
Honduras,HND,1992,9.4196005
Honduras,HND,1993,10.5108
Honduras,HND,1994,10.5556
Honduras,HND,1995,10.296201
Honduras,HND,1996,10.154
Honduras,HND,1997,10.0426
Honduras,HND,1998,9.5495
Honduras,HND,1999,8.9351
Honduras,HND,2000,9.230801
Honduras,HND,2001,10.5185
Honduras,HND,2002,13.85
Honduras,HND,2003,13.6962
Honduras,HND,2004,13.561501
Honduras,HND,2005,13.443701
Honduras,HND,2006,13.488401
Honduras,HND,2007,14.191201
Honduras,HND,2008,14.233201
Honduras,HND,2009,14.593801
Honduras,HND,2010,15.726201
Honduras,HND,2011,14.5781
Honduras,HND,2012,13.8246
Honduras,HND,2013,13.674701
Honduras,HND,2014,30.000002
Honduras,HND,2015,30.000002
Honduras,HND,2016,30.000002
Honduras,HND,2017,30.000002
Honduras,HND,2018,30.000002
Honduras,HND,2019,30.377901
Honduras,HND,2020,31.037502
Honduras,HND,2021,30.798502
Honduras,HND,2022,29.8262
Honduras,HND,2023,29.936401
Honduras,HND,2024,29.956303
India,IND,1961,13.925901
India,IND,1962,12.407401
India,IND,1963,12.181801
India,IND,1964,12.3393
India,IND,1965,13.220301
India,IND,1966,12.8571005
India,IND,1967,13.333301
India,IND,1968,12.768401
India,IND,1969,12.500001
India,IND,1970,12.903201
India,IND,1971,12.7551
India,IND,1972,13.000001
India,IND,1973,12.000001
India,IND,1974,12.7451
India,IND,1975,11.734701
India,IND,1976,13.725501
India,IND,1977,11.978901
India,IND,1978,11.630401
India,IND,1979,12.417601
India,IND,1980,12.326301
India,IND,1981,11.737901
India,IND,1982,11.757001
India,IND,1983,10.864
India,IND,1984,11.713
India,IND,1985,11.7391
India,IND,1986,12.819
India,IND,1987,13.392901
India,IND,1988,11.6667
India,IND,1989,14.656501
India,IND,1990,14.565201
India,IND,1991,14.538501
India,IND,1992,11.875001
India,IND,1993,14.921301
India,IND,1994,11.5441
India,IND,1995,11.4118
India,IND,1996,10.5976
India,IND,1997,12.864301
India,IND,1998,13.0831
India,IND,1999,12.424401
India,IND,2000,13.523901
India,IND,2001,14.397
India,IND,2002,9.575901
India,IND,2003,5.3751
India,IND,2004,10.3810005
India,IND,2005,10.692901
India,IND,2006,9.2861
India,IND,2007,10.823701
India,IND,2008,11.3211
India,IND,2009,11.2241
India,IND,2010,11.211101
India,IND,2011,8.3822
India,IND,2012,7.6049004
India,IND,2013,10.8978
India,IND,2014,11.6
India,IND,2015,15.378201
India,IND,2016,14.2276
India,IND,2017,16.7828
India,IND,2018,17.689802
India,IND,2019,17.4591
India,IND,2020,18.581402
India,IND,2021,18.417501
India,IND,2022,17.083302
India,IND,2023,17
India,IND,2024,16.038
Indonesia,IDN,1961,4
Indonesia,IDN,1962,4
Indonesia,IDN,1963,4
Indonesia,IDN,1964,4
Indonesia,IDN,1965,4
Indonesia,IDN,1966,4
Indonesia,IDN,1967,4
Indonesia,IDN,1968,4
Indonesia,IDN,1969,4
Indonesia,IDN,1970,3.6897001
Indonesia,IDN,1971,4.1613
Indonesia,IDN,1972,5.4815
Indonesia,IDN,1973,5.0294003
Indonesia,IDN,1974,4.9701004
Indonesia,IDN,1975,5.6364
Indonesia,IDN,1976,4.75
Indonesia,IDN,1977,6.4646006
Indonesia,IDN,1978,7.0968003
Indonesia,IDN,1979,6.9677005
Indonesia,IDN,1980,6.9279003
Indonesia,IDN,1981,8.4566
Indonesia,IDN,1982,8.875
Indonesia,IDN,1983,7.6210003
Indonesia,IDN,1984,7.9554005
Indonesia,IDN,1985,6.6902003
Indonesia,IDN,1986,7.4578004
Indonesia,IDN,1987,7.0759
Indonesia,IDN,1988,6.1435003
Indonesia,IDN,1989,5.1089
Indonesia,IDN,1990,5.0513
Indonesia,IDN,1991,5.8233
Indonesia,IDN,1992,6.8007007
Indonesia,IDN,1993,7.0534
Indonesia,IDN,1994,5.8546004
Indonesia,IDN,1995,10.132701
Indonesia,IDN,1996,5.4927006
Indonesia,IDN,1997,5.2681003
Indonesia,IDN,1998,20.731302
Indonesia,IDN,1999,17.8286
Indonesia,IDN,2000,17.3505
Indonesia,IDN,2001,19.5502
Indonesia,IDN,2002,20.2436
Indonesia,IDN,2003,27.177502
Indonesia,IDN,2004,28.643303
Indonesia,IDN,2005,32.6152
Indonesia,IDN,2006,35.4406
Indonesia,IDN,2007,38.849003
Indonesia,IDN,2008,35.9331
Indonesia,IDN,2009,35.4173
Indonesia,IDN,2010,35.543102
Indonesia,IDN,2011,35.1909
Indonesia,IDN,2012,31.119701
Indonesia,IDN,2013,34.0867
Indonesia,IDN,2014,36.189804
Indonesia,IDN,2015,36.6901
Indonesia,IDN,2016,37.0825
Indonesia,IDN,2017,37.2249
Indonesia,IDN,2018,37.52
Indonesia,IDN,2019,37.4487
Indonesia,IDN,2020,37.346603
Indonesia,IDN,2021,37.798103
Indonesia,IDN,2022,37.789
Indonesia,IDN,2023,37.961002
Indonesia,IDN,2024,38.133003
Iran,IRN,1961,4.6364
Iran,IRN,1962,4.5833
Iran,IRN,1963,4.6400003
Iran,IRN,1964,4.5926003
Iran,IRN,1965,4.5517006
Iran,IRN,1966,4.7000003
Iran,IRN,1967,4.6923
Iran,IRN,1968,4.7625003
Iran,IRN,1969,4.7536
Iran,IRN,1970,4.8108
Iran,IRN,1971,4.8500004
Iran,IRN,1972,4.8506002
Iran,IRN,1973,4.8936005
Iran,IRN,1974,4.9703
Iran,IRN,1975,4.9818
Iran,IRN,1976,5.3097005
Iran,IRN,1977,5.6034
Iran,IRN,1978,6.5981
Iran,IRN,1979,6.9600005
Iran,IRN,1980,7.4227004
Iran,IRN,1981,8.4375
Iran,IRN,1982,9.4286
Iran,IRN,1983,9.7018
Iran,IRN,1984,9.967901
Iran,IRN,1985,12.3553
Iran,IRN,1986,12.844501
Iran,IRN,1987,12.273601
Iran,IRN,1988,13.0546
Iran,IRN,1989,13.030001
Iran,IRN,1990,14.583901
Iran,IRN,1991,13.420701
Iran,IRN,1992,18.793901
Iran,IRN,1993,14.8983
Iran,IRN,1994,15.524301
Iran,IRN,1995,14.582601
Iran,IRN,1996,15.404501
Iran,IRN,1997,15.4414015
Iran,IRN,1998,15.2888
Iran,IRN,1999,16.0771
Iran,IRN,2000,15.506801
Iran,IRN,2001,15.921501
Iran,IRN,2002,16.7072
Iran,IRN,2003,16.732801
Iran,IRN,2004,16.9711
Iran,IRN,2005,17.5577
Iran,IRN,2006,16.582901
Iran,IRN,2007,17.5237
Iran,IRN,2008,15.426101
Iran,IRN,2009,15.429901
Iran,IRN,2010,16.285902
Iran,IRN,2011,17.0201
Iran,IRN,2012,17.281502
Iran,IRN,2013,17.275902
Iran,IRN,2014,15.194701
Iran,IRN,2015,22.7709
Iran,IRN,2016,25.212002
Iran,IRN,2017,29.2542
Iran,IRN,2018,33.313
Iran,IRN,2019,37.1549
Iran,IRN,2020,38.810604
Iran,IRN,2021,34.018303
Iran,IRN,2022,36.255302
Iran,IRN,2023,37.7179
Iran,IRN,2024,39.1805
Iraq,IRQ,1985,5.0645003
Iraq,IRQ,1986,4.6571
Iraq,IRQ,1987,5.2941003
Iraq,IRQ,1988,5.3846
Iraq,IRQ,1989,4.7945004
Iraq,IRQ,1990,4.5
Iraq,IRQ,1991,4.9384003
Iraq,IRQ,1992,5
Iraq,IRQ,1993,4.8338
Iraq,IRQ,1994,7.1618
Iraq,IRQ,1995,9.9375
Iraq,IRQ,1996,10.3116
Iraq,IRQ,1997,10.4617
Iraq,IRQ,1998,10.2925005
Iraq,IRQ,1999,10
Iraq,IRQ,2000,9.6429
Iraq,IRQ,2001,12.452801
Iraq,IRQ,2002,12.384901
Iraq,IRQ,2003,7.5472007
Iraq,IRQ,2004,3.4340003
Iraq,IRQ,2005,2.9811003
Iraq,IRQ,2006,2.9434001
Iraq,IRQ,2007,2.7716002
Iraq,IRQ,2008,2.6826003
Iraq,IRQ,2009,2.7078001
Iraq,IRQ,2010,2.6306002
Iraq,IRQ,2011,2.1619
Iraq,IRQ,2012,2.0714
Iraq,IRQ,2013,2.059
Iraq,IRQ,2014,2.0248
Iraq,IRQ,2015,1.6604002
Iraq,IRQ,2016,1.4035001
Iraq,IRQ,2017,1.3477
Iraq,IRQ,2018,1.3402001
Iraq,IRQ,2019,1.335
Iraq,IRQ,2020,1.3694001
Iraq,IRQ,2021,1.5164001
Iraq,IRQ,2022,1.6680001
Iraq,IRQ,2023,1.2164
Iraq,IRQ,2024,1.1742
Israel,ISR,1961,19.960001
Israel,ISR,1962,21.77
Israel,ISR,1963,18.985
Israel,ISR,1964,20.79
Israel,ISR,1965,21.443302
Israel,ISR,1966,19.918802
Israel,ISR,1967,23.935902
Israel,ISR,1968,28.215002
Israel,ISR,1969,25.668802
Israel,ISR,1970,29.515802
Israel,ISR,1971,34.820004
Israel,ISR,1972,39.844604
Israel,ISR,1973,39.320004
Israel,ISR,1974,39.7633
Israel,ISR,1975,36.2778
Israel,ISR,1976,36.120304
Israel,ISR,1977,36.0835
Israel,ISR,1978,37.264503
Israel,ISR,1979,40.064503
Israel,ISR,1980,39.465
Israel,ISR,1981,34.1663
Israel,ISR,1982,45.3774
Israel,ISR,1983,39.610302
Israel,ISR,1984,42.666702
Israel,ISR,1985,42.287003
Israel,ISR,1986,35.725502
Israel,ISR,1987,45.6699
Israel,ISR,1988,33.414803
Israel,ISR,1989,30.067701
Israel,ISR,1990,49.9112
Israel,ISR,1991,35.2827
Israel,ISR,1992,34.488102
Israel,ISR,1993,29.5207
Israel,ISR,1994,30.782303
Israel,ISR,1995,36.2275
Israel,ISR,1996,37.302002
Israel,ISR,1997,39.4518
Israel,ISR,1998,33.786804
Israel,ISR,1999,26.055902
Israel,ISR,2000,34.4899
Israel,ISR,2001,40.8142
Israel,ISR,2002,29.230001
Israel,ISR,2003,26.325302
Israel,ISR,2004,22.166
Israel,ISR,2005,35.801502
Israel,ISR,2006,29.129002
Israel,ISR,2007,34.3697
Israel,ISR,2008,23.0672
Israel,ISR,2009,26.483301
Israel,ISR,2010,28.687101
Israel,ISR,2011,19.939402
Israel,ISR,2012,24.107302
Israel,ISR,2013,20.778402
Israel,ISR,2014,18.4147
Israel,ISR,2015,16.953802
Israel,ISR,2016,17.8404
Israel,ISR,2017,21.102802
Israel,ISR,2018,16.454302
Israel,ISR,2019,18.626402
Israel,ISR,2020,19.9934
Israel,ISR,2021,10.89
Israel,ISR,2022,27.0077
Israel,ISR,2023,30.125101
Israel,ISR,2024,23.412401
Italy,ITA,1961,13.9476
Italy,ITA,1962,11.9296
Italy,ITA,1963,14.4772005
Italy,ITA,1964,14.928301
Italy,ITA,1965,14.089001
Italy,ITA,1966,15.644901
Italy,ITA,1967,16.0861
Italy,ITA,1968,17.455301
Italy,ITA,1969,17.082802
Italy,ITA,1970,15.479001
Italy,ITA,1971,16.3946
Italy,ITA,1972,16.5891
Italy,ITA,1973,15.8216
Italy,ITA,1974,17.068901
Italy,ITA,1975,15.626501
Italy,ITA,1976,17.957
Italy,ITA,1977,15.4526005
Italy,ITA,1978,14.054901
Italy,ITA,1979,16.5118
Italy,ITA,1980,15.021501
Italy,ITA,1981,17.0555
Italy,ITA,1982,14.5116005
Italy,ITA,1983,22.203001
Italy,ITA,1984,14.911201
Italy,ITA,1985,20.576502
Italy,ITA,1986,21.275301
Italy,ITA,1987,12.9881
Italy,ITA,1988,20.969501
Italy,ITA,1989,19.730001
Italy,ITA,1990,16.7437
Italy,ITA,1991,17.419
Italy,ITA,1992,20.1847
Italy,ITA,1993,19.991901
Italy,ITA,1994,16.8431
Italy,ITA,1995,14.734701
Italy,ITA,1996,16.0401
Italy,ITA,1997,16.6837
Italy,ITA,1998,12.036701
Italy,ITA,1999,16.2616
Italy,ITA,2000,17.5916
Italy,ITA,2001,16.2071
Italy,ITA,2002,16.1726
Italy,ITA,2003,16.4659
Italy,ITA,2004,20.1236
Italy,ITA,2005,21.8272
Italy,ITA,2006,22.558401
Italy,ITA,2007,24.302902
Italy,ITA,2008,21.1816
Italy,ITA,2009,23.730402
Italy,ITA,2010,23.169
Italy,ITA,2011,24.2381
Italy,ITA,2012,21.2001
Italy,ITA,2013,19.1564
Italy,ITA,2014,19.3586
Italy,ITA,2015,21.9381
Italy,ITA,2016,18.781301
Italy,ITA,2017,18.786001
Italy,ITA,2018,19.231901
Italy,ITA,2019,20.161402
Italy,ITA,2020,21.064302
Italy,ITA,2021,21.0222
Italy,ITA,2022,21.0347
Italy,ITA,2023,21.533802
Italy,ITA,2024,21.260101
Jamaica,JAM,1961,9.288
Jamaica,JAM,1962,9.2771
Jamaica,JAM,1963,9.4905
Jamaica,JAM,1964,9.310401
Jamaica,JAM,1965,9.263401
Jamaica,JAM,1966,9.4967
Jamaica,JAM,1967,9.562301
Jamaica,JAM,1968,9.5601
Jamaica,JAM,1969,9.773901
Jamaica,JAM,1970,10.0218
Jamaica,JAM,1971,9.962501
Jamaica,JAM,1972,10.0193
Jamaica,JAM,1973,9.0031
Jamaica,JAM,1974,10.344501
Jamaica,JAM,1975,9.963201
Jamaica,JAM,1976,9.935901
Jamaica,JAM,1977,10.01
Jamaica,JAM,1978,10.346901
Jamaica,JAM,1979,9.757501
Jamaica,JAM,1980,10.037001
Jamaica,JAM,1981,10
Jamaica,JAM,1982,9.684401
Jamaica,JAM,1983,9.5994005
Jamaica,JAM,1984,9.092701
Jamaica,JAM,1985,9.9136
Jamaica,JAM,1986,9.8613
Jamaica,JAM,1987,13.3358
Jamaica,JAM,1988,9.7978
Jamaica,JAM,1989,10.206
Jamaica,JAM,1990,10.4701
Jamaica,JAM,1991,7.7120004
Jamaica,JAM,1992,9.7433
Jamaica,JAM,1993,10.285701
Jamaica,JAM,1994,9.7103
Jamaica,JAM,1995,9.8492
Jamaica,JAM,1996,9.814501
Jamaica,JAM,1997,9.7902
Jamaica,JAM,1998,9.7826
Jamaica,JAM,1999,9.7902
Jamaica,JAM,2000,9.8571005
Jamaica,JAM,2001,9.730901
Jamaica,JAM,2002,9.7826
Jamaica,JAM,2003,9.785701
Jamaica,JAM,2004,9.763801
Jamaica,JAM,2005,9.695701
Jamaica,JAM,2006,9.2915
Jamaica,JAM,2007,9.7941
Jamaica,JAM,2008,9.8001
Jamaica,JAM,2009,9.7456
Jamaica,JAM,2010,9.852401
Jamaica,JAM,2011,9.813001
Jamaica,JAM,2012,9.6481
Jamaica,JAM,2013,9.7194
Jamaica,JAM,2014,9.6146
Jamaica,JAM,2015,9.5888
Jamaica,JAM,2016,9.6536
Jamaica,JAM,2017,9.7211
Jamaica,JAM,2018,9.760501
Jamaica,JAM,2019,9.7713
Jamaica,JAM,2020,9.7576
Jamaica,JAM,2021,9.750401
Jamaica,JAM,2022,9.7356
Jamaica,JAM,2023,9.736
Jamaica,JAM,2024,9.7363
Japan,JPN,1961,15.181801
Japan,JPN,1962,14.192301
Japan,JPN,1963,10
Japan,JPN,1964,14.219201
Japan,JPN,1965,15.082801
Japan,JPN,1966,14.705901
Japan,JPN,1967,13.572201
Japan,JPN,1968,13.840401
Japan,JPN,1969,18.5497
Japan,JPN,1970,13.851901
Japan,JPN,1971,18.7622
Japan,JPN,1972,16.269701
Japan,JPN,1973,22.079102
Japan,JPN,1974,18.655201
Japan,JPN,1975,22.229902
Japan,JPN,1976,20.5393
Japan,JPN,1977,16.213501
Japan,JPN,1978,20.027802
Japan,JPN,1979,19.4064
Japan,JPN,1980,20.695902
Japan,JPN,1981,14.872401
Japan,JPN,1982,19.0876
Japan,JPN,1983,21.232302
Japan,JPN,1984,20.695002
Japan,JPN,1985,18.585901
Japan,JPN,1986,20.643402
Japan,JPN,1987,21.9357
Japan,JPN,1988,18.731901
Japan,JPN,1989,19.3551
Japan,JPN,1990,18.308302
Japan,JPN,1991,18.027302
Japan,JPN,1992,19.465302
Japan,JPN,1993,16.9811
Japan,JPN,1994,16.431002
Japan,JPN,1995,17.050001
Japan,JPN,1996,16.533302
Japan,JPN,1997,19.1429
Japan,JPN,1998,18.7879
Japan,JPN,1999,18.0195
Japan,JPN,2000,17.6271
Japan,JPN,2001,19.085901
Japan,JPN,2002,18.7977
Japan,JPN,2003,17.888401
Japan,JPN,2004,18.508402
Japan,JPN,2005,16.2745
Japan,JPN,2006,15.3023
Japan,JPN,2007,14.942501
Japan,JPN,2008,14.651201
Japan,JPN,2009,14.588201
Japan,JPN,2010,14.2691
Japan,JPN,2011,13.2081
Japan,JPN,2012,12.294701
Japan,JPN,2013,11.723801
Japan,JPN,2014,11.7071
Japan,JPN,2015,11.507001
Japan,JPN,2016,11.6488
Japan,JPN,2017,11.620701
Japan,JPN,2018,11.592901
Japan,JPN,2019,11.621
Japan,JPN,2020,11.611501
Japan,JPN,2021,11.6085005
Japan,JPN,2022,11.613701
Japan,JPN,2023,11.6112
Japan,JPN,2024,11.6111
Jordan,JOR,1961,7.5000005
Jordan,JOR,1962,9.8381
Jordan,JOR,1963,16.031301
Jordan,JOR,1964,16.6613
Jordan,JOR,1965,22.272501
Jordan,JOR,1966,21.1971
Jordan,JOR,1967,21.6912
Jordan,JOR,1968,9.3761
Jordan,JOR,1969,14.241501
Jordan,JOR,1970,6.6667004
Jordan,JOR,1971,6.3366003
Jordan,JOR,1972,12.2388
Jordan,JOR,1973,11.1547
Jordan,JOR,1974,10.455701
Jordan,JOR,1975,7.5962005
Jordan,JOR,1976,4.7139
Jordan,JOR,1977,14.565201
Jordan,JOR,1978,9.1776
Jordan,JOR,1979,11.522901
Jordan,JOR,1980,23.7502
Jordan,JOR,1981,22.307701
Jordan,JOR,1982,18.768301
Jordan,JOR,1983,25.059801
Jordan,JOR,1984,19.1429
Jordan,JOR,1985,16.344501
Jordan,JOR,1986,24.9157
Jordan,JOR,1987,20.536001
Jordan,JOR,1988,16.941502
Jordan,JOR,1989,16.7461
Jordan,JOR,1990,21.362803
Jordan,JOR,1991,19.840502
Jordan,JOR,1992,28.2254
Jordan,JOR,1993,18.388601
Jordan,JOR,1994,23.878
Jordan,JOR,1995,17.035301
Jordan,JOR,1996,19.0505
Jordan,JOR,1997,15.211301
Jordan,JOR,1998,18.9681
Jordan,JOR,1999,9.0592
Jordan,JOR,2000,19.0382
Jordan,JOR,2001,15.489501
Jordan,JOR,2002,15.825901
Jordan,JOR,2003,17.868
Jordan,JOR,2004,17.8609
Jordan,JOR,2005,19.107
Jordan,JOR,2006,20.045502
Jordan,JOR,2007,13.6026
Jordan,JOR,2008,14.023901
Jordan,JOR,2009,16.6709
Jordan,JOR,2010,16.4856
Jordan,JOR,2011,14.791401
Jordan,JOR,2012,15.471201
Jordan,JOR,2013,15.125201
Jordan,JOR,2014,14.693801
Jordan,JOR,2015,19.434502
Jordan,JOR,2016,19.192402
Jordan,JOR,2017,16.8127
Jordan,JOR,2018,18.369501
Jordan,JOR,2019,19.747501
Jordan,JOR,2020,16.8369
Jordan,JOR,2021,16.8791
Jordan,JOR,2022,19.652401
Jordan,JOR,2023,26.805502
Jordan,JOR,2024,20.305101
Kenya,KEN,1961,2.5
Kenya,KEN,1962,2.7500002
Kenya,KEN,1963,3.0000002
Kenya,KEN,1964,3.2500002
Kenya,KEN,1965,3.5000002
Kenya,KEN,1966,3.7500002
Kenya,KEN,1967,3.2
Kenya,KEN,1968,3.4
Kenya,KEN,1969,3.6000001
Kenya,KEN,1970,3.1667001
Kenya,KEN,1971,3.3333
Kenya,KEN,1972,3.5000002
Kenya,KEN,1973,3.6667001
Kenya,KEN,1974,3.2857
Kenya,KEN,1975,3.4286003
Kenya,KEN,1976,3.5714002
Kenya,KEN,1977,3.7143002
Kenya,KEN,1978,3.3750002
Kenya,KEN,1979,3.5000002
Kenya,KEN,1980,3.6250002
Kenya,KEN,1981,3.7500002
Kenya,KEN,1982,3.5556002
Kenya,KEN,1983,3.7778003
Kenya,KEN,1984,4
Kenya,KEN,1985,4.2222004
Kenya,KEN,1986,4.4444003
Kenya,KEN,1987,4.8889003
Kenya,KEN,1988,5.1111
Kenya,KEN,1989,5.3333
Kenya,KEN,1990,4.1480002
Kenya,KEN,1991,3.0761003
Kenya,KEN,1992,3.5886002
Kenya,KEN,1993,4.1011004
Kenya,KEN,1994,4.6135
Kenya,KEN,1995,5.1260004
Kenya,KEN,1996,5.6870003
Kenya,KEN,1997,6.1064
Kenya,KEN,1998,6.0870004
Kenya,KEN,1999,6.0000005
Kenya,KEN,2000,6.8921003
Kenya,KEN,2001,7.1641006
Kenya,KEN,2002,7.4428
Kenya,KEN,2003,7.7758
Kenya,KEN,2004,7.8355002
Kenya,KEN,2005,8.518201
Kenya,KEN,2006,8.4783
Kenya,KEN,2007,12.7451
Kenya,KEN,2008,12.307701
Kenya,KEN,2009,13.046301
Kenya,KEN,2010,16.1886
Kenya,KEN,2011,12.0958
Kenya,KEN,2012,10.2727
Kenya,KEN,2013,13.268201
Kenya,KEN,2014,14.9693
Kenya,KEN,2015,15.1686
Kenya,KEN,2016,11.7272005
Kenya,KEN,2017,9.4556
Kenya,KEN,2018,9.9615
Kenya,KEN,2019,8.2972
Kenya,KEN,2020,11.5397005
Kenya,KEN,2021,10.054501
Kenya,KEN,2022,10.773001
Kenya,KEN,2023,11.8623
Kenya,KEN,2024,9.3753
Kuwait,KWT,1991,2
Kuwait,KWT,1992,15.000001
Kuwait,KWT,1993,15.000001
Kuwait,KWT,1994,30.500002
Kuwait,KWT,1995,28.750002
Kuwait,KWT,1996,30.750002
Kuwait,KWT,1997,31.500002
Kuwait,KWT,1998,24.000002
Kuwait,KWT,1999,22.2222
Kuwait,KWT,2000,22.000002
Kuwait,KWT,2001,23.333302
Kuwait,KWT,2002,23.333302
Kuwait,KWT,2003,21.6667
Kuwait,KWT,2004,21.400002
Kuwait,KWT,2005,21.500002
Kuwait,KWT,2006,23.076902
Kuwait,KWT,2007,24.000002
Kuwait,KWT,2008,22.3684
Kuwait,KWT,2009,22.7027
Kuwait,KWT,2010,24.400002
Kuwait,KWT,2011,22.000002
Kuwait,KWT,2012,21.833302
Kuwait,KWT,2013,24.000002
Kuwait,KWT,2014,21.714302
Kuwait,KWT,2015,22.555601
Kuwait,KWT,2016,24.875002
Kuwait,KWT,2017,25.7
Kuwait,KWT,2018,25.987902
Kuwait,KWT,2019,29.220001
Kuwait,KWT,2020,22.000002
Kuwait,KWT,2021,25.000002
Kuwait,KWT,2022,26.000002
Kuwait,KWT,2023,25.364
Kuwait,KWT,2024,20.115402
Land Locked Developing Countries (FAO),,1961,8.8838005
Land Locked Developing Countries (FAO),,1962,10.8496
Land Locked Developing Countries (FAO),,1963,10.810201
Land Locked Developing Countries (FAO),,1964,10.997601
Land Locked Developing Countries (FAO),,1965,11.0273
Land Locked Developing Countries (FAO),,1966,10.374701
Land Locked Developing Countries (FAO),,1967,10.115901
Land Locked Developing Countries (FAO),,1968,10.145401
Land Locked Developing Countries (FAO),,1969,10.252201
Land Locked Developing Countries (FAO),,1970,10.375501
Land Locked Developing Countries (FAO),,1971,10.2517
Land Locked Developing Countries (FAO),,1972,10.160001
Land Locked Developing Countries (FAO),,1973,10.3588
Land Locked Developing Countries (FAO),,1974,9.2902
Land Locked Developing Countries (FAO),,1975,9.7172
Land Locked Developing Countries (FAO),,1976,10.254401
Land Locked Developing Countries (FAO),,1977,10.097
Land Locked Developing Countries (FAO),,1978,9.711
Land Locked Developing Countries (FAO),,1979,9.3908
Land Locked Developing Countries (FAO),,1980,9.679701
Land Locked Developing Countries (FAO),,1981,9.416201
Land Locked Developing Countries (FAO),,1982,10.160501
Land Locked Developing Countries (FAO),,1983,10.2572
Land Locked Developing Countries (FAO),,1984,8.912401
Land Locked Developing Countries (FAO),,1985,7.2537007
Land Locked Developing Countries (FAO),,1986,7.1840005
Land Locked Developing Countries (FAO),,1987,7.6101003
Land Locked Developing Countries (FAO),,1988,7.3961005
Land Locked Developing Countries (FAO),,1989,7.254
Land Locked Developing Countries (FAO),,1990,7.6124
Land Locked Developing Countries (FAO),,1991,7.4058003
Land Locked Developing Countries (FAO),,1992,7.5205
Land Locked Developing Countries (FAO),,1993,7.6520004
Land Locked Developing Countries (FAO),,1994,7.8555
Land Locked Developing Countries (FAO),,1995,7.7274003
Land Locked Developing Countries (FAO),,1996,7.5197005
Land Locked Developing Countries (FAO),,1997,7.9152007
Land Locked Developing Countries (FAO),,1998,7.9773
Land Locked Developing Countries (FAO),,1999,8.5647
Land Locked Developing Countries (FAO),,2000,7.4812007
Land Locked Developing Countries (FAO),,2001,7.3110003
Land Locked Developing Countries (FAO),,2002,8.199
Land Locked Developing Countries (FAO),,2003,8.6048
Land Locked Developing Countries (FAO),,2004,7.8272004
Land Locked Developing Countries (FAO),,2005,9.1256
Land Locked Developing Countries (FAO),,2006,9.2572
Land Locked Developing Countries (FAO),,2007,9.9191
Land Locked Developing Countries (FAO),,2008,10.708
Land Locked Developing Countries (FAO),,2009,10.545501
Land Locked Developing Countries (FAO),,2010,11.6713
Land Locked Developing Countries (FAO),,2011,11.295401
Land Locked Developing Countries (FAO),,2012,11.738901
Land Locked Developing Countries (FAO),,2013,12.6675005
Land Locked Developing Countries (FAO),,2014,11.074401
Land Locked Developing Countries (FAO),,2015,11.1055
Land Locked Developing Countries (FAO),,2016,12.445401
Land Locked Developing Countries (FAO),,2017,12.862301
Land Locked Developing Countries (FAO),,2018,10.8393
Land Locked Developing Countries (FAO),,2019,11.044901
Land Locked Developing Countries (FAO),,2020,11.6315
Land Locked Developing Countries (FAO),,2021,11.668
Land Locked Developing Countries (FAO),,2022,12.5438
Land Locked Developing Countries (FAO),,2023,13.0725
Land Locked Developing Countries (FAO),,2024,12.897501
Laos,LAO,1961,6.0000005
Laos,LAO,1962,6.0465
Laos,LAO,1963,6.0000005
Laos,LAO,1964,6.0000005
Laos,LAO,1965,6.0870004
Laos,LAO,1966,6.0870004
Laos,LAO,1967,6.0000005
Laos,LAO,1968,5.8696003
Laos,LAO,1969,6.0000005
Laos,LAO,1970,6.0714
Laos,LAO,1971,6.0377007
Laos,LAO,1972,6.0714
Laos,LAO,1973,6.0714
Laos,LAO,1974,6.0345
Laos,LAO,1975,5.9259
Laos,LAO,1976,6.0714
Laos,LAO,1977,6.0377007
Laos,LAO,1978,6.2000003
Laos,LAO,1979,6.0000005
Laos,LAO,1980,6.0000005
Laos,LAO,1981,6.0606003
Laos,LAO,1982,6.0606003
Laos,LAO,1983,6.0000005
Laos,LAO,1984,6.1111
Laos,LAO,1985,6.3889003
Laos,LAO,1986,6.3889003
Laos,LAO,1987,5.5556
Laos,LAO,1988,5
Laos,LAO,1989,5.5556
Laos,LAO,1990,5.9055004
Laos,LAO,1991,6.5306005
Laos,LAO,1992,6.6141005
Laos,LAO,1993,6.6310005
Laos,LAO,1994,6.4204
Laos,LAO,1995,5.7143
Laos,LAO,1996,6.7224
Laos,LAO,1997,6.9352007
Laos,LAO,1998,7.7778
Laos,LAO,1999,7.2215004
Laos,LAO,2000,7.6316004
Laos,LAO,2001,7.3179
Laos,LAO,2002,7.2500005
Laos,LAO,2003,7.4917006
Laos,LAO,2004,7.5000005
Laos,LAO,2005,7.769201
Laos,LAO,2006,7.7273
Laos,LAO,2007,7.8333
Laos,LAO,2008,7.7419004
Laos,LAO,2009,7.9257007
Laos,LAO,2010,8.0188
Laos,LAO,2011,8.1039
Laos,LAO,2012,8.400001
Laos,LAO,2013,8.272401
Laos,LAO,2014,8.352401
Laos,LAO,2015,8.475
Laos,LAO,2016,8.3682
Laos,LAO,2017,8.5246
Laos,LAO,2018,8.1694
Laos,LAO,2019,8.3623
Laos,LAO,2020,8.4976
Laos,LAO,2021,8.572401
Laos,LAO,2022,8.5403
Laos,LAO,2023,8.5708
Laos,LAO,2024,8.603901
Least Developed Countries (FAO),,1961,8.628401
Least Developed Countries (FAO),,1962,9.085701
Least Developed Countries (FAO),,1963,9.2353
Least Developed Countries (FAO),,1964,9.414801
Least Developed Countries (FAO),,1965,9.4458
Least Developed Countries (FAO),,1966,9.769901
Least Developed Countries (FAO),,1967,9.132701
Least Developed Countries (FAO),,1968,9.0754
Least Developed Countries (FAO),,1969,9.366501
Least Developed Countries (FAO),,1970,9.5251
Least Developed Countries (FAO),,1971,9.280201
Least Developed Countries (FAO),,1972,9.8055
Least Developed Countries (FAO),,1973,9.5851
Least Developed Countries (FAO),,1974,9.4088
Least Developed Countries (FAO),,1975,9.4186
Least Developed Countries (FAO),,1976,8.529401
Least Developed Countries (FAO),,1977,8.541
Least Developed Countries (FAO),,1978,8.4147005
Least Developed Countries (FAO),,1979,8.685901
Least Developed Countries (FAO),,1980,8.7867
Least Developed Countries (FAO),,1981,8.9233
Least Developed Countries (FAO),,1982,8.8843
Least Developed Countries (FAO),,1983,8.953901
Least Developed Countries (FAO),,1984,8.9833
Least Developed Countries (FAO),,1985,6.3237004
Least Developed Countries (FAO),,1986,6.4141
Least Developed Countries (FAO),,1987,6.4584002
Least Developed Countries (FAO),,1988,6.4965005
Least Developed Countries (FAO),,1989,6.6457005
Least Developed Countries (FAO),,1990,6.8289003
Least Developed Countries (FAO),,1991,6.7760005
Least Developed Countries (FAO),,1992,6.8597007
Least Developed Countries (FAO),,1993,7.0177007
Least Developed Countries (FAO),,1994,7.1424003
Least Developed Countries (FAO),,1995,6.7815003
Least Developed Countries (FAO),,1996,6.6678
Least Developed Countries (FAO),,1997,6.9787006
Least Developed Countries (FAO),,1998,7.4515004
Least Developed Countries (FAO),,1999,7.6506004
Least Developed Countries (FAO),,2000,7.4023004
Least Developed Countries (FAO),,2001,7.1489
Least Developed Countries (FAO),,2002,7.951
Least Developed Countries (FAO),,2003,8.184
Least Developed Countries (FAO),,2004,7.1241
Least Developed Countries (FAO),,2005,8.2588005
Least Developed Countries (FAO),,2006,8.415501
Least Developed Countries (FAO),,2007,8.1126
Least Developed Countries (FAO),,2008,8.4708
Least Developed Countries (FAO),,2009,8.6346
Least Developed Countries (FAO),,2010,9.408501
Least Developed Countries (FAO),,2011,9.2598
Least Developed Countries (FAO),,2012,9.508401
Least Developed Countries (FAO),,2013,9.946
Least Developed Countries (FAO),,2014,8.8856
Least Developed Countries (FAO),,2015,8.8646
Least Developed Countries (FAO),,2016,9.7019005
Least Developed Countries (FAO),,2017,9.969901
Least Developed Countries (FAO),,2018,8.770201
Least Developed Countries (FAO),,2019,8.980801
Least Developed Countries (FAO),,2020,9.42
Least Developed Countries (FAO),,2021,9.5319
Least Developed Countries (FAO),,2022,9.638401
Least Developed Countries (FAO),,2023,9.8836
Least Developed Countries (FAO),,2024,9.868901
Lebanon,LBN,1961,22.2807
Lebanon,LBN,1962,22.931002
Lebanon,LBN,1963,24.1935
Lebanon,LBN,1964,20.714302
Lebanon,LBN,1965,17.1741
Lebanon,LBN,1966,19.169601
Lebanon,LBN,1967,19.5512
Lebanon,LBN,1968,20.0839
Lebanon,LBN,1969,18.381
Lebanon,LBN,1970,20.030201
Lebanon,LBN,1971,19.3162
Lebanon,LBN,1972,22.541601
Lebanon,LBN,1973,27.147802
Lebanon,LBN,1974,30.6511
Lebanon,LBN,1975,29.333302
Lebanon,LBN,1976,29.333302
Lebanon,LBN,1977,27.500002
Lebanon,LBN,1978,28.395102
Lebanon,LBN,1979,30.000002
Lebanon,LBN,1980,29.333302
Lebanon,LBN,1981,26.6667
Lebanon,LBN,1982,27.333302
Lebanon,LBN,1983,27.4667
Lebanon,LBN,1984,27.500002
Lebanon,LBN,1985,29.268303
Lebanon,LBN,1986,26.219501
Lebanon,LBN,1987,28.560001
Lebanon,LBN,1988,28.4512
Lebanon,LBN,1989,28.6297
Lebanon,LBN,1990,28.0617
Lebanon,LBN,1991,26.054201
Lebanon,LBN,1992,26.446402
Lebanon,LBN,1993,23.333302
Lebanon,LBN,1994,24.792501
Lebanon,LBN,1995,25.000002
Lebanon,LBN,1996,25.2495
Lebanon,LBN,1997,22.3372
Lebanon,LBN,1998,21.9157
Lebanon,LBN,1999,23.2381
Lebanon,LBN,2000,17.278902
Lebanon,LBN,2001,17.5056
Lebanon,LBN,2002,17.6591
Lebanon,LBN,2003,21.856802
Lebanon,LBN,2004,22.138102
Lebanon,LBN,2005,23.098001
Lebanon,LBN,2006,22.000002
Lebanon,LBN,2007,22.096601
Lebanon,LBN,2008,21.990402
Lebanon,LBN,2009,21.4806
Lebanon,LBN,2010,21.4766
Lebanon,LBN,2011,22.142902
Lebanon,LBN,2012,22.6921
Lebanon,LBN,2013,22.901302
Lebanon,LBN,2014,25.1126
Lebanon,LBN,2015,28.425001
Lebanon,LBN,2016,33.566303
Lebanon,LBN,2017,34.777103
Lebanon,LBN,2018,22.7595
Lebanon,LBN,2019,23.386402
Lebanon,LBN,2020,22.1401
Lebanon,LBN,2021,17.8012
Lebanon,LBN,2022,17.847301
Lebanon,LBN,2023,17.863401
Lebanon,LBN,2024,19.736801
Liberia,LBR,1961,2.7778
Liberia,LBR,1962,2.7778
Liberia,LBR,1963,2.7778
Liberia,LBR,1964,2.7778
Liberia,LBR,1965,2.7778
Liberia,LBR,1966,2.7778
Liberia,LBR,1967,2.7778
Liberia,LBR,1968,2.7778
Liberia,LBR,1969,2.8333
Liberia,LBR,1970,2.8889
Liberia,LBR,1971,2.8811002
Liberia,LBR,1972,2.9459
Liberia,LBR,1973,3.0270002
Liberia,LBR,1974,3.1081002
Liberia,LBR,1975,3.1053002
Liberia,LBR,1976,3.1579
Liberia,LBR,1977,3.2632
Liberia,LBR,1978,3.3158002
Liberia,LBR,1979,3.4211004
Liberia,LBR,1980,3.4737
Liberia,LBR,1981,3.5263002
Liberia,LBR,1982,3.5385
Liberia,LBR,1983,3.5897002
Liberia,LBR,1984,3.5897002
Liberia,LBR,1985,3.6923003
Liberia,LBR,1986,3.5897002
Liberia,LBR,1987,3.5897002
Liberia,LBR,1988,3.5897002
Liberia,LBR,1989,3.5897002
Liberia,LBR,1990,3.6507
Liberia,LBR,1991,3.3384001
Liberia,LBR,1992,3.3487
Liberia,LBR,1993,3.3591003
Liberia,LBR,1994,3.3694
Liberia,LBR,1995,3.3798003
Liberia,LBR,1996,3.3901002
Liberia,LBR,1997,3.4005
Liberia,LBR,1998,3.4108002
Liberia,LBR,1999,3.4212
Liberia,LBR,2000,3.4315002
Liberia,LBR,2001,3.4419
Liberia,LBR,2002,3.4522002
Liberia,LBR,2003,3.4626002
Liberia,LBR,2004,3.4740002
Liberia,LBR,2005,3.4853003
Liberia,LBR,2006,3.1922002
Liberia,LBR,2007,3.5122
Liberia,LBR,2008,3.5352
Liberia,LBR,2009,3.5471003
Liberia,LBR,2010,3.5588002
Liberia,LBR,2011,3.5705001
Liberia,LBR,2012,3.5870001
Liberia,LBR,2013,3.5923002
Liberia,LBR,2014,3.5881002
Liberia,LBR,2015,3.6058002
Liberia,LBR,2016,3.6064
Liberia,LBR,2017,3.6219
Liberia,LBR,2018,3.627
Liberia,LBR,2019,3.6345003
Liberia,LBR,2020,3.6438003
Liberia,LBR,2021,3.6627002
Liberia,LBR,2022,3.6745002
Liberia,LBR,2023,3.6851003
Liberia,LBR,2024,3.6295002
Libya,LBY,1961,13.4785
Libya,LBY,1962,13.550701
Libya,LBY,1963,12.987401
Libya,LBY,1964,12.8613
Libya,LBY,1965,13.1911
Libya,LBY,1966,12.266701
Libya,LBY,1967,11.486701
Libya,LBY,1968,11.4357
Libya,LBY,1969,12.091901
Libya,LBY,1970,12.122901
Libya,LBY,1971,12.0856
Libya,LBY,1972,11.8105
Libya,LBY,1973,11.456
Libya,LBY,1974,13.578501
Libya,LBY,1975,12.694501
Libya,LBY,1976,11.8241005
Libya,LBY,1977,10.849701
Libya,LBY,1978,11.7611
Libya,LBY,1979,11.2222
Libya,LBY,1980,11.0085
Libya,LBY,1981,12.1787
Libya,LBY,1982,12.019701
Libya,LBY,1983,11.298901
Libya,LBY,1984,11.259201
Libya,LBY,1985,11.1111
Libya,LBY,1986,12.000001
Libya,LBY,1987,12.000001
Libya,LBY,1988,11.388901
Libya,LBY,1989,11.466701
Libya,LBY,1990,11.375001
Libya,LBY,1991,10.6667
Libya,LBY,1992,10.7692
Libya,LBY,1993,10.909101
Libya,LBY,1994,10.76
Libya,LBY,1995,10.227301
Libya,LBY,1996,10.225
Libya,LBY,1997,9.9012
Libya,LBY,1998,9.878
Libya,LBY,1999,10.120501
Libya,LBY,2000,10.119
Libya,LBY,2001,10.086
Libya,LBY,2002,10.070201
Libya,LBY,2003,10.056001
Libya,LBY,2004,10.0795
Libya,LBY,2005,10.029301
Libya,LBY,2006,10
Libya,LBY,2007,10.0156
Libya,LBY,2008,10.023201
Libya,LBY,2009,10.0308
Libya,LBY,2010,10.087001
Libya,LBY,2011,10.0227
Libya,LBY,2012,10
Libya,LBY,2013,9.988501
Libya,LBY,2014,9.980201
Libya,LBY,2015,9.9982
Libya,LBY,2016,9.9888
Libya,LBY,2017,9.9792
Libya,LBY,2018,10.0213
Libya,LBY,2019,10.013401
Libya,LBY,2020,10.009401
Libya,LBY,2021,10
Libya,LBY,2022,9.990701
Libya,LBY,2023,10
Libya,LBY,2024,10.0091
Low Income Food Deficit Countries (FAO),,1961,6.5376005
Low Income Food Deficit Countries (FAO),,1962,7.0670004
Low Income Food Deficit Countries (FAO),,1963,6.9533
Low Income Food Deficit Countries (FAO),,1964,7.0241003
Low Income Food Deficit Countries (FAO),,1965,6.9338
Low Income Food Deficit Countries (FAO),,1966,6.9890003
Low Income Food Deficit Countries (FAO),,1967,6.9261003
Low Income Food Deficit Countries (FAO),,1968,6.9058003
Low Income Food Deficit Countries (FAO),,1969,7.1035004
Low Income Food Deficit Countries (FAO),,1970,7.1443
Low Income Food Deficit Countries (FAO),,1971,6.9561005
Low Income Food Deficit Countries (FAO),,1972,7.3267007
Low Income Food Deficit Countries (FAO),,1973,7.3146005
Low Income Food Deficit Countries (FAO),,1974,7.3822007
Low Income Food Deficit Countries (FAO),,1975,7.4049
Low Income Food Deficit Countries (FAO),,1976,6.8821006
Low Income Food Deficit Countries (FAO),,1977,6.8960004
Low Income Food Deficit Countries (FAO),,1978,6.7122006
Low Income Food Deficit Countries (FAO),,1979,7.0472007
Low Income Food Deficit Countries (FAO),,1980,7.0895004
Low Income Food Deficit Countries (FAO),,1981,7.2402005
Low Income Food Deficit Countries (FAO),,1982,7.1869
Low Income Food Deficit Countries (FAO),,1983,7.2908
Low Income Food Deficit Countries (FAO),,1984,7.3137007
Low Income Food Deficit Countries (FAO),,1985,5.9889
Low Income Food Deficit Countries (FAO),,1986,6.4711003
Low Income Food Deficit Countries (FAO),,1987,6.7488003
Low Income Food Deficit Countries (FAO),,1988,7.0692005
Low Income Food Deficit Countries (FAO),,1989,7.1393003
Low Income Food Deficit Countries (FAO),,1990,7.2613
Low Income Food Deficit Countries (FAO),,1991,7.267
Low Income Food Deficit Countries (FAO),,1992,6.9562006
Low Income Food Deficit Countries (FAO),,1993,7.7749004
Low Income Food Deficit Countries (FAO),,1994,8.6695
Low Income Food Deficit Countries (FAO),,1995,8.2426
Low Income Food Deficit Countries (FAO),,1996,8.608201
Low Income Food Deficit Countries (FAO),,1997,7.7347007
Low Income Food Deficit Countries (FAO),,1998,9.5276
Low Income Food Deficit Countries (FAO),,1999,9.1099
Low Income Food Deficit Countries (FAO),,2000,9.1566
Low Income Food Deficit Countries (FAO),,2001,9.274401
Low Income Food Deficit Countries (FAO),,2002,9.743901
Low Income Food Deficit Countries (FAO),,2003,9.6256
Low Income Food Deficit Countries (FAO),,2004,9.246301
Low Income Food Deficit Countries (FAO),,2005,10.033501
Low Income Food Deficit Countries (FAO),,2006,10.628401
Low Income Food Deficit Countries (FAO),,2007,10.384001
Low Income Food Deficit Countries (FAO),,2008,11.2068
Low Income Food Deficit Countries (FAO),,2009,11.469001
Low Income Food Deficit Countries (FAO),,2010,11.807
Low Income Food Deficit Countries (FAO),,2011,11.712701
Low Income Food Deficit Countries (FAO),,2012,10.919001
Low Income Food Deficit Countries (FAO),,2013,12.412001
Low Income Food Deficit Countries (FAO),,2014,11.275701
Low Income Food Deficit Countries (FAO),,2015,11.642301
Low Income Food Deficit Countries (FAO),,2016,11.580701
Low Income Food Deficit Countries (FAO),,2017,11.750901
Low Income Food Deficit Countries (FAO),,2018,10.9903
Low Income Food Deficit Countries (FAO),,2019,11.1526
Low Income Food Deficit Countries (FAO),,2020,10.7501
Low Income Food Deficit Countries (FAO),,2021,10.9031
Low Income Food Deficit Countries (FAO),,2022,10.140201
Low Income Food Deficit Countries (FAO),,2023,11.173401
Low Income Food Deficit Countries (FAO),,2024,10.8835
Low-income countries,OWID_LIC,1961,7.231575
Low-income countries,OWID_LIC,1962,8.440728
Low-income countries,OWID_LIC,1963,8.207152
Low-income countries,OWID_LIC,1964,8.327959
Low-income countries,OWID_LIC,1965,8.287517
Low-income countries,OWID_LIC,1966,8.340787
Low-income countries,OWID_LIC,1967,8.3202095
Low-income countries,OWID_LIC,1968,7.990268
Low-income countries,OWID_LIC,1969,8.283104
Low-income countries,OWID_LIC,1970,8.479287
Low-income countries,OWID_LIC,1971,8.135924
Low-income countries,OWID_LIC,1972,9.011325
Low-income countries,OWID_LIC,1973,8.99076
Low-income countries,OWID_LIC,1974,8.78686
Low-income countries,OWID_LIC,1975,8.826902
Low-income countries,OWID_LIC,1976,7.847364
Low-income countries,OWID_LIC,1977,8.038746
Low-income countries,OWID_LIC,1978,7.8052707
Low-income countries,OWID_LIC,1979,8.404149
Low-income countries,OWID_LIC,1980,8.362207
Low-income countries,OWID_LIC,1981,8.571771
Low-income countries,OWID_LIC,1982,8.549229
Low-income countries,OWID_LIC,1983,8.664903
Low-income countries,OWID_LIC,1984,8.783454
Low-income countries,OWID_LIC,1985,7.219787
Low-income countries,OWID_LIC,1986,7.9158864
Low-income countries,OWID_LIC,1987,8.275414
Low-income countries,OWID_LIC,1988,8.728943
Low-income countries,OWID_LIC,1989,9.025588
Low-income countries,OWID_LIC,1990,8.977493
Low-income countries,OWID_LIC,1991,9.110031
Low-income countries,OWID_LIC,1992,8.419993
Low-income countries,OWID_LIC,1993,9.404222
Low-income countries,OWID_LIC,1994,10.772197
Low-income countries,OWID_LIC,1995,9.936478
Low-income countries,OWID_LIC,1996,10.884829
Low-income countries,OWID_LIC,1997,9.213036
Low-income countries,OWID_LIC,1998,12.252554
Low-income countries,OWID_LIC,1999,11.665806
Low-income countries,OWID_LIC,2000,11.253597
Low-income countries,OWID_LIC,2001,11.263733
Low-income countries,OWID_LIC,2002,12.297688
Low-income countries,OWID_LIC,2003,11.559164
Low-income countries,OWID_LIC,2004,10.832055
Low-income countries,OWID_LIC,2005,12.401179
Low-income countries,OWID_LIC,2006,13.736733
Low-income countries,OWID_LIC,2007,12.935702
Low-income countries,OWID_LIC,2008,13.71655
Low-income countries,OWID_LIC,2009,14.290724
Low-income countries,OWID_LIC,2010,14.507033
Low-income countries,OWID_LIC,2011,14.6308155
Low-income countries,OWID_LIC,2012,13.173132
Low-income countries,OWID_LIC,2013,15.551107
Low-income countries,OWID_LIC,2014,14.232641
Low-income countries,OWID_LIC,2015,14.729125
Low-income countries,OWID_LIC,2016,14.408197
Low-income countries,OWID_LIC,2017,14.556173
Low-income countries,OWID_LIC,2018,13.157546
Low-income countries,OWID_LIC,2019,13.280916
Low-income countries,OWID_LIC,2020,11.825201
Low-income countries,OWID_LIC,2021,12.097503
Low-income countries,OWID_LIC,2022,10.553652
Low-income countries,OWID_LIC,2023,12.191437
Low-income countries,OWID_LIC,2024,11.7498455
Lower-middle-income countries,OWID_LMC,1961,5.7827983
Lower-middle-income countries,OWID_LMC,1962,4.992427
Lower-middle-income countries,OWID_LMC,1963,4.916236
Lower-middle-income countries,OWID_LMC,1964,5.552807
Lower-middle-income countries,OWID_LMC,1965,5.349306
Lower-middle-income countries,OWID_LMC,1966,13.026892
Lower-middle-income countries,OWID_LMC,1967,13.305514
Lower-middle-income countries,OWID_LMC,1968,13.129041
Lower-middle-income countries,OWID_LMC,1969,13.369
Lower-middle-income countries,OWID_LMC,1970,13.381614
Lower-middle-income countries,OWID_LMC,1971,13.196912
Lower-middle-income countries,OWID_LMC,1972,13.44444
Lower-middle-income countries,OWID_LMC,1973,14.093323
Lower-middle-income countries,OWID_LMC,1974,13.942777
Lower-middle-income countries,OWID_LMC,1975,12.879617
Lower-middle-income countries,OWID_LMC,1976,13.11286
Lower-middle-income countries,OWID_LMC,1977,12.078025
Lower-middle-income countries,OWID_LMC,1978,13.446607
Lower-middle-income countries,OWID_LMC,1979,13.773446
Lower-middle-income countries,OWID_LMC,1980,13.264007
Lower-middle-income countries,OWID_LMC,1981,12.5353365
Lower-middle-income countries,OWID_LMC,1982,13.178523
Lower-middle-income countries,OWID_LMC,1983,12.963474
Lower-middle-income countries,OWID_LMC,1984,12.957781
Lower-middle-income countries,OWID_LMC,1985,11.034923
Lower-middle-income countries,OWID_LMC,1986,11.285513
Lower-middle-income countries,OWID_LMC,1987,11.334531
Lower-middle-income countries,OWID_LMC,1988,11.093627
Lower-middle-income countries,OWID_LMC,1989,12.371967
Lower-middle-income countries,OWID_LMC,1990,12.325289
Lower-middle-income countries,OWID_LMC,1991,13.658812
Lower-middle-income countries,OWID_LMC,1992,12.305834
Lower-middle-income countries,OWID_LMC,1993,12.295073
Lower-middle-income countries,OWID_LMC,1994,12.333833
Lower-middle-income countries,OWID_LMC,1995,12.257355
Lower-middle-income countries,OWID_LMC,1996,12.833237
Lower-middle-income countries,OWID_LMC,1997,12.614674
Lower-middle-income countries,OWID_LMC,1998,13.124615
Lower-middle-income countries,OWID_LMC,1999,12.589283
Lower-middle-income countries,OWID_LMC,2000,12.762713
Lower-middle-income countries,OWID_LMC,2001,12.8215685
Lower-middle-income countries,OWID_LMC,2002,11.921842
Lower-middle-income countries,OWID_LMC,2003,11.012437
Lower-middle-income countries,OWID_LMC,2004,12.58161
Lower-middle-income countries,OWID_LMC,2005,13.201325
Lower-middle-income countries,OWID_LMC,2006,12.658681
Lower-middle-income countries,OWID_LMC,2007,12.96993
Lower-middle-income countries,OWID_LMC,2008,13.350039
Lower-middle-income countries,OWID_LMC,2009,13.491557
Lower-middle-income countries,OWID_LMC,2010,13.316505
Lower-middle-income countries,OWID_LMC,2011,13.725873
Lower-middle-income countries,OWID_LMC,2012,13.667222
Lower-middle-income countries,OWID_LMC,2013,13.525861
Lower-middle-income countries,OWID_LMC,2014,14.564498
Lower-middle-income countries,OWID_LMC,2015,16.255493
Lower-middle-income countries,OWID_LMC,2016,15.537251
Lower-middle-income countries,OWID_LMC,2017,16.744268
Lower-middle-income countries,OWID_LMC,2018,17.265884
Lower-middle-income countries,OWID_LMC,2019,17.959707
Lower-middle-income countries,OWID_LMC,2020,17.482752
Lower-middle-income countries,OWID_LMC,2021,17.613138
Lower-middle-income countries,OWID_LMC,2022,17.201353
Lower-middle-income countries,OWID_LMC,2023,17.1067
Lower-middle-income countries,OWID_LMC,2024,17.815535
Madagascar,MDG,1961,7.5000005
Madagascar,MDG,1962,7.0000005
Madagascar,MDG,1963,7.0000005
Madagascar,MDG,1964,7.0000005
Madagascar,MDG,1965,6.5000005
Madagascar,MDG,1966,6.6667004
Madagascar,MDG,1967,5.3333
Madagascar,MDG,1968,6.0000005
Madagascar,MDG,1969,6.7179003
Madagascar,MDG,1970,8.1071005
Madagascar,MDG,1971,7.0867004
Madagascar,MDG,1972,9.825001
Madagascar,MDG,1973,9.817101
Madagascar,MDG,1974,8.4117
Madagascar,MDG,1975,9.3941
Madagascar,MDG,1976,5.4481006
Madagascar,MDG,1977,6.3244004
Madagascar,MDG,1978,5.8291006
Madagascar,MDG,1979,8.4068
Madagascar,MDG,1980,8.1355
Madagascar,MDG,1981,8.3269005
Madagascar,MDG,1982,8.4211
Madagascar,MDG,1983,8.423901
Madagascar,MDG,1984,8.4223
Madagascar,MDG,1985,8.4189005
Madagascar,MDG,1986,7.8752007
Madagascar,MDG,1987,7.3455005
Madagascar,MDG,1988,7.5455003
Madagascar,MDG,1989,7.0000005
Madagascar,MDG,1990,6.8
Madagascar,MDG,1991,7.0000005
Madagascar,MDG,1992,6.8
Madagascar,MDG,1993,6.6154003
Madagascar,MDG,1994,6.6053
Madagascar,MDG,1995,6.5532007
Madagascar,MDG,1996,6.5061
Madagascar,MDG,1997,6.5452003
Madagascar,MDG,1998,6.5202007
Madagascar,MDG,1999,6.4880004
Madagascar,MDG,2000,6.4728003
Madagascar,MDG,2001,6.4122005
Madagascar,MDG,2002,6.4307003
Madagascar,MDG,2003,6.4394
Madagascar,MDG,2004,6.3983
Madagascar,MDG,2005,6.4074
Madagascar,MDG,2006,6.2857003
Madagascar,MDG,2007,6.0000005
Madagascar,MDG,2008,6.1080003
Madagascar,MDG,2009,6.0375004
Madagascar,MDG,2010,5.6000004
Madagascar,MDG,2011,6.2058
Madagascar,MDG,2012,6.6923003
Madagascar,MDG,2013,6.6538
Madagascar,MDG,2014,6.5270004
Madagascar,MDG,2015,6.3532004
Madagascar,MDG,2016,6.2139
Madagascar,MDG,2017,6.1345005
Madagascar,MDG,2018,6.0880003
Madagascar,MDG,2019,6.0667005
Madagascar,MDG,2020,6.0651
Madagascar,MDG,2021,6.1513
Madagascar,MDG,2022,6.1669
Madagascar,MDG,2023,6.1646004
Madagascar,MDG,2024,6.1623
Malawi,MWI,2014,8.095201
Malawi,MWI,2015,7.996701
Malawi,MWI,2016,8.0059
Malawi,MWI,2017,8.0354
Malawi,MWI,2018,6.1529
Malawi,MWI,2019,7.3725004
Malawi,MWI,2020,7.1171002
Malawi,MWI,2021,6.9790006
Malawi,MWI,2022,7.0464
Malawi,MWI,2023,6.9676003
Malawi,MWI,2024,6.8888
Malaysia,MYS,1961,5
Malaysia,MYS,1962,5
Malaysia,MYS,1963,5
Malaysia,MYS,1964,5
Malaysia,MYS,1965,4.8889003
Malaysia,MYS,1966,5
Malaysia,MYS,1967,5
Malaysia,MYS,1968,5
Malaysia,MYS,1969,4.9231005
Malaysia,MYS,1970,5
Malaysia,MYS,1971,5
Malaysia,MYS,1972,5
Malaysia,MYS,1973,4.9020004
Malaysia,MYS,1974,5
Malaysia,MYS,1975,5
Malaysia,MYS,1976,5
Malaysia,MYS,1977,4.9778
Malaysia,MYS,1978,5
Malaysia,MYS,1979,5
Malaysia,MYS,1980,5
Malaysia,MYS,1981,5
Malaysia,MYS,1982,5
Malaysia,MYS,1983,5
Malaysia,MYS,1984,5
Malaysia,MYS,1985,5.4667006
Malaysia,MYS,1986,5.5333
Malaysia,MYS,1987,5.5000005
Malaysia,MYS,1988,5.5556
Malaysia,MYS,1989,6.0000005
Malaysia,MYS,1990,5.2165003
Malaysia,MYS,1991,6.0829
Malaysia,MYS,1992,6.0000005
Malaysia,MYS,1993,6.0000005
Malaysia,MYS,1994,6.0000005
Malaysia,MYS,1995,6.0000005
Malaysia,MYS,1996,6.1111
Malaysia,MYS,1997,6.2121005
Malaysia,MYS,1998,6.2189
Malaysia,MYS,1999,6.0000005
Malaysia,MYS,2000,6.2915
Malaysia,MYS,2001,6.3583
Malaysia,MYS,2002,6.5852003
Malaysia,MYS,2003,6.7162004
Malaysia,MYS,2004,6.8113003
Malaysia,MYS,2005,6.9826
Malaysia,MYS,2006,7.1324
Malaysia,MYS,2007,7.781
Malaysia,MYS,2008,8.0706005
Malaysia,MYS,2009,8.221201
Malaysia,MYS,2010,8.2388
Malaysia,MYS,2011,4.4713
Malaysia,MYS,2012,5.4300003
Malaysia,MYS,2013,6.0058002
Malaysia,MYS,2014,5.6061006
Malaysia,MYS,2015,9.4582
Malaysia,MYS,2016,8.6383
Malaysia,MYS,2017,8.730901
Malaysia,MYS,2018,9.867701
Malaysia,MYS,2019,9.0621
Malaysia,MYS,2020,8.997201
Malaysia,MYS,2021,4.9333
Malaysia,MYS,2022,9.5662
Malaysia,MYS,2023,9.2338
Malaysia,MYS,2024,10.1842
Mali,MLI,1961,3.0000002
Mali,MLI,1962,2
Mali,MLI,1963,2
Mali,MLI,1964,2
Mali,MLI,1965,2.0278
Mali,MLI,1966,2.0278
Mali,MLI,1967,2.0270002
Mali,MLI,1968,2.0270002
Mali,MLI,1969,2.0270002
Mali,MLI,1970,2.1053002
Mali,MLI,1971,2.1795
Mali,MLI,1972,2.1795
Mali,MLI,1973,2.25
Mali,MLI,1974,2.25
Mali,MLI,1975,2.25
Mali,MLI,1976,2.3171003
Mali,MLI,1977,2.3171003
Mali,MLI,1978,2.3171003
Mali,MLI,1979,2.3171003
Mali,MLI,1980,2.381
Mali,MLI,1981,2.381
Mali,MLI,1982,2.381
Mali,MLI,1983,2.4419
Mali,MLI,1984,2.4419
Mali,MLI,1985,2.4419
Mali,MLI,1986,2.4444
Mali,MLI,1987,2.4444
Mali,MLI,1988,2.4444
Mali,MLI,1989,2.5556002
Mali,MLI,1990,2.5
Mali,MLI,1991,2.3089
Mali,MLI,1992,2.3230002
Mali,MLI,1993,2.3393002
Mali,MLI,1994,2.3879
Mali,MLI,1995,2.4363003
Mali,MLI,1996,2.4846003
Mali,MLI,1997,2.5328002
Mali,MLI,1998,2.5808
Mali,MLI,1999,2.6291003
Mali,MLI,2000,2.6751003
Mali,MLI,2001,2.4967
Mali,MLI,2002,2.6137002
Mali,MLI,2003,2.3333
Mali,MLI,2004,3.0643003
Mali,MLI,2005,2.3225002
Mali,MLI,2006,4.9691005
Mali,MLI,2007,6.8160005
Mali,MLI,2008,8.746901
Mali,MLI,2009,11.1386
Mali,MLI,2010,13.890901
Mali,MLI,2011,12.643701
Mali,MLI,2012,14.5130005
Mali,MLI,2013,18.1706
Mali,MLI,2014,15.6303005
Mali,MLI,2015,15.5058
Mali,MLI,2016,17.992601
Mali,MLI,2017,19.472
Mali,MLI,2018,15.389701
Mali,MLI,2019,15.389701
Mali,MLI,2020,13.3548
Mali,MLI,2021,14.353801
Mali,MLI,2022,14.790501
Mali,MLI,2023,15.920901
Mali,MLI,2024,15.9175005
Malta,MLT,1998,16.9231
Malta,MLT,1999,16.25
Malta,MLT,2000,16
Malta,MLT,2001,16.705902
Malta,MLT,2002,16.6625
Malta,MLT,2003,16.261501
Malta,MLT,2004,15.933301
Malta,MLT,2005,16.352901
Malta,MLT,2006,15.900001
Malta,MLT,2007,15.840001
Malta,MLT,2008,16.240002
Malta,MLT,2009,15.5333
Malta,MLT,2010,16.0125
Malta,MLT,2011,15.442101
Malta,MLT,2012,15.876901
Malta,MLT,2013,14.818201
Malta,MLT,2014,15.9286
Malta,MLT,2015,15.580801
Malta,MLT,2016,15.4538
Malta,MLT,2017,15.513401
Martinique,MTQ,1961,2.8571002
Martinique,MTQ,1962,2.8571002
Martinique,MTQ,1963,3.0667
Martinique,MTQ,1964,3.1250002
Martinique,MTQ,1965,3.1250002
Martinique,MTQ,1966,3.5000002
Martinique,MTQ,1967,3.3333
Martinique,MTQ,1968,3.5556002
Martinique,MTQ,1969,3.1818001
Martinique,MTQ,1970,3.1818001
Martinique,MTQ,1971,3.0769
Martinique,MTQ,1972,3.0769
Martinique,MTQ,1973,3.0769
Martinique,MTQ,1974,2.9412
Martinique,MTQ,1975,2.9412
Martinique,MTQ,1976,2.9412
Martinique,MTQ,1977,2.8571002
Martinique,MTQ,1978,2.8571002
Martinique,MTQ,1979,2.9167001
Martinique,MTQ,1980,2.963
Martinique,MTQ,1981,3.3333
Martinique,MTQ,1982,3.0727
Martinique,MTQ,1983,2.8917
Martinique,MTQ,1984,3.2375002
Martinique,MTQ,1985,4.4207006
Martinique,MTQ,1986,3.3553002
Martinique,MTQ,1987,2.7817001
Martinique,MTQ,1988,3.2909
Martinique,MTQ,1989,3.5789
Martinique,MTQ,1990,4.0538
Martinique,MTQ,1991,4.1000004
Martinique,MTQ,1992,4.0442
Martinique,MTQ,1993,3.2267
Martinique,MTQ,1994,3.9846003
Martinique,MTQ,1995,4.1231003
Martinique,MTQ,1996,4.1857004
Martinique,MTQ,1997,4.5308
Martinique,MTQ,1998,4.6414003
Martinique,MTQ,1999,4.6067004
Martinique,MTQ,2000,4.5756
Martinique,MTQ,2001,4.55
Martinique,MTQ,2002,4.6471004
Martinique,MTQ,2003,4.6400003
Martinique,MTQ,2004,4.6789002
Martinique,MTQ,2005,4.8837004
Martinique,MTQ,2006,5.2065
Melanesia (FAO),,1961,20
Melanesia (FAO),,1962,20
Melanesia (FAO),,1963,20
Melanesia (FAO),,1964,18.75
Melanesia (FAO),,1965,19.4444
Melanesia (FAO),,1966,20
Melanesia (FAO),,1967,20
Melanesia (FAO),,1968,20
Melanesia (FAO),,1969,20
Melanesia (FAO),,1970,20
Melanesia (FAO),,1971,20
Melanesia (FAO),,1972,20
Melanesia (FAO),,1973,20
Melanesia (FAO),,1974,20
Melanesia (FAO),,1975,20
Melanesia (FAO),,1976,20
Melanesia (FAO),,1977,18.75
Melanesia (FAO),,1978,20
Melanesia (FAO),,1979,20
Melanesia (FAO),,1980,20
Melanesia (FAO),,1981,20
Melanesia (FAO),,1982,20
Melanesia (FAO),,1983,20
Melanesia (FAO),,1984,20
Melanesia (FAO),,1985,7.1429005
Melanesia (FAO),,1986,2.8571002
Melanesia (FAO),,1987,2.6143003
Melanesia (FAO),,1988,9.5
Melanesia (FAO),,1989,6.1571
Melanesia (FAO),,1990,6.9211006
Melanesia (FAO),,1991,7.1198
Melanesia (FAO),,1992,7.5914
Melanesia (FAO),,1993,7.7985005
Melanesia (FAO),,1994,7.3220005
Melanesia (FAO),,1995,7.3009005
Melanesia (FAO),,1996,7.6669
Melanesia (FAO),,1997,7.9574003
Melanesia (FAO),,1998,6.6877007
Melanesia (FAO),,1999,6.7245
Melanesia (FAO),,2000,7.5223002
Melanesia (FAO),,2001,7.2027006
Melanesia (FAO),,2002,7.7596006
Melanesia (FAO),,2003,12.2897005
Melanesia (FAO),,2004,8.8175
Melanesia (FAO),,2005,7.6279
Melanesia (FAO),,2006,9.858201
Melanesia (FAO),,2007,9.964401
Melanesia (FAO),,2008,11.196
Melanesia (FAO),,2009,11.7998
Melanesia (FAO),,2010,10.129001
Melanesia (FAO),,2011,9.655201
Melanesia (FAO),,2012,10.1391
Melanesia (FAO),,2013,9.316501
Melanesia (FAO),,2014,13.199401
Melanesia (FAO),,2015,13.2718
Melanesia (FAO),,2016,14.2158
Melanesia (FAO),,2017,14.1498
Melanesia (FAO),,2018,13.926901
Melanesia (FAO),,2019,13.440801
Melanesia (FAO),,2020,15.5411005
Melanesia (FAO),,2021,15.597301
Melanesia (FAO),,2022,16.5025
Melanesia (FAO),,2023,16.707302
Melanesia (FAO),,2024,17.3682
Mexico,MEX,1961,10.6488
Mexico,MEX,1962,11.157901
Mexico,MEX,1963,10.944501
Mexico,MEX,1964,10.8163
Mexico,MEX,1965,15.6428
Mexico,MEX,1966,14.5629015
Mexico,MEX,1967,12.982301
Mexico,MEX,1968,12.0382
Mexico,MEX,1969,11.3386
Mexico,MEX,1970,8.1348
Mexico,MEX,1971,10.374901
Mexico,MEX,1972,10.437901
Mexico,MEX,1973,10.7506
Mexico,MEX,1974,8.8238
Mexico,MEX,1975,9.6971
Mexico,MEX,1976,11.127401
Mexico,MEX,1977,11.272401
Mexico,MEX,1978,11.557401
Mexico,MEX,1979,11.2951
Mexico,MEX,1980,10.7648
Mexico,MEX,1981,10.916301
Mexico,MEX,1982,12.262001
Mexico,MEX,1983,11.247001
Mexico,MEX,1984,11.012501
Mexico,MEX,1985,13.8681
Mexico,MEX,1986,14.401901
Mexico,MEX,1987,11.197201
Mexico,MEX,1988,12.9971
Mexico,MEX,1989,13.647501
Mexico,MEX,1990,12.6153
Mexico,MEX,1991,12.965301
Mexico,MEX,1992,11.680501
Mexico,MEX,1993,12.105901
Mexico,MEX,1994,12.400801
Mexico,MEX,1995,13.073701
Mexico,MEX,1996,12.7466
Mexico,MEX,1997,12.832601
Mexico,MEX,1998,10.8948
Mexico,MEX,1999,11.252001
Mexico,MEX,2000,11.781401
Mexico,MEX,2001,12.346201
Mexico,MEX,2002,12.489501
Mexico,MEX,2003,11.5843
Mexico,MEX,2004,11.8716
Mexico,MEX,2005,12.962401
Mexico,MEX,2006,12.929901
Mexico,MEX,2007,12.8636
Mexico,MEX,2008,12.7011
Mexico,MEX,2009,12.572101
Mexico,MEX,2010,12.109901
Mexico,MEX,2011,12.3561
Mexico,MEX,2012,11.3398
Mexico,MEX,2013,13.753
Mexico,MEX,2014,14.0928
Mexico,MEX,2015,14.1828
Mexico,MEX,2016,14.6326
Mexico,MEX,2017,14.4322
Mexico,MEX,2018,14.5031
Mexico,MEX,2019,14.372801
Mexico,MEX,2020,14.183201
Mexico,MEX,2021,13.864201
Mexico,MEX,2022,14.4101
Mexico,MEX,2023,14.4986
Mexico,MEX,2024,14.173
Middle Africa (FAO),,1961,14.8428
Middle Africa (FAO),,1962,14.9068
Middle Africa (FAO),,1963,14.9693
Middle Africa (FAO),,1964,15.0303
Middle Africa (FAO),,1965,15.089801
Middle Africa (FAO),,1966,15.082401
Middle Africa (FAO),,1967,15.139501
Middle Africa (FAO),,1968,15.147701
Middle Africa (FAO),,1969,15.366701
Middle Africa (FAO),,1970,15.541
Middle Africa (FAO),,1971,15.016201
Middle Africa (FAO),,1972,16.173
Middle Africa (FAO),,1973,16.2963
Middle Africa (FAO),,1974,15.670001
Middle Africa (FAO),,1975,15.568601
Middle Africa (FAO),,1976,15.669901
Middle Africa (FAO),,1977,16.819101
Middle Africa (FAO),,1978,16.844902
Middle Africa (FAO),,1979,17.0492
Middle Africa (FAO),,1980,17.182302
Middle Africa (FAO),,1981,16.755302
Middle Africa (FAO),,1982,16.6667
Middle Africa (FAO),,1983,16.797901
Middle Africa (FAO),,1984,16.6802
Middle Africa (FAO),,1985,11.198701
Middle Africa (FAO),,1986,11.161401
Middle Africa (FAO),,1987,11.463201
Middle Africa (FAO),,1988,11.753
Middle Africa (FAO),,1989,11.88
Middle Africa (FAO),,1990,11.888801
Middle Africa (FAO),,1991,12.452201
Middle Africa (FAO),,1992,12.5761
Middle Africa (FAO),,1993,12.670401
Middle Africa (FAO),,1994,12.765201
Middle Africa (FAO),,1995,11.669801
Middle Africa (FAO),,1996,11.5521
Middle Africa (FAO),,1997,11.721001
Middle Africa (FAO),,1998,11.7258005
Middle Africa (FAO),,1999,11.524501
Middle Africa (FAO),,2000,11.3443
Middle Africa (FAO),,2001,11.336901
Middle Africa (FAO),,2002,11.538901
Middle Africa (FAO),,2003,11.652401
Middle Africa (FAO),,2004,11.6728
Middle Africa (FAO),,2005,11.5808
Middle Africa (FAO),,2006,11.589901
Middle Africa (FAO),,2007,11.4427
Middle Africa (FAO),,2008,11.456
Middle Africa (FAO),,2009,11.462001
Middle Africa (FAO),,2010,11.2633
Middle Africa (FAO),,2011,11.326401
Middle Africa (FAO),,2012,11.597901
Middle Africa (FAO),,2013,10.937301
Middle Africa (FAO),,2014,10.619401
Middle Africa (FAO),,2015,10.898001
Middle Africa (FAO),,2016,10.813401
Middle Africa (FAO),,2017,10.807501
Middle Africa (FAO),,2018,10.8046
Middle Africa (FAO),,2019,10.7902
Middle Africa (FAO),,2020,10.776401
Middle Africa (FAO),,2021,10.7926
Middle Africa (FAO),,2022,10.776701
Middle Africa (FAO),,2023,10.7733
Middle Africa (FAO),,2024,10.7671
Montenegro,MNE,2006,10.2843
Montenegro,MNE,2007,8.731701
Montenegro,MNE,2008,9.832901
Montenegro,MNE,2009,9.2925005
Montenegro,MNE,2010,9.5633
Montenegro,MNE,2011,9.89
Montenegro,MNE,2012,9.8011
Montenegro,MNE,2013,9.732201
Montenegro,MNE,2014,9.7467
Montenegro,MNE,2015,9.7666
Montenegro,MNE,2016,9.7559
Montenegro,MNE,2017,9.7565
Montenegro,MNE,2018,9.7678
Montenegro,MNE,2019,9.7762
Montenegro,MNE,2020,9.7776
Montenegro,MNE,2021,9.773901
Montenegro,MNE,2022,9.7805
Montenegro,MNE,2023,9.7773
Montenegro,MNE,2024,9.777201
Morocco,MAR,1985,16.3333
Morocco,MAR,1986,15.862701
Morocco,MAR,1987,12.764701
Morocco,MAR,1988,17.509802
Morocco,MAR,1989,19.207
Morocco,MAR,1990,15.000001
Morocco,MAR,1991,21.0755
Morocco,MAR,1992,15.111901
Morocco,MAR,1993,16.5009
Morocco,MAR,1994,17.299301
Morocco,MAR,1995,13.500001
Morocco,MAR,1996,18.572
Morocco,MAR,1997,15.7031
Morocco,MAR,1998,21.516602
Morocco,MAR,1999,17.0939
Morocco,MAR,2000,16.9922
Morocco,MAR,2001,14.1036005
Morocco,MAR,2002,14.433101
Morocco,MAR,2003,16.6992
Morocco,MAR,2004,14.77
Morocco,MAR,2005,17.1107
Morocco,MAR,2006,16.053001
Morocco,MAR,2007,12.936401
Morocco,MAR,2008,11.625401
Morocco,MAR,2009,13.834901
Morocco,MAR,2010,18.913101
Morocco,MAR,2011,18.5112
Morocco,MAR,2012,19.146301
Morocco,MAR,2013,14.669401
Morocco,MAR,2014,18.822802
Morocco,MAR,2015,15.977701
Morocco,MAR,2016,16.293402
Morocco,MAR,2017,18.3131
Morocco,MAR,2018,17.6271
Morocco,MAR,2019,20.235
Morocco,MAR,2020,13.562
Morocco,MAR,2021,17.172802
Morocco,MAR,2022,21.2996
Morocco,MAR,2023,14.6948
Morocco,MAR,2024,15.9643
Mozambique,MOZ,1961,3.1667001
Mozambique,MOZ,1962,3.1667001
Mozambique,MOZ,1963,3.1250002
Mozambique,MOZ,1964,3.1250002
Mozambique,MOZ,1965,3.1250002
Mozambique,MOZ,1966,3.1250002
Mozambique,MOZ,1967,3.1250002
Mozambique,MOZ,1968,3.2500002
Mozambique,MOZ,1969,3.2500002
Mozambique,MOZ,1970,3.4
Mozambique,MOZ,1971,3.6000001
Mozambique,MOZ,1972,3.2222002
Mozambique,MOZ,1973,3.3333
Mozambique,MOZ,1974,4.1667004
Mozambique,MOZ,1975,3.3333
Mozambique,MOZ,1976,3.3333
Mozambique,MOZ,1977,3.3333
Mozambique,MOZ,1978,3.3333
Mozambique,MOZ,1979,3.3333
Mozambique,MOZ,1980,3.6667001
Mozambique,MOZ,1981,4.1667004
Mozambique,MOZ,1982,3.6667001
Mozambique,MOZ,1983,3.3333
Mozambique,MOZ,1984,3.3333
Mozambique,MOZ,1985,3.3333
Mozambique,MOZ,1986,3.3333
Mozambique,MOZ,1987,3.3333
Mozambique,MOZ,1988,3.3333
Mozambique,MOZ,1989,4.1667004
Mozambique,MOZ,1990,4.1875
Mozambique,MOZ,1991,3.2476003
Mozambique,MOZ,1992,3.4286003
Mozambique,MOZ,1993,3.3760002
Mozambique,MOZ,1994,3.4293003
Mozambique,MOZ,1995,3.4821002
Mozambique,MOZ,1996,3.5734
Mozambique,MOZ,1997,3.6842
Mozambique,MOZ,1998,3.5991004
Mozambique,MOZ,1999,3.5897002
Mozambique,MOZ,2000,4.0206003
Mozambique,MOZ,2001,3.9684
Mozambique,MOZ,2002,4.0459
Mozambique,MOZ,2003,4.2125
Mozambique,MOZ,2004,4.1098
Mozambique,MOZ,2005,4.0602
Mozambique,MOZ,2006,4.1628
Mozambique,MOZ,2007,4.0909
Mozambique,MOZ,2008,4.4444003
Mozambique,MOZ,2009,4.6739
Mozambique,MOZ,2010,4.8778
Mozambique,MOZ,2011,4.8589
Mozambique,MOZ,2012,4.8421
Mozambique,MOZ,2013,4.8148003
Mozambique,MOZ,2014,16.0606
Mozambique,MOZ,2015,16.369001
Mozambique,MOZ,2016,19.3452
Mozambique,MOZ,2017,16.487803
Mozambique,MOZ,2018,17.837801
Mozambique,MOZ,2019,18.5042
Mozambique,MOZ,2020,19.678402
Mozambique,MOZ,2021,21.378601
Mozambique,MOZ,2022,22.754501
Mozambique,MOZ,2023,23.8762
Mozambique,MOZ,2024,24.998001
Namibia,NAM,2000,5.8824
Namibia,NAM,2001,5.3435
Namibia,NAM,2002,5.1973
Namibia,NAM,2003,6.1111
Namibia,NAM,2004,17.210001
Namibia,NAM,2005,19.827301
Namibia,NAM,2006,16.92
Namibia,NAM,2007,9.9433
Namibia,NAM,2008,5.6714
Namibia,NAM,2009,5.8650002
Namibia,NAM,2010,7.0324
Namibia,NAM,2011,9.1216
Namibia,NAM,2012,8.8336
Namibia,NAM,2013,8.596401
Namibia,NAM,2014,8.498301
Namibia,NAM,2015,8.312201
Namibia,NAM,2016,8.5207
Namibia,NAM,2017,8.441501
Namibia,NAM,2018,8.4231
Namibia,NAM,2019,8.5395
Namibia,NAM,2020,8.5795
Namibia,NAM,2021,8.5130005
Namibia,NAM,2022,8.5437
Namibia,NAM,2023,8.7026005
Namibia,NAM,2024,8.6336
Nepal,NPL,1990,13.495701
Nepal,NPL,1991,14.0586
Nepal,NPL,1992,12.5926
Nepal,NPL,1993,14.230801
Nepal,NPL,1994,22.287401
Nepal,NPL,1995,22.4719
Nepal,NPL,1996,13.0081005
Nepal,NPL,1997,15.025901
Nepal,NPL,1998,15.000001
Nepal,NPL,1999,14.902401
Nepal,NPL,2000,14.285701
Nepal,NPL,2001,14.790701
Nepal,NPL,2002,14.444401
Nepal,NPL,2003,14.565201
Nepal,NPL,2004,11.8351
Nepal,NPL,2005,11.9441
Nepal,NPL,2006,11.9483
Nepal,NPL,2007,11.958301
Nepal,NPL,2008,12.7423
Nepal,NPL,2009,12.733901
Nepal,NPL,2010,12.721701
Nepal,NPL,2011,12.394001
Nepal,NPL,2012,9.5881
Nepal,NPL,2013,9.622201
Nepal,NPL,2014,10.1092005
Nepal,NPL,2015,10.0811
Nepal,NPL,2016,9.746301
Nepal,NPL,2017,10.0776005
Nepal,NPL,2018,10.751901
Nepal,NPL,2019,10.8456
Nepal,NPL,2020,11.5838
Nepal,NPL,2021,10.925301
Nepal,NPL,2022,11.112201
Nepal,NPL,2023,11.5248
Nepal,NPL,2024,10.6963005
Net Food Importing Developing Countries (FAO),,1961,5.024
Net Food Importing Developing Countries (FAO),,1962,4.5578
Net Food Importing Developing Countries (FAO),,1963,4.5443
Net Food Importing Developing Countries (FAO),,1964,5.2693
Net Food Importing Developing Countries (FAO),,1965,4.9285
Net Food Importing Developing Countries (FAO),,1966,13.685501
Net Food Importing Developing Countries (FAO),,1967,14.0311
Net Food Importing Developing Countries (FAO),,1968,13.806601
Net Food Importing Developing Countries (FAO),,1969,14.1836
Net Food Importing Developing Countries (FAO),,1970,14.2853
Net Food Importing Developing Countries (FAO),,1971,13.956401
Net Food Importing Developing Countries (FAO),,1972,14.303801
Net Food Importing Developing Countries (FAO),,1973,15.754801
Net Food Importing Developing Countries (FAO),,1974,14.923501
Net Food Importing Developing Countries (FAO),,1975,14.003701
Net Food Importing Developing Countries (FAO),,1976,12.868001
Net Food Importing Developing Countries (FAO),,1977,12.3566
Net Food Importing Developing Countries (FAO),,1978,14.319501
Net Food Importing Developing Countries (FAO),,1979,14.668301
Net Food Importing Developing Countries (FAO),,1980,14.995201
Net Food Importing Developing Countries (FAO),,1981,14.192101
Net Food Importing Developing Countries (FAO),,1982,15.114701
Net Food Importing Developing Countries (FAO),,1983,15.1623
Net Food Importing Developing Countries (FAO),,1984,14.821201
Net Food Importing Developing Countries (FAO),,1985,10.471601
Net Food Importing Developing Countries (FAO),,1986,10.609501
Net Food Importing Developing Countries (FAO),,1987,10.404301
Net Food Importing Developing Countries (FAO),,1988,10.484401
Net Food Importing Developing Countries (FAO),,1989,11.112901
Net Food Importing Developing Countries (FAO),,1990,10.9511
Net Food Importing Developing Countries (FAO),,1991,11.821501
Net Food Importing Developing Countries (FAO),,1992,11.011401
Net Food Importing Developing Countries (FAO),,1993,10.226001
Net Food Importing Developing Countries (FAO),,1994,11.0161
Net Food Importing Developing Countries (FAO),,1995,11.005701
Net Food Importing Developing Countries (FAO),,1996,12.097
Net Food Importing Developing Countries (FAO),,1997,11.8105
Net Food Importing Developing Countries (FAO),,1998,12.1911
Net Food Importing Developing Countries (FAO),,1999,12.262001
Net Food Importing Developing Countries (FAO),,2000,12.406
Net Food Importing Developing Countries (FAO),,2001,12.535601
Net Food Importing Developing Countries (FAO),,2002,12.2602005
Net Food Importing Developing Countries (FAO),,2003,13.0832
Net Food Importing Developing Countries (FAO),,2004,12.9462
Net Food Importing Developing Countries (FAO),,2005,13.744501
Net Food Importing Developing Countries (FAO),,2006,13.3441
Net Food Importing Developing Countries (FAO),,2007,12.845401
Net Food Importing Developing Countries (FAO),,2008,12.846001
Net Food Importing Developing Countries (FAO),,2009,13.582801
Net Food Importing Developing Countries (FAO),,2010,13.6422
Net Food Importing Developing Countries (FAO),,2011,14.145901
Net Food Importing Developing Countries (FAO),,2012,14.679501
Net Food Importing Developing Countries (FAO),,2013,14.353401
Net Food Importing Developing Countries (FAO),,2014,15.1778
Net Food Importing Developing Countries (FAO),,2015,15.029201
Net Food Importing Developing Countries (FAO),,2016,14.224001
Net Food Importing Developing Countries (FAO),,2017,14.6765
Net Food Importing Developing Countries (FAO),,2018,14.744801
Net Food Importing Developing Countries (FAO),,2019,15.508501
Net Food Importing Developing Countries (FAO),,2020,14.889901
Net Food Importing Developing Countries (FAO),,2021,15.006901
Net Food Importing Developing Countries (FAO),,2022,15.1113
Net Food Importing Developing Countries (FAO),,2023,15.0408
Net Food Importing Developing Countries (FAO),,2024,15.621401
New Caledonia,NCL,1991,13.815701
New Caledonia,NCL,1992,13.821701
New Caledonia,NCL,1993,13.827701
New Caledonia,NCL,1994,13.833701
New Caledonia,NCL,1995,13.839701
New Caledonia,NCL,1996,13.845701
New Caledonia,NCL,1997,13.851701
New Caledonia,NCL,1998,13.857701
New Caledonia,NCL,1999,13.863701
New Caledonia,NCL,2000,13.8697
New Caledonia,NCL,2001,13.875701
New Caledonia,NCL,2002,14.0233
New Caledonia,NCL,2003,13.8793
New Caledonia,NCL,2004,13.275001
New Caledonia,NCL,2005,13.650001
New Caledonia,NCL,2006,13.050501
New Caledonia,NCL,2007,18.112501
New Caledonia,NCL,2008,13.354501
New Caledonia,NCL,2009,12.8526
New Caledonia,NCL,2010,13.6
New Caledonia,NCL,2011,13.3
New Caledonia,NCL,2012,13.950001
New Caledonia,NCL,2013,12.809501
New Caledonia,NCL,2014,11.678901
New Caledonia,NCL,2015,11.9751005
New Caledonia,NCL,2016,12.344201
New Caledonia,NCL,2017,12.5781
New Caledonia,NCL,2018,12.584401
New Caledonia,NCL,2019,12.5286
New Caledonia,NCL,2020,12.4991
New Caledonia,NCL,2021,12.387901
New Caledonia,NCL,2022,12.255401
New Caledonia,NCL,2023,12.1668005
New Caledonia,NCL,2024,12.0781
New Zealand,NZL,1961,2.0625
New Zealand,NZL,1962,2.7083
New Zealand,NZL,1963,2.3333
New Zealand,NZL,1964,2.9362001
New Zealand,NZL,1965,2.4904
New Zealand,NZL,1966,2.7115002
New Zealand,NZL,1967,2.4227002
New Zealand,NZL,1968,3.9259
New Zealand,NZL,1969,3.3937001
New Zealand,NZL,1970,4.7634
New Zealand,NZL,1971,4.4442005
New Zealand,NZL,1972,5.242
New Zealand,NZL,1973,6.327
New Zealand,NZL,1974,6.9432006
New Zealand,NZL,1975,7.9944005
New Zealand,NZL,1976,7.4615
New Zealand,NZL,1977,7.1649003
New Zealand,NZL,1978,11.179201
New Zealand,NZL,1979,10.7691
New Zealand,NZL,1980,10.1191
New Zealand,NZL,1981,10.5066
New Zealand,NZL,1982,11.0865
New Zealand,NZL,1983,10.0236
New Zealand,NZL,1984,10.6218
New Zealand,NZL,1985,11.538501
New Zealand,NZL,1986,9.888801
New Zealand,NZL,1987,12.091901
New Zealand,NZL,1988,7.5662007
New Zealand,NZL,1989,15.584401
New Zealand,NZL,1990,15.662701
New Zealand,NZL,1991,14.1176
New Zealand,NZL,1992,10.895901
New Zealand,NZL,1993,27.7632
New Zealand,NZL,1994,28.897303
New Zealand,NZL,1995,27.7411
New Zealand,NZL,1996,28.171303
New Zealand,NZL,1997,25.3521
New Zealand,NZL,1998,13.571401
New Zealand,NZL,1999,11.8421
New Zealand,NZL,2000,8.3752
New Zealand,NZL,2001,12.5628
New Zealand,NZL,2002,13.043501
New Zealand,NZL,2003,9.569401
New Zealand,NZL,2004,12.173901
New Zealand,NZL,2005,12.939001
New Zealand,NZL,2006,12.8651
New Zealand,NZL,2007,12.922201
New Zealand,NZL,2008,12.777801
New Zealand,NZL,2009,13.556901
New Zealand,NZL,2010,13.254401
New Zealand,NZL,2011,12.899501
New Zealand,NZL,2012,13.2388
New Zealand,NZL,2013,13.212501
New Zealand,NZL,2014,12.9475
New Zealand,NZL,2015,13.018201
New Zealand,NZL,2016,12.7251005
New Zealand,NZL,2017,12.5121
New Zealand,NZL,2018,12.344901
New Zealand,NZL,2019,12.197401
New Zealand,NZL,2020,12.039201
New Zealand,NZL,2021,12.184401
New Zealand,NZL,2022,12.296801
New Zealand,NZL,2023,12.2775
New Zealand,NZL,2024,12.2581005
Nicaragua,NIC,1961,5.0357003
Nicaragua,NIC,1962,5
Nicaragua,NIC,1963,4.9688
Nicaragua,NIC,1964,4.9701004
Nicaragua,NIC,1965,4.9718
Nicaragua,NIC,1966,4.8919
Nicaragua,NIC,1967,5.013
Nicaragua,NIC,1968,5.0125003
Nicaragua,NIC,1969,5.0235004
Nicaragua,NIC,1970,4.9889
Nicaragua,NIC,1971,5
Nicaragua,NIC,1972,5
Nicaragua,NIC,1973,4.5
Nicaragua,NIC,1974,5
Nicaragua,NIC,1975,5
Nicaragua,NIC,1976,4.9524
Nicaragua,NIC,1977,4.8182006
Nicaragua,NIC,1978,4.6957006
Nicaragua,NIC,1979,4.7321005
Nicaragua,NIC,1980,4.7273
Nicaragua,NIC,1981,4.7321005
Nicaragua,NIC,1982,4.7522006
Nicaragua,NIC,1983,4.7826004
Nicaragua,NIC,1984,4.7244
Nicaragua,NIC,1985,4.7287006
Nicaragua,NIC,1986,4.697
Nicaragua,NIC,1987,4.7015004
Nicaragua,NIC,1988,4.7059
Nicaragua,NIC,1989,4.7101
Nicaragua,NIC,1990,4.7143
Nicaragua,NIC,1991,4.7535005
Nicaragua,NIC,1992,4.6897006
Nicaragua,NIC,1993,4.7945004
Nicaragua,NIC,1994,4.8299003
Nicaragua,NIC,1995,4.8649
Nicaragua,NIC,1996,4.8649
Nicaragua,NIC,1997,4.7987003
Nicaragua,NIC,1998,4.7651005
Nicaragua,NIC,1999,4.7333
Nicaragua,NIC,2000,4.3333
Nicaragua,NIC,2001,4.5161004
Nicaragua,NIC,2002,4.125
Nicaragua,NIC,2003,4.2424
Nicaragua,NIC,2004,4.3125
Nicaragua,NIC,2005,4.3636003
Nicaragua,NIC,2006,4.3636003
Nicaragua,NIC,2007,4.359
Nicaragua,NIC,2008,4.4357004
Nicaragua,NIC,2009,4.5305004
Nicaragua,NIC,2010,4.5247006
Nicaragua,NIC,2011,4.5541005
Nicaragua,NIC,2012,4.6512003
Nicaragua,NIC,2013,4.5992002
Nicaragua,NIC,2014,4.6082006
Nicaragua,NIC,2015,4.6707006
Nicaragua,NIC,2016,4.6271005
Nicaragua,NIC,2017,4.6323
Nicaragua,NIC,2018,4.6312003
Nicaragua,NIC,2019,4.6316004
Nicaragua,NIC,2020,4.6449003
Nicaragua,NIC,2021,4.6785
Nicaragua,NIC,2022,4.584
Nicaragua,NIC,2023,4.5682006
North America,OWID_NAM,1961,17.666235
North America,OWID_NAM,1962,19.60263
North America,OWID_NAM,1963,16.327307
North America,OWID_NAM,1964,14.561789
North America,OWID_NAM,1965,17.965855
North America,OWID_NAM,1966,18.828638
North America,OWID_NAM,1967,20.648836
North America,OWID_NAM,1968,14.899282
North America,OWID_NAM,1969,18.46529
North America,OWID_NAM,1970,16.915781
North America,OWID_NAM,1971,17.495312
North America,OWID_NAM,1972,17.798578
North America,OWID_NAM,1973,20.25607
North America,OWID_NAM,1974,19.199438
North America,OWID_NAM,1975,20.826763
North America,OWID_NAM,1976,21.956203
North America,OWID_NAM,1977,22.219536
North America,OWID_NAM,1978,21.05958
North America,OWID_NAM,1979,20.502054
North America,OWID_NAM,1980,24.869919
North America,OWID_NAM,1981,22.677479
North America,OWID_NAM,1982,18.59929
North America,OWID_NAM,1983,21.798155
North America,OWID_NAM,1984,19.216778
North America,OWID_NAM,1985,18.009266
North America,OWID_NAM,1986,20.362497
North America,OWID_NAM,1987,18.97324
North America,OWID_NAM,1988,21.162525
North America,OWID_NAM,1989,21.353348
North America,OWID_NAM,1990,18.690216
North America,OWID_NAM,1991,18.280298
North America,OWID_NAM,1992,18.46369
North America,OWID_NAM,1993,20.554052
North America,OWID_NAM,1994,19.341017
North America,OWID_NAM,1995,20.132128
North America,OWID_NAM,1996,19.5735
North America,OWID_NAM,1997,21.059992
North America,OWID_NAM,1998,21.324995
North America,OWID_NAM,1999,17.178698
North America,OWID_NAM,2000,21.40058
North America,OWID_NAM,2001,20.976936
North America,OWID_NAM,2002,20.91831
North America,OWID_NAM,2003,19.828611
North America,OWID_NAM,2004,22.132326
North America,OWID_NAM,2005,18.821491
North America,OWID_NAM,2006,19.936491
North America,OWID_NAM,2007,17.049261
North America,OWID_NAM,2008,19.713516
North America,OWID_NAM,2009,18.967537
North America,OWID_NAM,2010,17.601904
North America,OWID_NAM,2011,18.347757
North America,OWID_NAM,2012,18.691301
North America,OWID_NAM,2013,18.569544
North America,OWID_NAM,2014,16.898829
North America,OWID_NAM,2015,16.516417
North America,OWID_NAM,2016,16.210518
North America,OWID_NAM,2017,15.060189
North America,OWID_NAM,2018,14.032013
North America,OWID_NAM,2019,15.956422
North America,OWID_NAM,2020,15.9555645
North America,OWID_NAM,2021,14.327956
North America,OWID_NAM,2022,13.891038
North America,OWID_NAM,2023,13.044917
North America,OWID_NAM,2024,13.894017
Northern Africa (FAO),,1961,15.1596
Northern Africa (FAO),,1962,15.774201
Northern Africa (FAO),,1963,15.4481
Northern Africa (FAO),,1964,15.6673
Northern Africa (FAO),,1965,14.461
Northern Africa (FAO),,1966,16.165
Northern Africa (FAO),,1967,17.0904
Northern Africa (FAO),,1968,16.7198
Northern Africa (FAO),,1969,16.9668
Northern Africa (FAO),,1970,16.908901
Northern Africa (FAO),,1971,16.948101
Northern Africa (FAO),,1972,16.671501
Northern Africa (FAO),,1973,18.8511
Northern Africa (FAO),,1974,17.9037
Northern Africa (FAO),,1975,16.4952
Northern Africa (FAO),,1976,15.024301
Northern Africa (FAO),,1977,14.406401
Northern Africa (FAO),,1978,17.888401
Northern Africa (FAO),,1979,18.5271
Northern Africa (FAO),,1980,18.664001
Northern Africa (FAO),,1981,18.597502
Northern Africa (FAO),,1982,21.0358
Northern Africa (FAO),,1983,22.0517
Northern Africa (FAO),,1984,21.377201
Northern Africa (FAO),,1985,13.9182005
Northern Africa (FAO),,1986,13.9616
Northern Africa (FAO),,1987,13.8625
Northern Africa (FAO),,1988,14.088401
Northern Africa (FAO),,1989,15.6358
Northern Africa (FAO),,1990,15.206701
Northern Africa (FAO),,1991,17.4174
Northern Africa (FAO),,1992,15.4828005
Northern Africa (FAO),,1993,13.503301
Northern Africa (FAO),,1994,15.4228
Northern Africa (FAO),,1995,14.788001
Northern Africa (FAO),,1996,16.997301
Northern Africa (FAO),,1997,15.3703
Northern Africa (FAO),,1998,16.7917
Northern Africa (FAO),,1999,15.9883
Northern Africa (FAO),,2000,16.224401
Northern Africa (FAO),,2001,16.366701
Northern Africa (FAO),,2002,17.262302
Northern Africa (FAO),,2003,17.832302
Northern Africa (FAO),,2004,17.7865
Northern Africa (FAO),,2005,18.764301
Northern Africa (FAO),,2006,19.020401
Northern Africa (FAO),,2007,17.570002
Northern Africa (FAO),,2008,16.8402
Northern Africa (FAO),,2009,18.978302
Northern Africa (FAO),,2010,18.768301
Northern Africa (FAO),,2011,19.670902
Northern Africa (FAO),,2012,19.842302
Northern Africa (FAO),,2013,19.052101
Northern Africa (FAO),,2014,21.5492
Northern Africa (FAO),,2015,21.0037
Northern Africa (FAO),,2016,20.1529
Northern Africa (FAO),,2017,20.9641
Northern Africa (FAO),,2018,22.118101
Northern Africa (FAO),,2019,23.4127
Northern Africa (FAO),,2020,20.6136
Northern Africa (FAO),,2021,21.003601
Northern Africa (FAO),,2022,21.341301
Northern Africa (FAO),,2023,21.454102
Northern Africa (FAO),,2024,22.246
Northern America (FAO),,1961,20.308601
Northern America (FAO),,1962,23.184801
Northern America (FAO),,1963,18.5681
Northern America (FAO),,1964,15.8616
Northern America (FAO),,1965,19.4041
Northern America (FAO),,1966,20.984701
Northern America (FAO),,1967,25.201801
Northern America (FAO),,1968,16.304901
Northern America (FAO),,1969,22.132301
Northern America (FAO),,1970,21.1422
Northern America (FAO),,1971,20.853601
Northern America (FAO),,1972,21.3651
Northern America (FAO),,1973,25.229502
Northern America (FAO),,1974,24.324501
Northern America (FAO),,1975,26.643501
Northern America (FAO),,1976,27.738401
Northern America (FAO),,1977,28.280102
Northern America (FAO),,1978,26.328302
Northern America (FAO),,1979,25.629402
Northern America (FAO),,1980,32.9084
Northern America (FAO),,1981,29.585901
Northern America (FAO),,1982,21.925303
Northern America (FAO),,1983,28.420101
Northern America (FAO),,1984,23.573502
Northern America (FAO),,1985,24.386803
Northern America (FAO),,1986,29.846401
Northern America (FAO),,1987,30.294601
Northern America (FAO),,1988,33.364304
Northern America (FAO),,1989,34.075603
Northern America (FAO),,1990,29.042902
Northern America (FAO),,1991,28.715801
Northern America (FAO),,1992,31.204601
Northern America (FAO),,1993,35.806103
Northern America (FAO),,1994,32.523403
Northern America (FAO),,1995,33.229702
Northern America (FAO),,1996,31.690601
Northern America (FAO),,1997,33.725803
Northern America (FAO),,1998,37.0091
Northern America (FAO),,1999,26.5322
Northern America (FAO),,2000,35.8412
Northern America (FAO),,2001,33.6227
Northern America (FAO),,2002,34.874
Northern America (FAO),,2003,32.6896
Northern America (FAO),,2004,37.813004
Northern America (FAO),,2005,28.118402
Northern America (FAO),,2006,35.936104
Northern America (FAO),,2007,25.2366
Northern America (FAO),,2008,34.0633
Northern America (FAO),,2009,31.1781
Northern America (FAO),,2010,28.7467
Northern America (FAO),,2011,31.7467
Northern America (FAO),,2012,33.6472
Northern America (FAO),,2013,30.524302
Northern America (FAO),,2014,25.636803
Northern America (FAO),,2015,24.729002
Northern America (FAO),,2016,24.751001
Northern America (FAO),,2017,21.622501
Northern America (FAO),,2018,16.881601
Northern America (FAO),,2019,23.873001
Northern America (FAO),,2020,23.3826
Northern America (FAO),,2021,20.0051
Northern America (FAO),,2022,16.655802
Northern America (FAO),,2023,13.5491
Northern America (FAO),,2024,16.615301
Oceania,OWID_OCE,1961,10.948793
Oceania,OWID_OCE,1962,10.906989
Oceania,OWID_OCE,1963,12.026785
Oceania,OWID_OCE,1964,10.985131
Oceania,OWID_OCE,1965,13.196736
Oceania,OWID_OCE,1966,11.049081
Oceania,OWID_OCE,1967,12.77571
Oceania,OWID_OCE,1968,11.437956
Oceania,OWID_OCE,1969,13.340134
Oceania,OWID_OCE,1970,11.927243
Oceania,OWID_OCE,1971,16.206621
Oceania,OWID_OCE,1972,14.872289
Oceania,OWID_OCE,1973,18.347103
Oceania,OWID_OCE,1974,16.536407
Oceania,OWID_OCE,1975,18.580902
Oceania,OWID_OCE,1976,19.58295
Oceania,OWID_OCE,1977,17.15689
Oceania,OWID_OCE,1978,18.718147
Oceania,OWID_OCE,1979,19.143656
Oceania,OWID_OCE,1980,19.351448
Oceania,OWID_OCE,1981,19.79496
Oceania,OWID_OCE,1982,17.054907
Oceania,OWID_OCE,1983,18.317818
Oceania,OWID_OCE,1984,17.132711
Oceania,OWID_OCE,1985,18.661003
Oceania,OWID_OCE,1986,20.76417
Oceania,OWID_OCE,1987,20.382198
Oceania,OWID_OCE,1988,19.289988
Oceania,OWID_OCE,1989,15.886706
Oceania,OWID_OCE,1990,19.072823
Oceania,OWID_OCE,1991,17.414686
Oceania,OWID_OCE,1992,17.479006
Oceania,OWID_OCE,1993,22.567484
Oceania,OWID_OCE,1994,20.71747
Oceania,OWID_OCE,1995,19.347681
Oceania,OWID_OCE,1996,16.533215
Oceania,OWID_OCE,1997,19.102459
Oceania,OWID_OCE,1998,18.241528
Oceania,OWID_OCE,1999,16.753126
Oceania,OWID_OCE,2000,18.496649
Oceania,OWID_OCE,2001,22.409346
Oceania,OWID_OCE,2002,20.344572
Oceania,OWID_OCE,2003,23.424398
Oceania,OWID_OCE,2004,17.8568
Oceania,OWID_OCE,2005,22.093317
Oceania,OWID_OCE,2006,19.902262
Oceania,OWID_OCE,2007,19.28244
Oceania,OWID_OCE,2008,18.213469
Oceania,OWID_OCE,2009,17.914536
Oceania,OWID_OCE,2010,18.928677
Oceania,OWID_OCE,2011,18.993032
Oceania,OWID_OCE,2012,18.9711
Oceania,OWID_OCE,2013,18.984142
Oceania,OWID_OCE,2014,19.053242
Oceania,OWID_OCE,2015,19.0213
Oceania,OWID_OCE,2016,19.237482
Oceania,OWID_OCE,2017,19.18166
Oceania,OWID_OCE,2018,19.196812
Oceania,OWID_OCE,2019,19.163143
Oceania,OWID_OCE,2020,19.248508
Oceania,OWID_OCE,2021,19.313004
Oceania,OWID_OCE,2022,19.29303
Oceania,OWID_OCE,2023,19.279617
Oceania,OWID_OCE,2024,19.286556
Oceania (FAO),,1961,10.9488
Oceania (FAO),,1962,10.907001
Oceania (FAO),,1963,12.0268
Oceania (FAO),,1964,10.9851
Oceania (FAO),,1965,13.196701
Oceania (FAO),,1966,11.0491
Oceania (FAO),,1967,12.775701
Oceania (FAO),,1968,11.438001
Oceania (FAO),,1969,13.3401
Oceania (FAO),,1970,11.9272
Oceania (FAO),,1971,16.2066
Oceania (FAO),,1972,14.8723
Oceania (FAO),,1973,18.347101
Oceania (FAO),,1974,16.536402
Oceania (FAO),,1975,18.580902
Oceania (FAO),,1976,19.583
Oceania (FAO),,1977,17.1569
Oceania (FAO),,1978,18.7181
Oceania (FAO),,1979,19.1437
Oceania (FAO),,1980,19.3514
Oceania (FAO),,1981,19.795
Oceania (FAO),,1982,17.054901
Oceania (FAO),,1983,18.317802
Oceania (FAO),,1984,17.1327
Oceania (FAO),,1985,18.661001
Oceania (FAO),,1986,20.7642
Oceania (FAO),,1987,20.3822
Oceania (FAO),,1988,19.29
Oceania (FAO),,1989,15.886701
Oceania (FAO),,1990,19.072802
Oceania (FAO),,1991,17.414902
Oceania (FAO),,1992,17.4785
Oceania (FAO),,1993,22.567501
Oceania (FAO),,1994,20.717302
Oceania (FAO),,1995,19.3476
Oceania (FAO),,1996,16.5331
Oceania (FAO),,1997,19.1021
Oceania (FAO),,1998,18.241302
Oceania (FAO),,1999,16.7534
Oceania (FAO),,2000,18.4964
Oceania (FAO),,2001,22.4095
Oceania (FAO),,2002,20.3439
Oceania (FAO),,2003,23.4247
Oceania (FAO),,2004,17.857
Oceania (FAO),,2005,22.093
Oceania (FAO),,2006,19.902302
Oceania (FAO),,2007,19.282402
Oceania (FAO),,2008,18.214201
Oceania (FAO),,2009,17.914803
Oceania (FAO),,2010,18.9286
Oceania (FAO),,2011,18.9932
Oceania (FAO),,2012,18.971
Oceania (FAO),,2013,18.9842
Oceania (FAO),,2014,19.0532
Oceania (FAO),,2015,19.0222
Oceania (FAO),,2016,19.2385
Oceania (FAO),,2017,19.1821
Oceania (FAO),,2018,19.196402
Oceania (FAO),,2019,19.1629
Oceania (FAO),,2020,19.248802
Oceania (FAO),,2021,19.3136
Oceania (FAO),,2022,19.2928
Oceania (FAO),,2023,19.279902
Oceania (FAO),,2024,19.2871
Pakistan,PAK,1961,1.0944
Pakistan,PAK,1962,0.67730004
Pakistan,PAK,1963,0.91190004
Pakistan,PAK,1964,1.202
Pakistan,PAK,1965,1.1466
Pakistan,PAK,1966,9.6317005
Pakistan,PAK,1967,9.593
Pakistan,PAK,1968,10
Pakistan,PAK,1969,10.204801
Pakistan,PAK,1970,10.229501
Pakistan,PAK,1971,10.618901
Pakistan,PAK,1972,11.125401
Pakistan,PAK,1973,11.5543
Pakistan,PAK,1974,11.9182005
Pakistan,PAK,1975,10.6335
Pakistan,PAK,1976,9.5585
Pakistan,PAK,1977,7.7996006
Pakistan,PAK,1978,10.198001
Pakistan,PAK,1979,10.0395
Pakistan,PAK,1980,10.351001
Pakistan,PAK,1981,9.8281
Pakistan,PAK,1982,9.9828005
Pakistan,PAK,1983,9.5509
Pakistan,PAK,1984,9.5253
Pakistan,PAK,1985,9.5802
Pakistan,PAK,1986,9.5526
Pakistan,PAK,1987,8.884001
Pakistan,PAK,1988,9.199
Pakistan,PAK,1989,9.211201
Pakistan,PAK,1990,9.2861
Pakistan,PAK,2016,8.642501
Pakistan,PAK,2017,8.5858
Pakistan,PAK,2018,8.625401
Pakistan,PAK,2019,8.6112
Pakistan,PAK,2020,9.026701
Pakistan,PAK,2021,9.5965
Pakistan,PAK,2022,9.669201
Pakistan,PAK,2023,9.2901
Pakistan,PAK,2024,14.375901
Palestine,PSE,1994,19.787
Palestine,PSE,1995,16.9549
Palestine,PSE,1996,24.699303
Palestine,PSE,1997,24.878302
Palestine,PSE,1998,24.960802
Palestine,PSE,1999,26.739601
Palestine,PSE,2000,24.2175
Palestine,PSE,2001,26.3609
Palestine,PSE,2002,24.431402
Palestine,PSE,2003,23.595001
Palestine,PSE,2004,25.071802
Palestine,PSE,2005,22.607302
Palestine,PSE,2006,23.756401
Palestine,PSE,2007,22.7932
Palestine,PSE,2008,23.957602
Palestine,PSE,2009,24.4167
Palestine,PSE,2010,24.435402
Palestine,PSE,2011,24.3614
Palestine,PSE,2012,24.3577
Palestine,PSE,2013,24.080502
Palestine,PSE,2014,22.404802
Palestine,PSE,2015,22.131601
Palestine,PSE,2016,31.6667
Palestine,PSE,2017,24.449402
Palestine,PSE,2018,25.010601
Palestine,PSE,2019,24.720001
Palestine,PSE,2020,24.4822
Palestine,PSE,2021,22.598402
Palestine,PSE,2022,24.301802
Panama,PAN,1985,11.627701
Panama,PAN,1986,11.8463
Panama,PAN,1987,12.069
Panama,PAN,1988,11.491
Panama,PAN,1989,9.9637
Panama,PAN,1990,8.4771
Panama,PAN,1991,8.9978
Panama,PAN,1992,8.9764
Panama,PAN,1993,8.954901
Panama,PAN,1994,8.9335
Panama,PAN,1995,8.912001
Panama,PAN,1996,8.8906
Panama,PAN,1997,8.8691
Panama,PAN,1998,8.847701
Panama,PAN,1999,8.912001
Panama,PAN,2000,9.3844
Panama,PAN,2001,9.722401
Panama,PAN,2002,8.4895
Panama,PAN,2003,8.557
Panama,PAN,2004,8.644701
Panama,PAN,2005,8.5588
Panama,PAN,2006,8.592901
Panama,PAN,2007,8.540901
Panama,PAN,2008,8.4875
Panama,PAN,2009,8.5013
Panama,PAN,2010,13.167001
Panama,PAN,2011,2.0279002
Panama,PAN,2012,2.2481003
Panama,PAN,2013,2.0416
Panama,PAN,2014,1.7322
Panama,PAN,2015,1.5535
Panama,PAN,2016,1.4482
Panama,PAN,2017,1.4742
Panama,PAN,2018,1.6984001
Panama,PAN,2019,1.5617
Panama,PAN,2020,1.539
Panama,PAN,2021,1.4575001
Panama,PAN,2022,2.5897
Panama,PAN,2023,2.2311003
Panama,PAN,2024,2.0966003
Paraguay,PRY,1985,26.392502
Paraguay,PRY,1986,25.0729
Paraguay,PRY,1987,23.7721
Paraguay,PRY,1988,21.395
Paraguay,PRY,1989,21.6371
Paraguay,PRY,1990,21.6532
Paraguay,PRY,1991,16.505302
Paraguay,PRY,1992,17.408302
Paraguay,PRY,1993,17.496601
Paraguay,PRY,1994,16.7972
Paraguay,PRY,1995,16.796902
Paraguay,PRY,1996,16.8252
Paraguay,PRY,1997,18.179901
Paraguay,PRY,1998,20.307402
Paraguay,PRY,1999,21.045
Paraguay,PRY,2000,16.860401
Paraguay,PRY,2001,17.188002
Paraguay,PRY,2002,16.847301
Paraguay,PRY,2003,13.8507
Paraguay,PRY,2004,15.065701
Paraguay,PRY,2005,13.7136
Paraguay,PRY,2006,13.356201
Paraguay,PRY,2007,30.588202
Paraguay,PRY,2008,30.1462
Paraguay,PRY,2009,30.1452
Paraguay,PRY,2010,30.829802
Paraguay,PRY,2011,30.048101
Paraguay,PRY,2012,30.048101
Paraguay,PRY,2013,30.000002
Paraguay,PRY,2014,30.000002
Paraguay,PRY,2015,28.865303
Paraguay,PRY,2016,28.959902
Paraguay,PRY,2017,28.959902
Paraguay,PRY,2018,28.959902
Paraguay,PRY,2019,29.249502
Paraguay,PRY,2020,29.493301
Paraguay,PRY,2021,29.4845
Paraguay,PRY,2022,51.632004
Paraguay,PRY,2023,49.321003
Paraguay,PRY,2024,40.1054
Peru,PER,1961,15.038001
Peru,PER,1962,14.9286
Peru,PER,1963,14.943801
Peru,PER,1964,15.0526
Peru,PER,1965,15.050501
Peru,PER,1966,14.9488
Peru,PER,1967,16.092402
Peru,PER,1968,15.359001
Peru,PER,1969,15.361402
Peru,PER,1970,14.502401
Peru,PER,1971,13.469501
Peru,PER,1972,12.612101
Peru,PER,1973,12.253301
Peru,PER,1974,12.245001
Peru,PER,1975,11.407201
Peru,PER,1976,11.261001
Peru,PER,1977,11.0641
Peru,PER,1978,10.836101
Peru,PER,1979,10.365901
Peru,PER,1980,8.529201
Peru,PER,1981,9.581201
Peru,PER,1982,9.27
Peru,PER,1983,8.6008005
Peru,PER,1984,10.471901
Peru,PER,1985,10.5093
Peru,PER,1986,10.9986
Peru,PER,1987,11.2521
Peru,PER,1988,11.7713
Peru,PER,1989,11.3269005
Peru,PER,1990,9.488501
Peru,PER,1991,10.190201
Peru,PER,1992,7.1317005
Peru,PER,1993,8.4931
Peru,PER,1994,11.06
Peru,PER,1995,11.829201
Peru,PER,1996,11.802701
Peru,PER,1997,10.995901
Peru,PER,1998,10.5638
Peru,PER,1999,11.0058
Peru,PER,2000,10.951401
Peru,PER,2001,12.883501
Peru,PER,2002,13.126801
Peru,PER,2003,13.4641
Peru,PER,2004,13.569
Peru,PER,2005,13.453001
Peru,PER,2006,13.951
Peru,PER,2007,13.2558
Peru,PER,2008,14.416
Peru,PER,2009,14.429201
Peru,PER,2010,14.9346
Peru,PER,2011,15.489401
Peru,PER,2012,15.8581
Peru,PER,2013,15.8465
Peru,PER,2014,16.053902
Peru,PER,2015,15.796401
Peru,PER,2016,15.906301
Peru,PER,2017,15.884401
Peru,PER,2018,16.1392
Peru,PER,2019,16.039902
Peru,PER,2020,17.5585
Peru,PER,2021,17.5314
Peru,PER,2022,17.752302
Peru,PER,2023,17.0667
Peru,PER,2024,16.642801
Philippines,PHL,1961,1.7586001
Philippines,PHL,1962,1.2830001
Philippines,PHL,1963,1.2900001
Philippines,PHL,1964,1.276
Philippines,PHL,1965,1.7535001
Philippines,PHL,1966,1.6793001
Philippines,PHL,1967,1.7487
Philippines,PHL,1968,1.7662001
Philippines,PHL,1969,2.2705002
Philippines,PHL,1970,2.4211001
Philippines,PHL,1971,2.6646001
Philippines,PHL,1972,3.2597
Philippines,PHL,1973,3.6465
Philippines,PHL,1974,3.1899002
Philippines,PHL,1975,3.0243
Philippines,PHL,1976,3.8956003
Philippines,PHL,1977,4.1885004
Philippines,PHL,1978,4.4391003
Philippines,PHL,1979,4.1948
Philippines,PHL,1980,4.6077003
Philippines,PHL,1981,5.2732005
Philippines,PHL,1982,5.8763
Philippines,PHL,1983,4.9211
Philippines,PHL,1984,5.4294
Philippines,PHL,1985,5.1603003
Philippines,PHL,1986,5.5017004
Philippines,PHL,1987,4.3986
Philippines,PHL,1988,4.8365
Philippines,PHL,1989,4.7368
Philippines,PHL,1990,4.3836
Philippines,PHL,1991,4.3882003
Philippines,PHL,1992,4.263
Philippines,PHL,1993,4.0067
Philippines,PHL,1994,3.9971004
Philippines,PHL,1995,3.9875002
Philippines,PHL,1996,4.1275
Philippines,PHL,1997,4.3482003
Philippines,PHL,1998,3.8445
Philippines,PHL,1999,3.5339
Philippines,PHL,2000,3.5180001
Philippines,PHL,2001,3.5855002
Philippines,PHL,2002,3.4138002
Philippines,PHL,2003,3.2668002
Philippines,PHL,2004,2.7735002
Philippines,PHL,2005,2.6737
Philippines,PHL,2006,2.7035
Philippines,PHL,2007,2.8332
Philippines,PHL,2008,2.904
Philippines,PHL,2009,2.8141003
Philippines,PHL,2010,2.6607
Philippines,PHL,2011,2.5604
Philippines,PHL,2012,2.5112002
Philippines,PHL,2013,2.398
Philippines,PHL,2014,2.2979
Philippines,PHL,2015,2.2717001
Philippines,PHL,2016,2.0645
Philippines,PHL,2017,1.9653001
Philippines,PHL,2018,1.7773001
Philippines,PHL,2019,1.6150001
Philippines,PHL,2020,1.3736
Philippines,PHL,2021,1.3765
Philippines,PHL,2022,1.3216001
Philippines,PHL,2023,1.6127
Philippines,PHL,2024,0.82750005
Polynesia (FAO),,1961,8.5561
Polynesia (FAO),,1962,7.3684
Polynesia (FAO),,1963,7.7474003
Polynesia (FAO),,1964,8.2831
Polynesia (FAO),,1965,8.545701
Polynesia (FAO),,1966,11.244401
Polynesia (FAO),,1967,10.045
Polynesia (FAO),,1968,7.7961006
Polynesia (FAO),,1969,12.143901
Polynesia (FAO),,1970,10.8696
Polynesia (FAO),,1971,8.581401
Polynesia (FAO),,1972,8.0824
Polynesia (FAO),,1973,11.953501
Polynesia (FAO),,1974,8.7061
Polynesia (FAO),,1975,9.1246
Polynesia (FAO),,1976,7.5963
Polynesia (FAO),,1977,7.5988
Polynesia (FAO),,1978,6.6762004
Polynesia (FAO),,1979,6.8364
Polynesia (FAO),,1980,5.2097006
Polynesia (FAO),,1981,7.0460005
Polynesia (FAO),,1982,4.5339003
Polynesia (FAO),,1983,9.0305
Polynesia (FAO),,1984,9.137401
Polynesia (FAO),,1985,9.0178
Polynesia (FAO),,1986,8.622701
Polynesia (FAO),,1987,8.422
Polynesia (FAO),,1988,8.5266
Polynesia (FAO),,1989,8.5979
Polynesia (FAO),,1990,6.9432006
Polynesia (FAO),,1991,7.2926006
Polynesia (FAO),,1992,6.4774003
Polynesia (FAO),,1993,7.5073004
Polynesia (FAO),,1994,6.4138002
Polynesia (FAO),,1995,7.6454
Polynesia (FAO),,1996,6.3355002
Polynesia (FAO),,1997,6.3061004
Polynesia (FAO),,1998,5.8245
Polynesia (FAO),,1999,5.4866004
Polynesia (FAO),,2000,5.5561004
Polynesia (FAO),,2001,5.5196004
Polynesia (FAO),,2002,5.3261003
Polynesia (FAO),,2003,5.5563
Polynesia (FAO),,2004,5.2906003
Polynesia (FAO),,2005,5.2824
Polynesia (FAO),,2006,5.7363
Polynesia (FAO),,2007,5.589
Polynesia (FAO),,2008,4.8972006
Polynesia (FAO),,2009,4.7687006
Polynesia (FAO),,2010,4.5972004
Polynesia (FAO),,2011,4.4249
Polynesia (FAO),,2012,3.5618002
Polynesia (FAO),,2013,4.1266003
Polynesia (FAO),,2014,4.033
Polynesia (FAO),,2015,3.8288002
Polynesia (FAO),,2016,3.7709
Polynesia (FAO),,2017,3.6844
Polynesia (FAO),,2018,3.5783002
Polynesia (FAO),,2019,3.7431002
Polynesia (FAO),,2020,3.8271003
Polynesia (FAO),,2021,3.7168002
Polynesia (FAO),,2022,3.6607
Polynesia (FAO),,2023,3.2036002
Polynesia (FAO),,2024,3.1765
Portugal,PRT,1961,8.7333
Portugal,PRT,1962,10.064501
Portugal,PRT,1963,6.8667006
Portugal,PRT,1964,9.3125
Portugal,PRT,1965,9.625
Portugal,PRT,1966,8.0864
Portugal,PRT,1967,8.012401
Portugal,PRT,1968,6.6669
Portugal,PRT,1969,7.6622005
Portugal,PRT,1970,6.5712004
Portugal,PRT,1971,5.8873
Portugal,PRT,1972,8.094501
Portugal,PRT,1973,7.8503003
Portugal,PRT,1974,6.8871
Portugal,PRT,1975,7.1534004
Portugal,PRT,1976,6.0158
Portugal,PRT,1977,6.6128
Portugal,PRT,1978,5.4503
Portugal,PRT,1979,6.2751
Portugal,PRT,1980,7.4000006
Portugal,PRT,1981,6.8750005
Portugal,PRT,1982,8
Portugal,PRT,1983,8.125
Portugal,PRT,1984,8.4375
Portugal,PRT,1985,8.6875
Portugal,PRT,1986,8.5001
Portugal,PRT,1987,9
Portugal,PRT,1988,8.700001
Portugal,PRT,1989,8.5
Portugal,PRT,1990,9.3078
Portugal,PRT,1991,8.8525
Portugal,PRT,1992,8.921901
Portugal,PRT,1993,8.5738
Portugal,PRT,1994,9.418
Portugal,PRT,1995,10.2089
Portugal,PRT,1996,8.6708
Portugal,PRT,1997,10.1512
Portugal,PRT,1998,12.7075
Portugal,PRT,1999,10.0576
Portugal,PRT,2000,12.0908
Portugal,PRT,2001,10.3905
Portugal,PRT,2002,13.0008
Portugal,PRT,2003,12.9076
Portugal,PRT,2004,11.853201
Portugal,PRT,2005,10.6306
Portugal,PRT,2006,11.8035
Portugal,PRT,2007,11.122001
Portugal,PRT,2008,9.2451
Portugal,PRT,2009,11.3086
Portugal,PRT,2010,11.8926
Portugal,PRT,2011,13.932401
Portugal,PRT,2012,12.6341
Portugal,PRT,2013,14.298701
Portugal,PRT,2014,15.2918005
Portugal,PRT,2015,14.749401
Portugal,PRT,2016,17.7857
Portugal,PRT,2017,18.8339
Portugal,PRT,2018,19.508902
Portugal,PRT,2019,20.228302
Portugal,PRT,2020,20.631802
Portugal,PRT,2021,21.096802
Portugal,PRT,2022,21.9901
Portugal,PRT,2023,15.926301
Portugal,PRT,2024,20.028902
Puerto Rico,PRI,1985,29.574001
Puerto Rico,PRI,1986,30.055403
Puerto Rico,PRI,1987,30.016302
Puerto Rico,PRI,1988,30.410902
Puerto Rico,PRI,1989,30.253302
Puerto Rico,PRI,1990,29.8082
Puerto Rico,PRI,1991,30.5685
Puerto Rico,PRI,1992,31.325302
Puerto Rico,PRI,1993,31.1641
Puerto Rico,PRI,1994,30.745802
Puerto Rico,PRI,1995,17.7152
Puerto Rico,PRI,1996,16.9776
Puerto Rico,PRI,1997,17.027601
Puerto Rico,PRI,1998,16.0032
Puerto Rico,PRI,1999,9.2622
Puerto Rico,PRI,2000,9.2642
Puerto Rico,PRI,2001,9.2995
Puerto Rico,PRI,2002,9.3056
Puerto Rico,PRI,2003,9.2323
Puerto Rico,PRI,2004,9.232401
Puerto Rico,PRI,2005,9.2347
Puerto Rico,PRI,2006,8.966401
Puerto Rico,PRI,2007,8.7656
Puerto Rico,PRI,2008,8.5806
Puerto Rico,PRI,2009,8.0984
Puerto Rico,PRI,2010,7.8700004
Puerto Rico,PRI,2011,7.6371007
Puerto Rico,PRI,2012,7.4465003
Puerto Rico,PRI,2013,7.3323
Puerto Rico,PRI,2014,6.9631004
Puerto Rico,PRI,2015,7.7832007
Puerto Rico,PRI,2016,7.5955005
Puerto Rico,PRI,2017,7.4584002
Puerto Rico,PRI,2018,8.9286
Puerto Rico,PRI,2019,10.223001
Puerto Rico,PRI,2020,11.744101
Puerto Rico,PRI,2021,13.2936
Puerto Rico,PRI,2022,15.4818
Puerto Rico,PRI,2023,16.2532
Puerto Rico,PRI,2024,12.6815
Reunion,REU,1985,11.633301
Reunion,REU,1986,12.8571005
Reunion,REU,1987,13.333301
Reunion,REU,1988,15.7143
Reunion,REU,1989,16.6667
Reunion,REU,1990,16.4545
Reunion,REU,1991,16.6667
Reunion,REU,1992,17.0909
Reunion,REU,1993,18.5
Reunion,REU,1994,11.726201
Reunion,REU,1995,11.726201
Reunion,REU,1996,11.726201
Reunion,REU,1997,13.333301
Reunion,REU,1998,14.000001
Reunion,REU,1999,18.6667
Reunion,REU,2000,19.6721
Reunion,REU,2001,22.000002
Reunion,REU,2002,15.000001
Reunion,REU,2003,15.873001
Reunion,REU,2004,17.1429
Reunion,REU,2005,18.055601
Reunion,REU,2006,18.072302
Russia,RUS,2004,2.2
Russia,RUS,2005,3.5000002
Russia,RUS,2006,3.8000002
Russia,RUS,2007,2.7
Russia,RUS,2008,1.7500001
Russia,RUS,2009,0.84510005
Russia,RUS,2010,4.1935
Russia,RUS,2011,3.3333
Russia,RUS,2012,3.4839
Russia,RUS,2013,3.6333003
Russia,RUS,2014,3.3235002
Russia,RUS,2015,3.2440002
Russia,RUS,2016,3.1000001
Russia,RUS,2017,4.21
Russia,RUS,2018,3.9524002
Russia,RUS,2019,3.7500002
Russia,RUS,2020,3.1714
Russia,RUS,2021,3.6200001
Russia,RUS,2022,3.2088003
Russia,RUS,2023,3.4642
Russia,RUS,2024,3.6322002
Rwanda,RWA,2005,1.4925001
Rwanda,RWA,2006,1.5000001
Rwanda,RWA,2007,1.5054001
Rwanda,RWA,2008,1.2606001
Rwanda,RWA,2009,1.8162
Rwanda,RWA,2010,1.9231001
Rwanda,RWA,2011,1.7313001
Rwanda,RWA,2012,2.0741003
Rwanda,RWA,2013,1.7780001
Rwanda,RWA,2014,1.8242
Rwanda,RWA,2015,1.8656001
Rwanda,RWA,2016,1.8834001
Rwanda,RWA,2017,1.8667
Rwanda,RWA,2018,1.8720001
Rwanda,RWA,2019,1.9195001
Rwanda,RWA,2020,1.9515
Rwanda,RWA,2021,1.8968002
Rwanda,RWA,2022,1.9223001
Rwanda,RWA,2023,1.9233001
Rwanda,RWA,2024,1.9141
Saint Lucia,LCA,1985,2.7273002
Saint Lucia,LCA,1986,2.8182
Saint Lucia,LCA,1987,2.8182
Saint Lucia,LCA,1988,2.9091003
Saint Lucia,LCA,1989,3.0000002
Saint Lucia,LCA,1990,2.9825
Saint Lucia,LCA,1991,4.6559
Saint Lucia,LCA,1992,5
Saint Lucia,LCA,1993,6.2542005
Saint Lucia,LCA,1994,7.2222004
Saint Lucia,LCA,1995,8.6842
Saint Lucia,LCA,1996,8.641001
Saint Lucia,LCA,1997,8.6324005
Saint Lucia,LCA,1998,7.8333
Saint Lucia,LCA,1999,11.1
Saint Lucia,LCA,2000,10.8846
Saint Lucia,LCA,2001,10.5263
Saint Lucia,LCA,2002,10.9455
Saint Lucia,LCA,2003,10.8878
Saint Lucia,LCA,2004,10.966701
Saint Lucia,LCA,2005,10.240001
Saint Lucia,LCA,2006,10.888901
Saint Lucia,LCA,2007,10.836401
Saint Lucia,LCA,2008,10.888901
Saint Lucia,LCA,2009,10.7692
Saint Lucia,LCA,2010,10.8255005
Saint Lucia,LCA,2011,10.964701
Saint Lucia,LCA,2012,10.8668
Saint Lucia,LCA,2013,10.874401
Saint Lucia,LCA,2014,13.0411005
Saint Lucia,LCA,2015,17.6252
Saint Lucia,LCA,2016,21.278502
Saint Lucia,LCA,2017,24.750002
Saint Lucia,LCA,2018,23.8462
Saint Lucia,LCA,2019,24.250002
Saint Lucia,LCA,2020,40
Saint Lucia,LCA,2021,40
Saint Lucia,LCA,2022,40
Saint Lucia,LCA,2023,43.600002
Saint Lucia,LCA,2024,46.039803
Saint Vincent and the Grenadines,VCT,1985,2.9222002
Saint Vincent and the Grenadines,VCT,1986,3.8778002
Saint Vincent and the Grenadines,VCT,1987,3.8778002
Saint Vincent and the Grenadines,VCT,1988,4.1667004
Saint Vincent and the Grenadines,VCT,1989,4.375
Saint Vincent and the Grenadines,VCT,1990,4.5
Saint Vincent and the Grenadines,VCT,1991,4.6041
Saint Vincent and the Grenadines,VCT,1992,4.6197004
Saint Vincent and the Grenadines,VCT,1993,4.6352005
Saint Vincent and the Grenadines,VCT,1994,4.6506004
Saint Vincent and the Grenadines,VCT,1995,4.6661005
Saint Vincent and the Grenadines,VCT,1996,4.6597004
Saint Vincent and the Grenadines,VCT,1997,4.6845
Saint Vincent and the Grenadines,VCT,1998,4.7041
Saint Vincent and the Grenadines,VCT,1999,4.7236004
Saint Vincent and the Grenadines,VCT,2000,4.7059
Saint Vincent and the Grenadines,VCT,2001,4.8
Saint Vincent and the Grenadines,VCT,2002,4.8276005
Saint Vincent and the Grenadines,VCT,2003,4.7594
Saint Vincent and the Grenadines,VCT,2004,5.0794
Saint Vincent and the Grenadines,VCT,2005,4.8688
Saint Vincent and the Grenadines,VCT,2006,4.8529
Saint Vincent and the Grenadines,VCT,2007,4.8571005
Saint Vincent and the Grenadines,VCT,2008,4.7945004
Saint Vincent and the Grenadines,VCT,2009,4.8649
Saint Vincent and the Grenadines,VCT,2010,3.9256003
Saint Vincent and the Grenadines,VCT,2011,5.5785003
Saint Vincent and the Grenadines,VCT,2012,5.4527006
Saint Vincent and the Grenadines,VCT,2013,5.0639
Saint Vincent and the Grenadines,VCT,2014,8.287401
Saint Vincent and the Grenadines,VCT,2015,17.4545
Saint Vincent and the Grenadines,VCT,2016,25.2057
Saint Vincent and the Grenadines,VCT,2017,30.033302
Saint Vincent and the Grenadines,VCT,2018,30.333302
Saint Vincent and the Grenadines,VCT,2019,29.857101
Saint Vincent and the Grenadines,VCT,2020,30.454502
Saint Vincent and the Grenadines,VCT,2021,27.6667
Saint Vincent and the Grenadines,VCT,2022,29.2
Saint Vincent and the Grenadines,VCT,2023,27.800001
Saint Vincent and the Grenadines,VCT,2024,26.000002
Senegal,SEN,1961,3.0000002
Senegal,SEN,1962,3.0000002
Senegal,SEN,1963,3.0000002
Senegal,SEN,1964,3.0000002
Senegal,SEN,1965,2
Senegal,SEN,1966,2
Senegal,SEN,1967,1
Senegal,SEN,1968,2
Senegal,SEN,1969,2
Senegal,SEN,1970,3.0000002
Senegal,SEN,1971,3.0000002
Senegal,SEN,1972,2.105
Senegal,SEN,1973,4.5400004
Senegal,SEN,1974,4.6154003
Senegal,SEN,1975,5
Senegal,SEN,1976,5
Senegal,SEN,1977,5
Senegal,SEN,1978,5
Senegal,SEN,1979,5.0541005
Senegal,SEN,1980,5
Senegal,SEN,1981,5
Senegal,SEN,1982,5
Senegal,SEN,1983,4.875
Senegal,SEN,1984,4.8250003
Senegal,SEN,1985,4.8889003
Senegal,SEN,1986,5.1111
Senegal,SEN,1987,5.3333
Senegal,SEN,1988,5.6522007
Senegal,SEN,1989,6.4583
Senegal,SEN,1990,5.9574003
Senegal,SEN,1991,5.6522007
Senegal,SEN,1992,5.3333
Senegal,SEN,1993,6.2981005
Senegal,SEN,1994,6.0002003
Senegal,SEN,1995,7.0000005
Senegal,SEN,1996,9.1573
Senegal,SEN,1997,8.571401
Senegal,SEN,1998,7.5693
Senegal,SEN,1999,7.4742007
Senegal,SEN,2000,7.5902004
Senegal,SEN,2001,7.9386005
Senegal,SEN,2002,7.6454
Senegal,SEN,2003,8.212501
Senegal,SEN,2004,6.0875
Senegal,SEN,2005,8.875
Senegal,SEN,2006,6.4548
Senegal,SEN,2007,6.6667004
Senegal,SEN,2008,7.3052006
Senegal,SEN,2009,7.3898
Senegal,SEN,2010,7.3043003
Senegal,SEN,2011,7.2877007
Senegal,SEN,2012,7.2711005
Senegal,SEN,2013,7.2545004
Senegal,SEN,2014,7.4045005
Senegal,SEN,2015,7.4053
Senegal,SEN,2016,7.4611006
Senegal,SEN,2017,7.4884005
Senegal,SEN,2018,7.5039
Senegal,SEN,2019,7.5191007
Senegal,SEN,2020,7.5290003
Senegal,SEN,2021,7.5144005
Senegal,SEN,2022,7.4737005
Senegal,SEN,2023,7.4759
Senegal,SEN,2024,7.478
Serbia and Montenegro,OWID_SRM,1992,3.9302
Serbia and Montenegro,OWID_SRM,1993,5.9263
Serbia and Montenegro,OWID_SRM,1994,5.9263
Serbia and Montenegro,OWID_SRM,1995,6.5694003
Serbia and Montenegro,OWID_SRM,1996,6.7879004
Serbia and Montenegro,OWID_SRM,1997,7.0926003
Serbia and Montenegro,OWID_SRM,1998,7.743201
Serbia and Montenegro,OWID_SRM,1999,7.1754003
Serbia and Montenegro,OWID_SRM,2000,6.7640004
Serbia and Montenegro,OWID_SRM,2001,7.4241004
Serbia and Montenegro,OWID_SRM,2002,8.25
Serbia and Montenegro,OWID_SRM,2003,12.440001
Serbia and Montenegro,OWID_SRM,2004,17.147501
Serbia and Montenegro,OWID_SRM,2005,17.826101
Seychelles,SYC,1979,5
Seychelles,SYC,1980,5
Seychelles,SYC,1981,5
Seychelles,SYC,1982,5.5000005
Seychelles,SYC,1983,6.2500005
Seychelles,SYC,1984,6.7500005
Seychelles,SYC,1985,7.5000005
Seychelles,SYC,1986,7.5000005
Seychelles,SYC,1987,7.5000005
Seychelles,SYC,1988,7.5000005
Seychelles,SYC,1989,7.5000005
Seychelles,SYC,1990,7.7500005
Seychelles,SYC,1991,4.7611003
Seychelles,SYC,1992,4.9405003
Seychelles,SYC,1993,5
Seychelles,SYC,1994,5.4473
Seychelles,SYC,1995,6.2500005
Seychelles,SYC,1996,5
Seychelles,SYC,1997,6.2477007
Seychelles,SYC,1998,6.6199
Seychelles,SYC,1999,7.5000005
Seychelles,SYC,2000,7.5000005
Seychelles,SYC,2001,7.7281003
Seychelles,SYC,2002,8.022201
Seychelles,SYC,2003,8.296801
Seychelles,SYC,2004,8.3961
Seychelles,SYC,2005,8.664801
Seychelles,SYC,2006,8.917901
Seychelles,SYC,2007,9.1691
Seychelles,SYC,2008,9.4191
Seychelles,SYC,2009,9.668301
Seychelles,SYC,2010,9.9168005
Seychelles,SYC,2011,10.2432
Seychelles,SYC,2012,10.4357
Seychelles,SYC,2013,10.733401
Seychelles,SYC,2014,10.985801
Seychelles,SYC,2015,11.244201
Seychelles,SYC,2016,11.474501
Seychelles,SYC,2017,11.709901
Seychelles,SYC,2018,11.981201
Seychelles,SYC,2019,12.2268
Seychelles,SYC,2020,11.995001
Seychelles,SYC,2021,12.016201
Seychelles,SYC,2022,12.077401
Seychelles,SYC,2023,12.064501
Seychelles,SYC,2024,12.107901
Small Island Developing States (FAO),,1961,20.8872
Small Island Developing States (FAO),,1962,19.695902
Small Island Developing States (FAO),,1963,20.1777
Small Island Developing States (FAO),,1964,21.0081
Small Island Developing States (FAO),,1965,19.5107
Small Island Developing States (FAO),,1966,20.836
Small Island Developing States (FAO),,1967,19.6031
Small Island Developing States (FAO),,1968,20.0242
Small Island Developing States (FAO),,1969,20.648302
Small Island Developing States (FAO),,1970,21.153502
Small Island Developing States (FAO),,1971,20.325302
Small Island Developing States (FAO),,1972,21.304901
Small Island Developing States (FAO),,1973,26.4584
Small Island Developing States (FAO),,1974,27.223902
Small Island Developing States (FAO),,1975,26.583801
Small Island Developing States (FAO),,1976,26.590002
Small Island Developing States (FAO),,1977,29.365002
Small Island Developing States (FAO),,1978,30.032303
Small Island Developing States (FAO),,1979,33.407104
Small Island Developing States (FAO),,1980,35.7652
Small Island Developing States (FAO),,1981,33.653603
Small Island Developing States (FAO),,1982,38.4429
Small Island Developing States (FAO),,1983,47.5117
Small Island Developing States (FAO),,1984,43.997902
Small Island Developing States (FAO),,1985,8.453701
Small Island Developing States (FAO),,1986,8.7275
Small Island Developing States (FAO),,1987,9.1176
Small Island Developing States (FAO),,1988,8.903901
Small Island Developing States (FAO),,1989,8.206901
Small Island Developing States (FAO),,1990,8.3243
Small Island Developing States (FAO),,1991,6.6149
Small Island Developing States (FAO),,1992,6.5318003
Small Island Developing States (FAO),,1993,6.3948
Small Island Developing States (FAO),,1994,6.0386004
Small Island Developing States (FAO),,1995,6.3916006
Small Island Developing States (FAO),,1996,7.5086
Small Island Developing States (FAO),,1997,9.616501
Small Island Developing States (FAO),,1998,7.8480005
Small Island Developing States (FAO),,1999,9.2398
Small Island Developing States (FAO),,2000,10.686401
Small Island Developing States (FAO),,2001,12.367001
Small Island Developing States (FAO),,2002,8.523901
Small Island Developing States (FAO),,2003,11.187301
Small Island Developing States (FAO),,2004,12.770101
Small Island Developing States (FAO),,2005,12.3227005
Small Island Developing States (FAO),,2006,8.3198
Small Island Developing States (FAO),,2007,9.960401
Small Island Developing States (FAO),,2008,9.128401
Small Island Developing States (FAO),,2009,9.7158
Small Island Developing States (FAO),,2010,9.0369005
Small Island Developing States (FAO),,2011,9.0076
Small Island Developing States (FAO),,2012,10.3236
Small Island Developing States (FAO),,2013,9.252201
Small Island Developing States (FAO),,2014,8.435901
Small Island Developing States (FAO),,2015,8.382901
Small Island Developing States (FAO),,2016,6.2668
Small Island Developing States (FAO),,2017,6.4797006
Small Island Developing States (FAO),,2018,6.3749003
Small Island Developing States (FAO),,2019,6.3593
Small Island Developing States (FAO),,2020,6.6311
Small Island Developing States (FAO),,2021,6.5086
Small Island Developing States (FAO),,2022,6.6437006
Small Island Developing States (FAO),,2023,6.0265
Small Island Developing States (FAO),,2024,5.9961004
Somalia,SOM,1961,6.2500005
Somalia,SOM,1962,6.5000005
Somalia,SOM,1963,6.0000005
Somalia,SOM,1964,6.1111
Somalia,SOM,1965,6.3333
Somalia,SOM,1966,6.4444003
Somalia,SOM,1967,6.0000005
Somalia,SOM,1968,6.1000004
Somalia,SOM,1969,6.3
Somalia,SOM,1970,6.5000005
Somalia,SOM,1971,6.0909004
Somalia,SOM,1972,6.1818
Somalia,SOM,1973,6.3636003
Somalia,SOM,1974,6.4545
Somalia,SOM,1975,6.6364
Somalia,SOM,1976,6.6364
Somalia,SOM,1977,6.2500005
Somalia,SOM,1978,6.2500005
Somalia,SOM,1979,6.4167004
Somalia,SOM,1980,6.5000005
Somalia,SOM,1981,6.6667004
Somalia,SOM,1982,6.6667004
Somalia,SOM,1983,6.3077006
Somalia,SOM,1984,6.3846
Somalia,SOM,1985,6.4615
Somalia,SOM,1986,6.5385003
Somalia,SOM,1987,6.6154003
Somalia,SOM,1988,6.6923003
Somalia,SOM,1989,6.7692003
Somalia,SOM,1990,6.6171002
Somalia,SOM,1991,5.5651
Somalia,SOM,1992,5.6049004
Somalia,SOM,1993,5.6447005
Somalia,SOM,1994,5.6845
Somalia,SOM,1995,5.7243
Somalia,SOM,1996,5.7642007
Somalia,SOM,1997,5.8040004
Somalia,SOM,1998,5.8438
Somalia,SOM,1999,5.8203
Somalia,SOM,2000,5.9319
Somalia,SOM,2001,6.0714
Somalia,SOM,2002,5.9917006
Somalia,SOM,2003,6.0141006
Somalia,SOM,2004,6.0486
Somalia,SOM,2005,6.0000005
Somalia,SOM,2006,6.2143
Somalia,SOM,2007,6.2399
Somalia,SOM,2008,6.2728
Somalia,SOM,2009,6.3222003
Somalia,SOM,2010,6.0714
Somalia,SOM,2011,6.6952004
Somalia,SOM,2012,7.3333
Somalia,SOM,2013,7.3333
Somalia,SOM,2014,7.2257004
Somalia,SOM,2015,7.2093
Somalia,SOM,2016,7.2195005
Somalia,SOM,2017,7.2655005
Somalia,SOM,2018,7.3391004
Somalia,SOM,2019,7.4329004
Somalia,SOM,2020,7.5307007
Somalia,SOM,2021,7.3481007
Somalia,SOM,2022,7.4452004
Somalia,SOM,2023,7.4284
Somalia,SOM,2024,7.3727007
South Africa,ZAF,1961,15.954301
South Africa,ZAF,1962,17.331402
South Africa,ZAF,1963,17.415401
South Africa,ZAF,1964,18.831501
South Africa,ZAF,1965,17.6611
South Africa,ZAF,1966,17.4655
South Africa,ZAF,1967,18.923101
South Africa,ZAF,1968,19.3337
South Africa,ZAF,1969,17.654402
South Africa,ZAF,1970,18.742601
South Africa,ZAF,1971,17.049002
South Africa,ZAF,1972,20.552301
South Africa,ZAF,1973,18.947302
South Africa,ZAF,1974,21.671001
South Africa,ZAF,1975,20.4796
South Africa,ZAF,1976,22.225801
South Africa,ZAF,1977,18.6114
South Africa,ZAF,1978,21.947601
South Africa,ZAF,1979,20.8539
South Africa,ZAF,1980,20.2517
South Africa,ZAF,1981,21.568802
South Africa,ZAF,1982,20.4567
South Africa,ZAF,1983,19.3447
South Africa,ZAF,1984,19.3396
South Africa,ZAF,1985,19.983902
South Africa,ZAF,1986,19.8546
South Africa,ZAF,1987,20.6861
South Africa,ZAF,1988,20.0974
South Africa,ZAF,1989,19.7674
South Africa,ZAF,1990,21.514502
South Africa,ZAF,1991,21.648401
South Africa,ZAF,1992,22.247002
South Africa,ZAF,1993,21.0769
South Africa,ZAF,1994,23.080101
South Africa,ZAF,1995,21.3605
South Africa,ZAF,1996,22.1437
South Africa,ZAF,1997,23.184801
South Africa,ZAF,1998,22.2136
South Africa,ZAF,1999,24.547
South Africa,ZAF,2000,24.384
South Africa,ZAF,2001,24.489902
South Africa,ZAF,2002,25.456303
South Africa,ZAF,2003,26.500902
South Africa,ZAF,2004,25.017101
South Africa,ZAF,2005,30.384901
South Africa,ZAF,2006,35.7627
South Africa,ZAF,2007,35.202103
South Africa,ZAF,2008,35.4059
South Africa,ZAF,2009,33.401802
South Africa,ZAF,2010,33.923603
South Africa,ZAF,2011,36.5659
South Africa,ZAF,2012,37.582302
South Africa,ZAF,2013,38.504803
South Africa,ZAF,2014,39.2705
South Africa,ZAF,2015,40.042503
South Africa,ZAF,2016,40.425804
South Africa,ZAF,2017,41.1759
South Africa,ZAF,2018,42.0084
South Africa,ZAF,2019,42.801003
South Africa,ZAF,2020,43.5315
South Africa,ZAF,2021,44.4905
South Africa,ZAF,2022,44.6162
South Africa,ZAF,2023,45.2079
South Africa,ZAF,2024,45.7997
South America,OWID_SAM,1961,17.593449
South America,OWID_SAM,1962,17.475151
South America,OWID_SAM,1963,17.476168
South America,OWID_SAM,1964,16.851952
South America,OWID_SAM,1965,16.924467
South America,OWID_SAM,1966,16.759558
South America,OWID_SAM,1967,17.594694
South America,OWID_SAM,1968,17.913063
South America,OWID_SAM,1969,18.468575
South America,OWID_SAM,1970,17.957142
South America,OWID_SAM,1971,18.002
South America,OWID_SAM,1972,17.53166
South America,OWID_SAM,1973,12.855746
South America,OWID_SAM,1974,18.263578
South America,OWID_SAM,1975,16.968904
South America,OWID_SAM,1976,18.01771
South America,OWID_SAM,1977,18.346344
South America,OWID_SAM,1978,18.236332
South America,OWID_SAM,1979,18.690493
South America,OWID_SAM,1980,18.004023
South America,OWID_SAM,1981,18.553825
South America,OWID_SAM,1982,18.411188
South America,OWID_SAM,1983,17.672977
South America,OWID_SAM,1984,18.875986
South America,OWID_SAM,1985,19.349833
South America,OWID_SAM,1986,17.52315
South America,OWID_SAM,1987,18.83749
South America,OWID_SAM,1988,17.72957
South America,OWID_SAM,1989,19.035343
South America,OWID_SAM,1990,18.173475
South America,OWID_SAM,1991,18.233978
South America,OWID_SAM,1992,18.798119
South America,OWID_SAM,1993,21.537989
South America,OWID_SAM,1994,18.518362
South America,OWID_SAM,1995,21.679401
South America,OWID_SAM,1996,20.486315
South America,OWID_SAM,1997,21.983528
South America,OWID_SAM,1998,19.567213
South America,OWID_SAM,1999,20.66066
South America,OWID_SAM,2000,22.260748
South America,OWID_SAM,2001,18.892403
South America,OWID_SAM,2002,20.326456
South America,OWID_SAM,2003,18.567604
South America,OWID_SAM,2004,20.37529
South America,OWID_SAM,2005,20.166817
South America,OWID_SAM,2006,20.49665
South America,OWID_SAM,2007,20.823233
South America,OWID_SAM,2008,20.722769
South America,OWID_SAM,2009,20.640112
South America,OWID_SAM,2010,21.118483
South America,OWID_SAM,2011,22.55795
South America,OWID_SAM,2012,22.845297
South America,OWID_SAM,2013,22.999619
South America,OWID_SAM,2014,23.005726
South America,OWID_SAM,2015,22.931702
South America,OWID_SAM,2016,24.080723
South America,OWID_SAM,2017,24.98657
South America,OWID_SAM,2018,25.659477
South America,OWID_SAM,2019,26.110968
South America,OWID_SAM,2020,26.12732
South America,OWID_SAM,2021,24.905064
South America,OWID_SAM,2022,26.36223
South America,OWID_SAM,2023,27.177567
South America,OWID_SAM,2024,25.01179
South America (FAO),,1961,17.593401
South America (FAO),,1962,17.4752
South America (FAO),,1963,17.4762
South America (FAO),,1964,16.852001
South America (FAO),,1965,16.924501
South America (FAO),,1966,16.7596
South America (FAO),,1967,17.5947
South America (FAO),,1968,17.913101
South America (FAO),,1969,18.468601
South America (FAO),,1970,17.9571
South America (FAO),,1971,18.002
South America (FAO),,1972,17.5317
South America (FAO),,1973,12.8557005
South America (FAO),,1974,18.263601
South America (FAO),,1975,16.9689
South America (FAO),,1976,18.0177
South America (FAO),,1977,18.346302
South America (FAO),,1978,18.236301
South America (FAO),,1979,18.6905
South America (FAO),,1980,18.004002
South America (FAO),,1981,18.553802
South America (FAO),,1982,18.4112
South America (FAO),,1983,17.673
South America (FAO),,1984,18.876001
South America (FAO),,1985,19.349802
South America (FAO),,1986,17.5231
South America (FAO),,1987,18.837502
South America (FAO),,1988,17.7296
South America (FAO),,1989,19.035301
South America (FAO),,1990,18.1735
South America (FAO),,1991,18.234001
South America (FAO),,1992,18.798101
South America (FAO),,1993,21.538
South America (FAO),,1994,18.518402
South America (FAO),,1995,21.679401
South America (FAO),,1996,20.486301
South America (FAO),,1997,21.983501
South America (FAO),,1998,19.5672
South America (FAO),,1999,20.6607
South America (FAO),,2000,22.2607
South America (FAO),,2001,18.8924
South America (FAO),,2002,20.326502
South America (FAO),,2003,18.5676
South America (FAO),,2004,20.375301
South America (FAO),,2005,20.166801
South America (FAO),,2006,20.496601
South America (FAO),,2007,20.8232
South America (FAO),,2008,20.722801
South America (FAO),,2009,20.6401
South America (FAO),,2010,21.118502
South America (FAO),,2011,22.557901
South America (FAO),,2012,22.845303
South America (FAO),,2013,22.999601
South America (FAO),,2014,23.005701
South America (FAO),,2015,22.9317
South America (FAO),,2016,24.0807
South America (FAO),,2017,24.9866
South America (FAO),,2018,25.659502
South America (FAO),,2019,26.111002
South America (FAO),,2020,26.127302
South America (FAO),,2021,24.905
South America (FAO),,2022,26.3622
South America (FAO),,2023,27.1776
South America (FAO),,2024,25.011902
South-eastern Asia (FAO),,1961,7.4022007
South-eastern Asia (FAO),,1962,6.6253
South-eastern Asia (FAO),,1963,6.663
South-eastern Asia (FAO),,1964,6.8037004
South-eastern Asia (FAO),,1965,6.9846005
South-eastern Asia (FAO),,1966,7.1756005
South-eastern Asia (FAO),,1967,6.7282004
South-eastern Asia (FAO),,1968,6.7047005
South-eastern Asia (FAO),,1969,7.0268
South-eastern Asia (FAO),,1970,6.6825004
South-eastern Asia (FAO),,1971,7.0084004
South-eastern Asia (FAO),,1972,7.7754
South-eastern Asia (FAO),,1973,7.2996006
South-eastern Asia (FAO),,1974,7.1909003
South-eastern Asia (FAO),,1975,7.347
South-eastern Asia (FAO),,1976,7.1174
South-eastern Asia (FAO),,1977,7.9611006
South-eastern Asia (FAO),,1978,8.284901
South-eastern Asia (FAO),,1979,7.9933
South-eastern Asia (FAO),,1980,7.7530003
South-eastern Asia (FAO),,1981,8.517
South-eastern Asia (FAO),,1982,8.219701
South-eastern Asia (FAO),,1983,8.2261
South-eastern Asia (FAO),,1984,8.234
South-eastern Asia (FAO),,1985,7.5061007
South-eastern Asia (FAO),,1986,8.0694
South-eastern Asia (FAO),,1987,7.9021006
South-eastern Asia (FAO),,1988,7.3537006
South-eastern Asia (FAO),,1989,7.7109003
South-eastern Asia (FAO),,1990,7.3372006
South-eastern Asia (FAO),,1991,7.6132007
South-eastern Asia (FAO),,1992,8.212001
South-eastern Asia (FAO),,1993,7.9886003
South-eastern Asia (FAO),,1994,6.9690003
South-eastern Asia (FAO),,1995,9.3163
South-eastern Asia (FAO),,1996,6.7840004
South-eastern Asia (FAO),,1997,6.4686003
South-eastern Asia (FAO),,1998,10.162701
South-eastern Asia (FAO),,1999,9.9034
South-eastern Asia (FAO),,2000,10.6286
South-eastern Asia (FAO),,2001,11.0356
South-eastern Asia (FAO),,2002,11.721801
South-eastern Asia (FAO),,2003,17.119001
South-eastern Asia (FAO),,2004,18.338001
South-eastern Asia (FAO),,2005,19.700802
South-eastern Asia (FAO),,2006,20.988901
South-eastern Asia (FAO),,2007,21.7332
South-eastern Asia (FAO),,2008,20.997501
South-eastern Asia (FAO),,2009,19.9995
South-eastern Asia (FAO),,2010,20.4775
South-eastern Asia (FAO),,2011,20.679901
South-eastern Asia (FAO),,2012,19.7242
South-eastern Asia (FAO),,2013,20.559502
South-eastern Asia (FAO),,2014,21.8216
South-eastern Asia (FAO),,2015,21.789501
South-eastern Asia (FAO),,2016,22.356802
South-eastern Asia (FAO),,2017,22.8229
South-eastern Asia (FAO),,2018,23.3395
South-eastern Asia (FAO),,2019,23.0077
South-eastern Asia (FAO),,2020,23.5226
South-eastern Asia (FAO),,2021,25.259602
South-eastern Asia (FAO),,2022,26.921501
South-eastern Asia (FAO),,2023,27.957302
South-eastern Asia (FAO),,2024,28.032402
Southern Africa (FAO),,1961,14.650901
Southern Africa (FAO),,1962,15.917901
Southern Africa (FAO),,1963,15.766001
Southern Africa (FAO),,1964,17.004902
Southern Africa (FAO),,1965,15.732301
Southern Africa (FAO),,1966,15.5821
Southern Africa (FAO),,1967,16.1599
Southern Africa (FAO),,1968,16.205502
Southern Africa (FAO),,1969,14.711801
Southern Africa (FAO),,1970,15.6387005
Southern Africa (FAO),,1971,14.35
Southern Africa (FAO),,1972,17.092802
Southern Africa (FAO),,1973,15.931001
Southern Africa (FAO),,1974,17.8574
Southern Africa (FAO),,1975,16.949902
Southern Africa (FAO),,1976,18.271002
Southern Africa (FAO),,1977,15.4706
Southern Africa (FAO),,1978,17.8842
Southern Africa (FAO),,1979,17.0271
Southern Africa (FAO),,1980,16.626802
Southern Africa (FAO),,1981,17.765501
Southern Africa (FAO),,1982,16.9326
Southern Africa (FAO),,1983,15.924401
Southern Africa (FAO),,1984,15.789201
Southern Africa (FAO),,1985,16.469902
Southern Africa (FAO),,1986,16.509901
Southern Africa (FAO),,1987,17.253801
Southern Africa (FAO),,1988,17.084902
Southern Africa (FAO),,1989,17.7066
Southern Africa (FAO),,1990,19.0039
Southern Africa (FAO),,1991,19.2412
Southern Africa (FAO),,1992,19.6786
Southern Africa (FAO),,1993,19.0025
Southern Africa (FAO),,1994,20.765303
Southern Africa (FAO),,1995,19.4872
Southern Africa (FAO),,1996,20.239
Southern Africa (FAO),,1997,21.239502
Southern Africa (FAO),,1998,20.437302
Southern Africa (FAO),,1999,22.444601
Southern Africa (FAO),,2000,22.2217
Southern Africa (FAO),,2001,22.453001
Southern Africa (FAO),,2002,23.075901
Southern Africa (FAO),,2003,23.862501
Southern Africa (FAO),,2004,22.6065
Southern Africa (FAO),,2005,26.9232
Southern Africa (FAO),,2006,31.267302
Southern Africa (FAO),,2007,30.709303
Southern Africa (FAO),,2008,31.411901
Southern Africa (FAO),,2009,29.549501
Southern Africa (FAO),,2010,29.885601
Southern Africa (FAO),,2011,31.9491
Southern Africa (FAO),,2012,33.1099
Southern Africa (FAO),,2013,34.217304
Southern Africa (FAO),,2014,34.7529
Southern Africa (FAO),,2015,35.178104
Southern Africa (FAO),,2016,34.2368
Southern Africa (FAO),,2017,35.0105
Southern Africa (FAO),,2018,36.5428
Southern Africa (FAO),,2019,36.7327
Southern Africa (FAO),,2020,36.644
Southern Africa (FAO),,2021,37.6374
Southern Africa (FAO),,2022,38.1404
Southern Africa (FAO),,2023,38.083202
Southern Africa (FAO),,2024,38.7119
Southern Asia (FAO),,1961,3.5687
Southern Asia (FAO),,1962,2.6748002
Southern Asia (FAO),,1963,2.684
Southern Asia (FAO),,1964,3.0748003
Southern Asia (FAO),,1965,3.1824
Southern Asia (FAO),,1966,10.095401
Southern Asia (FAO),,1967,10.237201
Southern Asia (FAO),,1968,10.1821
Southern Asia (FAO),,1969,9.7986
Southern Asia (FAO),,1970,10.090701
Southern Asia (FAO),,1971,10.0396
Southern Asia (FAO),,1972,10.222501
Southern Asia (FAO),,1973,9.719001
Southern Asia (FAO),,1974,10.1407
Southern Asia (FAO),,1975,9.2733
Southern Asia (FAO),,1976,10.066501
Southern Asia (FAO),,1977,8.7588005
Southern Asia (FAO),,1978,9.524401
Southern Asia (FAO),,1979,10
Southern Asia (FAO),,1980,10.226401
Southern Asia (FAO),,1981,10.0733
Southern Asia (FAO),,1982,10.3339
Southern Asia (FAO),,1983,9.952001
Southern Asia (FAO),,1984,10.269
Southern Asia (FAO),,1985,10.7896
Southern Asia (FAO),,1986,11.274701
Southern Asia (FAO),,1987,11.178101
Southern Asia (FAO),,1988,10.9252
Southern Asia (FAO),,1989,12.063601
Southern Asia (FAO),,1990,12.477501
Southern Asia (FAO),,1991,13.5866
Southern Asia (FAO),,1992,14.4641
Southern Asia (FAO),,1993,14.375501
Southern Asia (FAO),,1994,13.389201
Southern Asia (FAO),,1995,12.8356
Southern Asia (FAO),,1996,12.8261
Southern Asia (FAO),,1997,13.911501
Southern Asia (FAO),,1998,13.9463005
Southern Asia (FAO),,1999,14.2539015
Southern Asia (FAO),,2000,14.2538
Southern Asia (FAO),,2001,14.81
Southern Asia (FAO),,2002,12.6970005
Southern Asia (FAO),,2003,10.327401
Southern Asia (FAO),,2004,12.684201
Southern Asia (FAO),,2005,13.148201
Southern Asia (FAO),,2006,11.448901
Southern Asia (FAO),,2007,12.624901
Southern Asia (FAO),,2008,12.354401
Southern Asia (FAO),,2009,12.2613
Southern Asia (FAO),,2010,12.427001
Southern Asia (FAO),,2011,12.032401
Southern Asia (FAO),,2012,11.791901
Southern Asia (FAO),,2013,12.643901
Southern Asia (FAO),,2014,12.182
Southern Asia (FAO),,2015,16.388802
Southern Asia (FAO),,2016,15.618201
Southern Asia (FAO),,2017,18.4815
Southern Asia (FAO),,2018,20.3561
Southern Asia (FAO),,2019,20.852303
Southern Asia (FAO),,2020,21.599401
Southern Asia (FAO),,2021,20.924402
Southern Asia (FAO),,2022,20.2211
Southern Asia (FAO),,2023,20.311
Southern Asia (FAO),,2024,19.732302
Southern Europe (FAO),,1961,16.37
Southern Europe (FAO),,1962,12.4846
Southern Europe (FAO),,1963,15.792201
Southern Europe (FAO),,1964,16.416
Southern Europe (FAO),,1965,16.313501
Southern Europe (FAO),,1966,17.605001
Southern Europe (FAO),,1967,15.856801
Southern Europe (FAO),,1968,15.835501
Southern Europe (FAO),,1969,17.738
Southern Europe (FAO),,1970,14.1533
Southern Europe (FAO),,1971,14.498701
Southern Europe (FAO),,1972,16.8937
Southern Europe (FAO),,1973,15.1092005
Southern Europe (FAO),,1974,15.2946005
Southern Europe (FAO),,1975,14.811501
Southern Europe (FAO),,1976,14.836
Southern Europe (FAO),,1977,14.417701
Southern Europe (FAO),,1978,13.396201
Southern Europe (FAO),,1979,14.813001
Southern Europe (FAO),,1980,15.163001
Southern Europe (FAO),,1981,15.3843
Southern Europe (FAO),,1982,15.342701
Southern Europe (FAO),,1983,19.8626
Southern Europe (FAO),,1984,14.659301
Southern Europe (FAO),,1985,17.9515
Southern Europe (FAO),,1986,19.0067
Southern Europe (FAO),,1987,15.494401
Southern Europe (FAO),,1988,18.706902
Southern Europe (FAO),,1989,20.2526
Southern Europe (FAO),,1990,18.5022
Southern Europe (FAO),,1991,18.3867
Southern Europe (FAO),,1992,20.693
Southern Europe (FAO),,1993,18.7469
Southern Europe (FAO),,1994,18.948902
Southern Europe (FAO),,1995,17.5848
Southern Europe (FAO),,1996,16.732801
Southern Europe (FAO),,1997,19.1706
Southern Europe (FAO),,1998,15.707901
Southern Europe (FAO),,1999,18.9132
Southern Europe (FAO),,2000,18.720001
Southern Europe (FAO),,2001,19.3812
Southern Europe (FAO),,2002,21.1972
Southern Europe (FAO),,2003,19.765802
Southern Europe (FAO),,2004,19.274101
Southern Europe (FAO),,2005,19.101002
Southern Europe (FAO),,2006,22.5391
Southern Europe (FAO),,2007,20.358301
Southern Europe (FAO),,2008,21.0221
Southern Europe (FAO),,2009,20.0762
Southern Europe (FAO),,2010,21.123701
Southern Europe (FAO),,2011,20.474
Southern Europe (FAO),,2012,19.786402
Southern Europe (FAO),,2013,21.027802
Southern Europe (FAO),,2014,22.0321
Southern Europe (FAO),,2015,20.844002
Southern Europe (FAO),,2016,23.2476
Southern Europe (FAO),,2017,22.008902
Southern Europe (FAO),,2018,23.839201
Southern Europe (FAO),,2019,22.4796
Southern Europe (FAO),,2020,23.236301
Southern Europe (FAO),,2021,23.998302
Southern Europe (FAO),,2022,21.264101
Southern Europe (FAO),,2023,20.694502
Southern Europe (FAO),,2024,21.723402
Spain,ESP,1961,18.8936
Spain,ESP,1962,12.988201
Spain,ESP,1963,18.376501
Spain,ESP,1964,18.4064
Spain,ESP,1965,18.905302
Spain,ESP,1966,20.2866
Spain,ESP,1967,17.643402
Spain,ESP,1968,15.341201
Spain,ESP,1969,19.2915
Spain,ESP,1970,13.775901
Spain,ESP,1971,14.482301
Spain,ESP,1972,18.0335
Spain,ESP,1973,15.561701
Spain,ESP,1974,14.080601
Spain,ESP,1975,14.3255005
Spain,ESP,1976,12.7868
Spain,ESP,1977,13.5845
Spain,ESP,1978,12.719601
Spain,ESP,1979,15.581701
Spain,ESP,1980,14.649001
Spain,ESP,1981,12.8478
Spain,ESP,1982,14.825901
Spain,ESP,1983,19.0082
Spain,ESP,1984,12.287001
Spain,ESP,1985,17.1165
Spain,ESP,1986,17.546001
Spain,ESP,1987,19.321302
Spain,ESP,1988,18.016
Spain,ESP,1989,21.264801
Spain,ESP,1990,20.186
Spain,ESP,1991,20.189402
Spain,ESP,1992,21.8662
Spain,ESP,1993,17.8556
Spain,ESP,1994,19.9412
Spain,ESP,1995,19.279402
Spain,ESP,1996,16.4484
Spain,ESP,1997,20.9836
Spain,ESP,1998,17.779802
Spain,ESP,1999,19.8971
Spain,ESP,2000,19.446701
Spain,ESP,2001,20.9887
Spain,ESP,2002,24.398401
Spain,ESP,2003,22.318201
Spain,ESP,2004,20.396502
Spain,ESP,2005,17.1236
Spain,ESP,2006,24.2576
Spain,ESP,2007,18.7876
Spain,ESP,2008,22.2271
Spain,ESP,2009,17.472301
Spain,ESP,2010,20.274601
Spain,ESP,2011,18.397402
Spain,ESP,2012,19.313902
Spain,ESP,2013,22.507301
Spain,ESP,2014,24.040401
Spain,ESP,2015,19.9116
Spain,ESP,2016,25.841501
Spain,ESP,2017,23.893501
Spain,ESP,2018,26.067802
Spain,ESP,2019,22.9981
Spain,ESP,2020,23.6942
Spain,ESP,2021,25.178501
Spain,ESP,2022,19.538101
Spain,ESP,2023,18.8722
Spain,ESP,2024,20.388401
Sri Lanka,LKA,1961,2.963
Sri Lanka,LKA,1962,3.0394
Sri Lanka,LKA,1963,3.3675
Sri Lanka,LKA,1964,3.9640002
Sri Lanka,LKA,1965,3.016
Sri Lanka,LKA,1966,2.5858002
Sri Lanka,LKA,1967,2.9622002
Sri Lanka,LKA,1968,2.9058
Sri Lanka,LKA,1969,1.5227001
Sri Lanka,LKA,1970,2
Sri Lanka,LKA,1971,1.8175001
Sri Lanka,LKA,1972,1.9157001
Sri Lanka,LKA,1973,2.6347
Sri Lanka,LKA,1974,1.7715001
Sri Lanka,LKA,1975,1.7407
Sri Lanka,LKA,1976,1.9209001
Sri Lanka,LKA,1977,1.9088001
Sri Lanka,LKA,1978,2.4985
Sri Lanka,LKA,1979,3.1745002
Sri Lanka,LKA,1980,3.5577002
Sri Lanka,LKA,1981,2.503
Sri Lanka,LKA,1982,2.1819
Sri Lanka,LKA,1983,5.0877004
Sri Lanka,LKA,1984,2.4359
Sri Lanka,LKA,1985,2.059
Sri Lanka,LKA,1986,1.3775
Sri Lanka,LKA,1987,1.2597001
Sri Lanka,LKA,1988,1.3734001
Sri Lanka,LKA,1989,1.1216
Sri Lanka,LKA,1990,1.0373001
Sri Lanka,LKA,1991,0.90650004
Sri Lanka,LKA,1992,0.8065
Sri Lanka,LKA,1993,0.85760003
Sri Lanka,LKA,1994,0.88390005
Sri Lanka,LKA,1995,0.87020004
Sri Lanka,LKA,1996,0.81020004
Sri Lanka,LKA,1997,1.1295
Sri Lanka,LKA,1998,1.4343001
Sri Lanka,LKA,1999,1.3873001
Sri Lanka,LKA,2000,1.4737
Sri Lanka,LKA,2001,1.5099001
Sri Lanka,LKA,2002,1.4373001
Sri Lanka,LKA,2003,1.2817
Sri Lanka,LKA,2004,1.3490001
Sri Lanka,LKA,2005,1.3341
Sri Lanka,LKA,2006,1.4079001
Sri Lanka,LKA,2007,1.393
Sri Lanka,LKA,2008,1.1204001
Sri Lanka,LKA,2009,1.2393001
Sri Lanka,LKA,2010,1.2392
Sri Lanka,LKA,2011,1.1931
Sri Lanka,LKA,2012,1.1265
Sri Lanka,LKA,2013,1.1264001
Sri Lanka,LKA,2014,1.1264001
Sri Lanka,LKA,2015,1.1395
Sri Lanka,LKA,2016,1.1243001
Sri Lanka,LKA,2017,1.0229001
Sri Lanka,LKA,2018,1.2453
Sri Lanka,LKA,2019,1.3175001
Sri Lanka,LKA,2020,1.3217
Sri Lanka,LKA,2021,1.4369001
Sri Lanka,LKA,2022,1.1768001
Sri Lanka,LKA,2023,1.4461
Sri Lanka,LKA,2024,1.1981001
Sudan,SDN,2012,11.9048
Sudan,SDN,2013,11.904701
Sudan,SDN,2014,11.854
Sudan,SDN,2015,8.3196
Sudan,SDN,2016,8.1139
Sudan,SDN,2017,8.1737
Sudan,SDN,2018,7.7953
Sudan,SDN,2019,8.1071005
Sudan,SDN,2020,8.431401
Sudan,SDN,2021,8.0838
Sudan,SDN,2022,7.5201006
Sudan,SDN,2023,7.5820003
Sudan,SDN,2024,7.4598002
Sudan (former),OWID_SDN,1961,7.4286003
Sudan (former),OWID_SDN,1962,7.7778
Sudan (former),OWID_SDN,1963,7.5676003
Sudan (former),OWID_SDN,1964,7.5676003
Sudan (former),OWID_SDN,1965,7.8947005
Sudan (former),OWID_SDN,1966,7.9487004
Sudan (former),OWID_SDN,1967,8
Sudan (former),OWID_SDN,1968,8.0488
Sudan (former),OWID_SDN,1969,8
Sudan (former),OWID_SDN,1970,8
Sudan (former),OWID_SDN,1971,8.571401
Sudan (former),OWID_SDN,1972,7.9347005
Sudan (former),OWID_SDN,1973,7.9349003
Sudan (former),OWID_SDN,1974,9
Sudan (former),OWID_SDN,1975,8.8571005
Sudan (former),OWID_SDN,1976,8.6667
Sudan (former),OWID_SDN,1977,8.400001
Sudan (former),OWID_SDN,1978,8
Sudan (former),OWID_SDN,1979,9.333301
Sudan (former),OWID_SDN,1980,11.807
Sudan (former),OWID_SDN,1981,11.9062
Sudan (former),OWID_SDN,1982,11.340301
Sudan (former),OWID_SDN,1983,10.833301
Sudan (former),OWID_SDN,1984,10
Sudan (former),OWID_SDN,1985,9.6667
Sudan (former),OWID_SDN,1986,9.375
Sudan (former),OWID_SDN,1987,9.393901
Sudan (former),OWID_SDN,1988,9.375
Sudan (former),OWID_SDN,1989,7.6471004
Sudan (former),OWID_SDN,1990,5.8824
Sudan (former),OWID_SDN,1991,8.571401
Sudan (former),OWID_SDN,1992,8.388901
Sudan (former),OWID_SDN,1993,7.0000005
Sudan (former),OWID_SDN,1994,7.4634004
Sudan (former),OWID_SDN,1995,7.1429005
Sudan (former),OWID_SDN,1996,10
Sudan (former),OWID_SDN,1997,11.538501
Sudan (former),OWID_SDN,1998,12.6316
Sudan (former),OWID_SDN,1999,12.121201
Sudan (former),OWID_SDN,2000,14.444401
Sudan (former),OWID_SDN,2001,13.750001
Sudan (former),OWID_SDN,2002,15.789501
Sudan (former),OWID_SDN,2003,15.914801
Sudan (former),OWID_SDN,2004,14.285701
Sudan (former),OWID_SDN,2005,15.4313
Sudan (former),OWID_SDN,2006,13.7377
Sudan (former),OWID_SDN,2007,11.9048
Sudan (former),OWID_SDN,2008,11.933401
Sudan (former),OWID_SDN,2009,11.4433
Sudan (former),OWID_SDN,2010,11.9048
Sudan (former),OWID_SDN,2011,11.8738
Suriname,SUR,1961,3.4325001
Suriname,SUR,1962,8.3915
Suriname,SUR,1963,8.202401
Suriname,SUR,1964,6.7919
Suriname,SUR,1965,6.1916003
Suriname,SUR,1966,4.6431003
Suriname,SUR,1967,5.4578
Suriname,SUR,1968,5.0316005
Suriname,SUR,1969,5.9342003
Suriname,SUR,1970,5.5022006
Suriname,SUR,1971,7.5527005
Suriname,SUR,1972,8.2738
Suriname,SUR,1973,8.2798
Suriname,SUR,1974,7.5057006
Suriname,SUR,1975,6.4233003
Suriname,SUR,1976,6.2069
Suriname,SUR,1977,6.8919
Suriname,SUR,1978,3.9833002
Suriname,SUR,1979,4.6521
Suriname,SUR,1980,5.7042003
Suriname,SUR,1981,5.109
Suriname,SUR,1982,5.3702006
Suriname,SUR,1983,6.2172003
Suriname,SUR,1984,5.6410003
Suriname,SUR,1985,5.6635003
Suriname,SUR,1986,5.5043
Suriname,SUR,1987,6.5384
Suriname,SUR,1988,5.9319
Suriname,SUR,1989,7.2176003
Suriname,SUR,1990,7.4930005
Suriname,SUR,1991,7.1044
Suriname,SUR,1992,7.1945004
Suriname,SUR,1993,7.7845006
Suriname,SUR,1994,7.7441006
Suriname,SUR,1995,7.6500006
Suriname,SUR,1996,6.6850004
Suriname,SUR,1997,8.3538
Suriname,SUR,1998,8.1259
Suriname,SUR,1999,7.9198003
Suriname,SUR,2000,7.3207006
Suriname,SUR,2001,8.0719
Suriname,SUR,2002,8.8348
Suriname,SUR,2003,10.4715
Suriname,SUR,2004,9.904201
Suriname,SUR,2005,9.9763
Suriname,SUR,2006,10.6328
Suriname,SUR,2007,10.3338
Suriname,SUR,2008,11.0641
Suriname,SUR,2009,8.950001
Suriname,SUR,2010,10.7058
Suriname,SUR,2011,13.787901
Suriname,SUR,2012,13.678401
Suriname,SUR,2013,14.1717005
Suriname,SUR,2014,13.176001
Suriname,SUR,2015,12.242401
Suriname,SUR,2016,12.324201
Suriname,SUR,2017,13.803201
Suriname,SUR,2018,13.7931
Suriname,SUR,2019,13.273701
Suriname,SUR,2020,13.301701
Suriname,SUR,2021,13.192
Suriname,SUR,2022,13.6661005
Suriname,SUR,2023,13.6033
Suriname,SUR,2024,13.907901
Syria,SYR,1961,5.4
Syria,SYR,1962,5.6000004
Syria,SYR,1963,5.4
Syria,SYR,1964,4.8
Syria,SYR,1965,3.8571002
Syria,SYR,1966,4.1818
Syria,SYR,1967,4.2727003
Syria,SYR,1968,2.1421
Syria,SYR,1969,4.4484
Syria,SYR,1970,3.2755
Syria,SYR,1971,6.3987007
Syria,SYR,1972,4.2173
Syria,SYR,1973,6.7003
Syria,SYR,1974,7.1590004
Syria,SYR,1975,6.1161003
Syria,SYR,1976,8.870701
Syria,SYR,1977,9.7846
Syria,SYR,1978,7.5524
Syria,SYR,1979,9.581
Syria,SYR,1980,9.0745
Syria,SYR,1981,9.6947
Syria,SYR,1982,9.9526005
Syria,SYR,1983,11.244401
Syria,SYR,1984,11.960001
Syria,SYR,1985,6.6924005
Syria,SYR,1986,12.119401
Syria,SYR,1987,14.2012005
Syria,SYR,1988,17.006
Syria,SYR,1989,18.0116
Syria,SYR,1990,18
Syria,SYR,1991,19.4225
Syria,SYR,1992,12.833301
Syria,SYR,1993,19.637001
Syria,SYR,1994,28.185402
Syria,SYR,1995,24.6411
Syria,SYR,1996,29.551102
Syria,SYR,1997,18.4577
Syria,SYR,1998,33.4777
Syria,SYR,1999,26.550802
Syria,SYR,2000,29.673903
Syria,SYR,2001,32.4081
Syria,SYR,2002,27.991302
Syria,SYR,2003,24.1697
Syria,SYR,2004,27.837101
Syria,SYR,2005,24.597801
Syria,SYR,2006,27.984802
Syria,SYR,2007,28.3066
Syria,SYR,2008,29.3616
Syria,SYR,2009,30.4311
Syria,SYR,2010,28.8481
Syria,SYR,2011,29.878302
Syria,SYR,2012,21.5102
Syria,SYR,2013,30.749401
Syria,SYR,2014,26.825901
Syria,SYR,2015,32.322403
Syria,SYR,2016,27.545301
Syria,SYR,2017,27.0632
Syria,SYR,2018,27.7747
Syria,SYR,2019,27.758902
Syria,SYR,2020,19.541
Syria,SYR,2021,20.6515
Syria,SYR,2022,11.7928
Syria,SYR,2023,20.043303
Syria,SYR,2024,18.0146
Taiwan,TWN,1961,7.0081005
Taiwan,TWN,1962,6.7809
Taiwan,TWN,1963,7.8827004
Taiwan,TWN,1964,5.36
Taiwan,TWN,1965,5.1032004
Taiwan,TWN,1966,7.0407004
Taiwan,TWN,1967,7.5929003
Taiwan,TWN,1968,9.072801
Taiwan,TWN,1969,8.662701
Taiwan,TWN,1970,10.016901
Taiwan,TWN,1971,11.1148
Taiwan,TWN,1972,12.9418
Taiwan,TWN,1973,13.092401
Taiwan,TWN,1974,12.993401
Taiwan,TWN,1975,12.024401
Taiwan,TWN,1976,13.0081005
Taiwan,TWN,1977,12.260401
Taiwan,TWN,1978,12.7300005
Taiwan,TWN,1979,13.805
Taiwan,TWN,1980,16.2651
Taiwan,TWN,1981,12.569301
Taiwan,TWN,1982,13.8991
Taiwan,TWN,1983,13.652801
Taiwan,TWN,1984,12.927501
Taiwan,TWN,1985,13.700401
Taiwan,TWN,1986,12.033201
Taiwan,TWN,1987,17.0153
Taiwan,TWN,1988,17.0252
Taiwan,TWN,1989,15.539401
Taiwan,TWN,1990,14.923201
Taiwan,TWN,1991,14.995901
Taiwan,TWN,1992,13.128201
Taiwan,TWN,1993,11.942901
Taiwan,TWN,1994,11.4803
Taiwan,TWN,1995,14.327201
Taiwan,TWN,1996,13.599901
Taiwan,TWN,1997,14.333001
Taiwan,TWN,1998,14.426801
Taiwan,TWN,1999,15.873201
Taiwan,TWN,2000,16.029202
Taiwan,TWN,2001,16.3736
Taiwan,TWN,2002,16.5083
Taiwan,TWN,2003,23.4094
Taiwan,TWN,2004,22.352402
Taiwan,TWN,2005,19.7581
Taiwan,TWN,2006,23.001902
Taiwan,TWN,2007,19.994802
Taiwan,TWN,2008,26.5322
Taiwan,TWN,2009,32.7602
Taiwan,TWN,2010,29.462402
Taiwan,TWN,2011,30.289501
Taiwan,TWN,2012,29.005701
Taiwan,TWN,2013,28.5631
Taiwan,TWN,2014,30.221802
Taiwan,TWN,2015,26.434301
Taiwan,TWN,2016,25.062801
Taiwan,TWN,2017,30.007002
Taiwan,TWN,2018,28.0475
Taiwan,TWN,2019,29.4041
Taiwan,TWN,2020,27.989601
Taiwan,TWN,2021,23.707
Taiwan,TWN,2022,26.1602
Taiwan,TWN,2023,25.810902
Taiwan,TWN,2024,26.370901
Tajikistan,TJK,1996,14.285701
Tajikistan,TJK,1997,16.6667
Tajikistan,TJK,1998,16.6667
Tajikistan,TJK,1999,11.1111
Tajikistan,TJK,2000,9.0909
Tajikistan,TJK,2001,6.2500005
Tajikistan,TJK,2002,7.5000005
Tajikistan,TJK,2003,5
Tajikistan,TJK,2004,7.5000005
Tajikistan,TJK,2005,7.5000005
Tajikistan,TJK,2006,11.250001
Tajikistan,TJK,2007,7.0000005
Tajikistan,TJK,2008,12.000001
Tajikistan,TJK,2009,10
Tajikistan,TJK,2010,11.000001
Tajikistan,TJK,2011,13.000001
Tajikistan,TJK,2012,16
Tajikistan,TJK,2013,15.454501
Tajikistan,TJK,2014,16.3636
Tajikistan,TJK,2015,15.680902
Tajikistan,TJK,2016,15.831501
Tajikistan,TJK,2017,15.597301
Tajikistan,TJK,2018,16.420801
Tajikistan,TJK,2019,15.2123
Tajikistan,TJK,2020,15.344001
Tajikistan,TJK,2021,15.4538
Tajikistan,TJK,2022,15.336701
Tajikistan,TJK,2023,15.2861
Tajikistan,TJK,2024,15.358601
Tanzania,TZA,1996,1.5556
Tanzania,TZA,1997,2.4490001
Tanzania,TZA,1998,2.7273002
Tanzania,TZA,1999,3.1034
Tanzania,TZA,2000,4.1667004
Tanzania,TZA,2001,4.6154003
Tanzania,TZA,2002,5
Tanzania,TZA,2003,6.6667004
Tanzania,TZA,2004,7.2222004
Tanzania,TZA,2005,7.7273
Tanzania,TZA,2006,7.6923003
Tanzania,TZA,2007,8.125
Tanzania,TZA,2008,9.210501
Tanzania,TZA,2009,9.0909
Tanzania,TZA,2010,9.230801
Tanzania,TZA,2011,9.6667
Tanzania,TZA,2012,9.843801
Tanzania,TZA,2013,10.815801
Tanzania,TZA,2014,10.991401
Tanzania,TZA,2015,11.273701
Tanzania,TZA,2016,11.616901
Tanzania,TZA,2017,12.000001
Tanzania,TZA,2018,11.440001
Tanzania,TZA,2019,11.654901
Tanzania,TZA,2020,11.955201
Tanzania,TZA,2021,12.949
Tanzania,TZA,2022,13.2593
Tanzania,TZA,2023,13.5832
Tanzania,TZA,2024,13.907201
Thailand,THA,1961,14.705901
Thailand,THA,1962,14.705901
Thailand,THA,1963,14.705901
Thailand,THA,1964,14.705901
Thailand,THA,1965,14.705901
Thailand,THA,1966,14.1026
Thailand,THA,1967,14.1026
Thailand,THA,1968,14.1026
Thailand,THA,1969,14.1026
Thailand,THA,1970,14.1026
Thailand,THA,1971,14.285701
Thailand,THA,1972,14.285701
Thailand,THA,1973,14.285701
Thailand,THA,1974,14.285701
Thailand,THA,1975,14.285701
Thailand,THA,1976,14.000001
Thailand,THA,1977,14.000001
Thailand,THA,1978,14.000001
Thailand,THA,1979,14.000001
Thailand,THA,1980,14.000001
Thailand,THA,1981,14.150901
Thailand,THA,1982,8.3125
Thailand,THA,1983,11.3758
Thailand,THA,1984,11.565201
Thailand,THA,1985,14.987401
Thailand,THA,1986,15.6970005
Thailand,THA,1987,16.9697
Thailand,THA,1988,16.3118
Thailand,THA,1989,19.7472
Thailand,THA,1990,16.901402
Thailand,THA,1991,17.469002
Thailand,THA,1992,18.055601
Thailand,THA,1993,17.838902
Thailand,THA,1994,17.8925
Thailand,THA,1995,17.877901
Thailand,THA,1996,18
Thailand,THA,1997,17.8672
Thailand,THA,1998,17.9775
Thailand,THA,1999,17.931301
Thailand,THA,2000,18.055601
Thailand,THA,2001,17.980501
Thailand,THA,2002,17.894701
Thailand,THA,2003,17.9094
Thailand,THA,2004,17.5
Thailand,THA,2005,17.9082
Thailand,THA,2006,18.1389
Thailand,THA,2007,18.314802
Thailand,THA,2008,18.539902
Thailand,THA,2009,18.528502
Thailand,THA,2010,19.024801
Thailand,THA,2011,19.318201
Thailand,THA,2012,20.4545
Thailand,THA,2013,20.909101
Thailand,THA,2014,21.1606
Thailand,THA,2015,20.7779
Thailand,THA,2016,20.9803
Thailand,THA,2017,21.160501
Thailand,THA,2018,21.3577
Thailand,THA,2019,21.487902
Thailand,THA,2020,20.824802
Thailand,THA,2021,20.796902
Thailand,THA,2022,21.034101
Thailand,THA,2023,20.885
Thailand,THA,2024,20.905
Togo,TGO,1985,4.2593
Togo,TGO,1986,4.4444003
Togo,TGO,1987,4.4444003
Togo,TGO,1988,4.4444003
Togo,TGO,1989,4.4444003
Togo,TGO,1990,4.52
Togo,TGO,1991,4.447
Togo,TGO,1992,4.4541
Togo,TGO,1993,4.4612
Togo,TGO,1994,4.4682
Togo,TGO,1995,4.4753
Togo,TGO,1996,4.4824
Togo,TGO,1997,4.4895
Togo,TGO,1998,4.4966
Togo,TGO,1999,4.5037003
Togo,TGO,2000,4.5108
Togo,TGO,2001,4.5179
Togo,TGO,2002,4.525
Togo,TGO,2003,4.5321
Togo,TGO,2004,4.5400004
Togo,TGO,2005,4.5019
Togo,TGO,2006,4.4643
Togo,TGO,2007,4.5683002
Togo,TGO,2008,4.6552005
Togo,TGO,2009,4.6667004
Togo,TGO,2010,4.6036005
Togo,TGO,2011,4.5917006
Togo,TGO,2012,4.5313
Togo,TGO,2013,4.5826
Togo,TGO,2014,4.6046004
Togo,TGO,2015,4.5996003
Togo,TGO,2016,4.6045003
Togo,TGO,2017,4.6102004
Togo,TGO,2018,4.6149
Togo,TGO,2019,4.6192
Togo,TGO,2020,4.6262
Togo,TGO,2021,4.6323
Togo,TGO,2022,4.6329
Togo,TGO,2023,4.6367006
Togo,TGO,2024,4.6405
Tonga,TON,1961,5
Tonga,TON,1962,5
Tonga,TON,1963,5.0800004
Tonga,TON,1964,6.6667004
Tonga,TON,1965,6.6667004
Tonga,TON,1966,6.6667004
Tonga,TON,1967,6.6667004
Tonga,TON,1968,6.6667004
Tonga,TON,1969,6.6667004
Tonga,TON,1970,6.6667004
Tonga,TON,1971,6.6667004
Tonga,TON,1972,6.6667004
Tonga,TON,1973,6.7742004
Tonga,TON,1974,6.8750005
Tonga,TON,1975,6.9697003
Tonga,TON,1976,7.0588
Tonga,TON,1977,7.1429005
Tonga,TON,1978,7.1429005
Tonga,TON,1979,7.1429005
Tonga,TON,1980,7.1429005
Tonga,TON,1981,7.1429005
Tonga,TON,1982,7.0000005
Tonga,TON,1983,7.7143
Tonga,TON,1984,7.8571005
Tonga,TON,1985,7.7143
Tonga,TON,1986,7.7143
Tonga,TON,1987,7.7143
Tonga,TON,1988,7.7143
Tonga,TON,1989,7.7143
Tonga,TON,1990,5
Tonga,TON,1991,4.8151
Tonga,TON,1992,4.7985
Tonga,TON,1993,4.7805004
Tonga,TON,1994,4.7614
Tonga,TON,1995,5
Tonga,TON,1996,4.6446004
Tonga,TON,1997,4.5416
Tonga,TON,1998,4.3105
Tonga,TON,1999,3.4328003
Tonga,TON,2000,4.6000004
Tonga,TON,2001,5
Tonga,TON,2002,4.6621003
Tonga,TON,2003,4.5886
Tonga,TON,2004,4.5683002
Tonga,TON,2005,4.5421004
Tonga,TON,2006,5
Tonga,TON,2007,5
Tonga,TON,2008,4.4411
Tonga,TON,2009,4.3274
Tonga,TON,2010,4.2125
Tonga,TON,2011,4.0965004
Tonga,TON,2012,3.1250002
Tonga,TON,2013,3.9835002
Tonga,TON,2014,4.0169
Tonga,TON,2015,3.8663003
Tonga,TON,2016,3.8091004
Tonga,TON,2017,3.7412002
Tonga,TON,2018,3.6809
Tonga,TON,2019,3.8490002
Tonga,TON,2020,3.9021003
Tonga,TON,2021,3.8461003
Tonga,TON,2022,3.8112001
Tonga,TON,2023,3.8042002
Tonga,TON,2024,3.8034
Trinidad and Tobago,TTO,1961,4.8571005
Trinidad and Tobago,TTO,1962,5.1429
Trinidad and Tobago,TTO,1963,3.7583003
Trinidad and Tobago,TTO,1964,4.9014
Trinidad and Tobago,TTO,1965,5.1978
Trinidad and Tobago,TTO,1966,5.247
Trinidad and Tobago,TTO,1967,5.2592006
Trinidad and Tobago,TTO,1968,5.1351004
Trinidad and Tobago,TTO,1969,4.1581
Trinidad and Tobago,TTO,1970,4.6911
Trinidad and Tobago,TTO,1971,3.5983002
Trinidad and Tobago,TTO,1972,4.8387003
Trinidad and Tobago,TTO,1973,2.6208003
Trinidad and Tobago,TTO,1974,4.006
Trinidad and Tobago,TTO,1975,3.9735003
Trinidad and Tobago,TTO,1976,4.3226004
Trinidad and Tobago,TTO,1977,2.2
Trinidad and Tobago,TTO,1978,2.3279
Trinidad and Tobago,TTO,1979,2.3279
Trinidad and Tobago,TTO,1980,2.1365001
Trinidad and Tobago,TTO,1981,2.1406002
Trinidad and Tobago,TTO,1982,2.176
Trinidad and Tobago,TTO,1983,2.1935
Trinidad and Tobago,TTO,1984,2.1935
Trinidad and Tobago,TTO,1985,4.5333
Trinidad and Tobago,TTO,1986,4.5333
Trinidad and Tobago,TTO,1987,4.5333
Trinidad and Tobago,TTO,1988,4.5333
Trinidad and Tobago,TTO,1989,5
Trinidad and Tobago,TTO,1990,6.7500005
Trinidad and Tobago,TTO,1991,5.0097003
Trinidad and Tobago,TTO,1992,4.8756003
Trinidad and Tobago,TTO,1993,4.6917005
Trinidad and Tobago,TTO,1994,5.3217006
Trinidad and Tobago,TTO,1995,5.1400003
Trinidad and Tobago,TTO,1996,4.76
Trinidad and Tobago,TTO,1997,5.0259004
Trinidad and Tobago,TTO,1998,4.9329
Trinidad and Tobago,TTO,1999,4.9352
Trinidad and Tobago,TTO,2000,4.8475003
Trinidad and Tobago,TTO,2001,4.7857003
Trinidad and Tobago,TTO,2002,5.2495003
Trinidad and Tobago,TTO,2003,4.1667004
Trinidad and Tobago,TTO,2004,4.1237006
Trinidad and Tobago,TTO,2005,3.5000002
Trinidad and Tobago,TTO,2006,3.3333
Trinidad and Tobago,TTO,2007,3.3981004
Trinidad and Tobago,TTO,2008,3.8095002
Trinidad and Tobago,TTO,2009,3.4545002
Trinidad and Tobago,TTO,2010,3.2325
Trinidad and Tobago,TTO,2011,3.167
Trinidad and Tobago,TTO,2012,3.0278
Trinidad and Tobago,TTO,2013,2.9065
Trinidad and Tobago,TTO,2014,2.7607
Trinidad and Tobago,TTO,2015,2.7061002
Trinidad and Tobago,TTO,2016,2.6158001
Trinidad and Tobago,TTO,2017,2.4951003
Trinidad and Tobago,TTO,2018,2.3585
Trinidad and Tobago,TTO,2019,2.4932
Trinidad and Tobago,TTO,2020,2.5273001
Trinidad and Tobago,TTO,2021,2.3048003
Trinidad and Tobago,TTO,2022,2.3932002
Trinidad and Tobago,TTO,2023,2.4207
Trinidad and Tobago,TTO,2024,2.4419
Tunisia,TUN,1985,13.5556
Tunisia,TUN,1986,16.777802
Tunisia,TUN,1987,16.3333
Tunisia,TUN,1988,13.333301
Tunisia,TUN,1989,16
Tunisia,TUN,1990,14.057501
Tunisia,TUN,1991,11.5908
Tunisia,TUN,1992,11.550701
Tunisia,TUN,1993,11.554201
Tunisia,TUN,1994,11.5101
Tunisia,TUN,1995,11.2222
Tunisia,TUN,1996,12.6667
Tunisia,TUN,1997,11.2222
Tunisia,TUN,1998,11.3913
Tunisia,TUN,1999,11.305
Tunisia,TUN,2000,11.076401
Tunisia,TUN,2001,11.1831
Tunisia,TUN,2002,10.9475
Tunisia,TUN,2003,11.0178
Tunisia,TUN,2004,11.0438
Tunisia,TUN,2005,10.14
Tunisia,TUN,2006,11.500001
Tunisia,TUN,2007,10.957901
Tunisia,TUN,2008,10.9615
Tunisia,TUN,2009,11.55
Tunisia,TUN,2010,11.186701
Tunisia,TUN,2011,11.195201
Tunisia,TUN,2012,11.296401
Tunisia,TUN,2013,11.3236
Tunisia,TUN,2014,11.202401
Tunisia,TUN,2015,11.196901
Tunisia,TUN,2016,16.5498
Tunisia,TUN,2017,26.463303
Tunisia,TUN,2018,40.705902
Tunisia,TUN,2019,55.513702
Tunisia,TUN,2020,70.1988
Tunisia,TUN,2021,33.5004
Tunisia,TUN,2022,36.6254
Tunisia,TUN,2023,38.394703
Tunisia,TUN,2024,40.164803
Turkey,TUR,1961,9.271901
Turkey,TUR,1962,9.658501
Turkey,TUR,1963,10.719701
Turkey,TUR,1964,9.920401
Turkey,TUR,1965,12.000001
Turkey,TUR,1966,12.483401
Turkey,TUR,1967,15.1413
Turkey,TUR,1968,19.958101
Turkey,TUR,1969,17.1257
Turkey,TUR,1970,17.9965
Turkey,TUR,1971,18.4591
Turkey,TUR,1972,19.307302
Turkey,TUR,1973,18.1537
Turkey,TUR,1974,19.230803
Turkey,TUR,1975,20
Turkey,TUR,1976,20
Turkey,TUR,1977,23.214302
Turkey,TUR,1978,23.2897
Turkey,TUR,1979,24.000301
Turkey,TUR,1980,23.538002
Turkey,TUR,1981,22.500002
Turkey,TUR,1982,23.1532
Turkey,TUR,1983,24.0662
Turkey,TUR,1984,24.814901
Turkey,TUR,1985,16.396101
Turkey,TUR,1986,24.8616
Turkey,TUR,1987,22.6537
Turkey,TUR,1988,23.214201
Turkey,TUR,1989,22.995602
Turkey,TUR,1990,22.463303
Turkey,TUR,1991,24.902502
Turkey,TUR,1992,23.7681
Turkey,TUR,1993,19.074402
Turkey,TUR,1994,20.7511
Turkey,TUR,1995,18.7369
Turkey,TUR,1996,19.527802
Turkey,TUR,1997,16.316101
Turkey,TUR,1998,21.462101
Turkey,TUR,1999,23.891201
Turkey,TUR,2000,23.1102
Turkey,TUR,2001,26.841303
Turkey,TUR,2002,26.939701
Turkey,TUR,2003,26.371302
Turkey,TUR,2004,26.2097
Turkey,TUR,2005,29.186
Turkey,TUR,2006,30.372303
Turkey,TUR,2007,28.042902
Turkey,TUR,2008,27.639301
Turkey,TUR,2009,32.2172
Turkey,TUR,2010,32.1305
Turkey,TUR,2011,31.561602
Turkey,TUR,2012,29.532402
Turkey,TUR,2013,32.529003
Turkey,TUR,2014,32.5632
Turkey,TUR,2015,33.4598
Turkey,TUR,2016,35.107002
Turkey,TUR,2017,37.982105
Turkey,TUR,2018,37.3972
Turkey,TUR,2019,33.8335
Turkey,TUR,2020,28.991901
Turkey,TUR,2021,36.158302
Turkey,TUR,2022,26.6877
Turkey,TUR,2023,46.710606
Turkey,TUR,2024,31.0601
USSR,OWID_USS,1961,5.5556
USSR,OWID_USS,1962,6.2222004
USSR,OWID_USS,1963,7.0676003
USSR,OWID_USS,1964,2.1176002
USSR,OWID_USS,1965,4.8714004
USSR,OWID_USS,1966,7.1429005
USSR,OWID_USS,1967,5
USSR,OWID_USS,1968,4.7143
USSR,OWID_USS,1969,6.0000005
USSR,OWID_USS,1970,17.538502
USSR,OWID_USS,1971,4.75
USSR,OWID_USS,1972,6.5000005
USSR,OWID_USS,1973,6.7500005
USSR,OWID_USS,1974,13.5556
USSR,OWID_USS,1975,16.0417
USSR,OWID_USS,1976,12.8
USSR,OWID_USS,1977,22.6
USSR,OWID_USS,1978,17.727303
USSR,OWID_USS,1979,33
USSR,OWID_USS,1980,12.500001
USSR,OWID_USS,1981,24.320002
USSR,OWID_USS,1982,21.6667
USSR,OWID_USS,1983,28.439701
USSR,OWID_USS,1984,18.3938
USSR,OWID_USS,1985,7.5789003
USSR,OWID_USS,1986,18.1921
USSR,OWID_USS,1987,10.3955
USSR,OWID_USS,1988,24.8889
USSR,OWID_USS,1989,5.6989
USSR,OWID_USS,1990,15.956301
USSR,OWID_USS,1991,13.888901
United States,USA,1961,20.308601
United States,USA,1962,23.184801
United States,USA,1963,18.5681
United States,USA,1964,15.8616
United States,USA,1965,19.4041
United States,USA,1966,20.984701
United States,USA,1967,25.201801
United States,USA,1968,16.304901
United States,USA,1969,22.132301
United States,USA,1970,21.1422
United States,USA,1971,20.853601
United States,USA,1972,21.3651
United States,USA,1973,25.229502
United States,USA,1974,24.324501
United States,USA,1975,26.643501
United States,USA,1976,27.738401
United States,USA,1977,28.280102
United States,USA,1978,26.328302
United States,USA,1979,25.629402
United States,USA,1980,32.9084
United States,USA,1981,29.585901
United States,USA,1982,21.925303
United States,USA,1983,28.420101
United States,USA,1984,23.573502
United States,USA,1985,24.386803
United States,USA,1986,29.846401
United States,USA,1987,30.294601
United States,USA,1988,33.364304
United States,USA,1989,34.075603
United States,USA,1990,29.042902
United States,USA,1991,28.715801
United States,USA,1992,31.204601
United States,USA,1993,35.806103
United States,USA,1994,32.523403
United States,USA,1995,33.229702
United States,USA,1996,31.690601
United States,USA,1997,33.725803
United States,USA,1998,37.0091
United States,USA,1999,26.5322
United States,USA,2000,35.8412
United States,USA,2001,33.6227
United States,USA,2002,34.874
United States,USA,2003,32.6896
United States,USA,2004,37.813004
United States,USA,2005,28.118402
United States,USA,2006,35.936104
United States,USA,2007,25.2366
United States,USA,2008,34.0633
United States,USA,2009,31.1781
United States,USA,2010,28.7467
United States,USA,2011,31.7467
United States,USA,2012,33.6472
United States,USA,2013,30.524302
United States,USA,2014,25.636803
United States,USA,2015,24.729002
United States,USA,2016,24.751001
United States,USA,2017,21.622501
United States,USA,2018,16.881601
United States,USA,2019,23.873001
United States,USA,2020,23.3826
United States,USA,2021,20.0051
United States,USA,2022,16.655802
United States,USA,2023,13.5491
United States,USA,2024,16.615301
Upper-middle-income countries,OWID_UMC,1961,13.105046
Upper-middle-income countries,OWID_UMC,1962,13.165173
Upper-middle-income countries,OWID_UMC,1963,13.196203
Upper-middle-income countries,OWID_UMC,1964,12.834542
Upper-middle-income countries,OWID_UMC,1965,13.925684
Upper-middle-income countries,OWID_UMC,1966,13.764079
Upper-middle-income countries,OWID_UMC,1967,13.772735
Upper-middle-income countries,OWID_UMC,1968,13.780456
Upper-middle-income countries,OWID_UMC,1969,13.674525
Upper-middle-income countries,OWID_UMC,1970,12.882363
Upper-middle-income countries,OWID_UMC,1971,13.352528
Upper-middle-income countries,OWID_UMC,1972,13.594381
Upper-middle-income countries,OWID_UMC,1973,11.601115
Upper-middle-income countries,OWID_UMC,1974,14.012896
Upper-middle-income countries,OWID_UMC,1975,13.755481
Upper-middle-income countries,OWID_UMC,1976,14.678543
Upper-middle-income countries,OWID_UMC,1977,15.128525
Upper-middle-income countries,OWID_UMC,1978,15.5562105
Upper-middle-income countries,OWID_UMC,1979,15.823345
Upper-middle-income countries,OWID_UMC,1980,15.391433
Upper-middle-income countries,OWID_UMC,1981,15.964679
Upper-middle-income countries,OWID_UMC,1982,16.106928
Upper-middle-income countries,OWID_UMC,1983,15.596082
Upper-middle-income countries,OWID_UMC,1984,16.270971
Upper-middle-income countries,OWID_UMC,1985,15.47531
Upper-middle-income countries,OWID_UMC,1986,14.401732
Upper-middle-income countries,OWID_UMC,1987,14.3668585
Upper-middle-income countries,OWID_UMC,1988,14.049224
Upper-middle-income countries,OWID_UMC,1989,14.946495
Upper-middle-income countries,OWID_UMC,1990,14.5191
Upper-middle-income countries,OWID_UMC,1991,14.783177
Upper-middle-income countries,OWID_UMC,1992,14.951607
Upper-middle-income countries,OWID_UMC,1993,15.74996
Upper-middle-income countries,OWID_UMC,1994,14.547778
Upper-middle-income countries,OWID_UMC,1995,16.125206
Upper-middle-income countries,OWID_UMC,1996,15.452737
Upper-middle-income countries,OWID_UMC,1997,16.215946
Upper-middle-income countries,OWID_UMC,1998,15.494217
Upper-middle-income countries,OWID_UMC,1999,16.257494
Upper-middle-income countries,OWID_UMC,2000,16.867361
Upper-middle-income countries,OWID_UMC,2001,15.593426
Upper-middle-income countries,OWID_UMC,2002,16.170248
Upper-middle-income countries,OWID_UMC,2003,15.642171
Upper-middle-income countries,OWID_UMC,2004,16.482016
Upper-middle-income countries,OWID_UMC,2005,16.931326
Upper-middle-income countries,OWID_UMC,2006,17.17216
Upper-middle-income countries,OWID_UMC,2007,17.41414
Upper-middle-income countries,OWID_UMC,2008,17.362192
Upper-middle-income countries,OWID_UMC,2009,17.579227
Upper-middle-income countries,OWID_UMC,2010,17.88825
Upper-middle-income countries,OWID_UMC,2011,18.960352
Upper-middle-income countries,OWID_UMC,2012,18.943878
Upper-middle-income countries,OWID_UMC,2013,19.352476
Upper-middle-income countries,OWID_UMC,2014,18.50284
Upper-middle-income countries,OWID_UMC,2015,20.218685
Upper-middle-income countries,OWID_UMC,2016,20.414576
Upper-middle-income countries,OWID_UMC,2017,21.129421
Upper-middle-income countries,OWID_UMC,2018,21.7042
Upper-middle-income countries,OWID_UMC,2019,21.336592
Upper-middle-income countries,OWID_UMC,2020,21.312532
Upper-middle-income countries,OWID_UMC,2021,21.399168
Upper-middle-income countries,OWID_UMC,2022,22.281206
Upper-middle-income countries,OWID_UMC,2023,22.87716
Upper-middle-income countries,OWID_UMC,2024,21.605995
Uruguay,URY,1985,9.375
Uruguay,URY,1986,10.625001
Uruguay,URY,1987,9.8536005
Uruguay,URY,1988,11.650001
Uruguay,URY,1989,10.625001
Uruguay,URY,1990,10.665901
Uruguay,URY,1991,11.6748
Uruguay,URY,1992,12.022
Uruguay,URY,1993,12.336201
Uruguay,URY,1994,12.666501
Uruguay,URY,1995,13.0172
Uruguay,URY,1996,13.376301
Uruguay,URY,1997,13.287401
Uruguay,URY,1998,11.949
Uruguay,URY,1999,16.0093
Uruguay,URY,2000,16.0524
Uruguay,URY,2001,16.0175
Uruguay,URY,2002,16.947601
Uruguay,URY,2003,18.5321
Uruguay,URY,2004,17.9479
Uruguay,URY,2005,18.0102
Uruguay,URY,2006,20.7097
Uruguay,URY,2007,24.766901
Uruguay,URY,2008,16.9667
Uruguay,URY,2009,20.703402
Uruguay,URY,2010,18.755901
Uruguay,URY,2011,19.080002
Uruguay,URY,2012,23.245802
Uruguay,URY,2013,14.456902
Uruguay,URY,2014,19.201601
Uruguay,URY,2015,14.7560005
Uruguay,URY,2016,18.7517
Uruguay,URY,2017,18.767302
Uruguay,URY,2018,16.560402
Uruguay,URY,2019,18.9435
Uruguay,URY,2020,14.519001
Uruguay,URY,2021,20.5436
Uruguay,URY,2022,18.4392
Uruguay,URY,2023,17.5515
Uruguay,URY,2024,17.299501
Venezuela,VEN,1961,5.5461
Venezuela,VEN,1962,5.6084003
Venezuela,VEN,1963,5.6738
Venezuela,VEN,1964,5.7425003
Venezuela,VEN,1965,5.8147006
Venezuela,VEN,1966,6.3642006
Venezuela,VEN,1967,6.5415
Venezuela,VEN,1968,6.7240005
Venezuela,VEN,1969,6.9115005
Venezuela,VEN,1970,7.1042004
Venezuela,VEN,1971,7.3111005
Venezuela,VEN,1972,7.4841003
Venezuela,VEN,1973,9.4919
Venezuela,VEN,1974,9.3451
Venezuela,VEN,1975,9.659801
Venezuela,VEN,1976,9.2926
Venezuela,VEN,1977,10.8281
Venezuela,VEN,1978,10.7102
Venezuela,VEN,1979,10.7311
Venezuela,VEN,1980,11.4031
Venezuela,VEN,1981,11.285001
Venezuela,VEN,1982,11.385701
Venezuela,VEN,1983,12.0071
Venezuela,VEN,1984,11.306901
Venezuela,VEN,1985,11.3234005
Venezuela,VEN,1986,11.557501
Venezuela,VEN,1987,11.412001
Venezuela,VEN,1988,11.708901
Venezuela,VEN,1989,11.68
Venezuela,VEN,1990,11.7423
Venezuela,VEN,1991,10.111901
Venezuela,VEN,1992,11.402101
Venezuela,VEN,1993,11.109501
Venezuela,VEN,1994,12.2911005
Venezuela,VEN,1995,15.356501
Venezuela,VEN,1996,15.260901
Venezuela,VEN,1997,14.461301
Venezuela,VEN,1998,16.0097
Venezuela,VEN,1999,15.7608
Venezuela,VEN,2000,15.981501
Venezuela,VEN,2001,13.8261
Venezuela,VEN,2002,10.978001
Venezuela,VEN,2003,11.2821
Venezuela,VEN,2004,12.556401
Venezuela,VEN,2005,12.2311
Venezuela,VEN,2006,13.765701
Venezuela,VEN,2007,13.395301
Venezuela,VEN,2008,16.4997
Venezuela,VEN,2009,15.377801
Venezuela,VEN,2010,8.5649
Venezuela,VEN,2011,14.661
Venezuela,VEN,2012,14.988001
Venezuela,VEN,2013,14.819701
Venezuela,VEN,2014,14.649301
Venezuela,VEN,2015,13.5421
Venezuela,VEN,2016,12.516901
Venezuela,VEN,2017,12.645301
Venezuela,VEN,2018,12.201701
Venezuela,VEN,2019,17.989601
Venezuela,VEN,2020,12.851001
Venezuela,VEN,2021,14.1736
Venezuela,VEN,2022,13.4593
Venezuela,VEN,2023,13.931601
Venezuela,VEN,2024,14.026001
Vietnam,VNM,1961,5.8333
Vietnam,VNM,1962,5.8824
Vietnam,VNM,1963,6.7143
Vietnam,VNM,1964,7.0833
Vietnam,VNM,1965,7.4667006
Vietnam,VNM,1966,7.5000005
Vietnam,VNM,1967,7.1111007
Vietnam,VNM,1968,6.6000004
Vietnam,VNM,1969,6.6667004
Vietnam,VNM,1970,6.8182006
Vietnam,VNM,1971,6.7500005
Vietnam,VNM,1972,6.7200003
Vietnam,VNM,1973,6.6923003
Vietnam,VNM,1974,6.4286003
Vietnam,VNM,1975,5.5172005
Vietnam,VNM,1976,5.7432003
Vietnam,VNM,1977,5.9459
Vietnam,VNM,1978,6.0867004
Vietnam,VNM,1979,5.5484004
Vietnam,VNM,1980,5.3397
Vietnam,VNM,1981,4.4563
Vietnam,VNM,1982,6.4242005
Vietnam,VNM,1983,7.2121005
Vietnam,VNM,1984,6.4706006
Vietnam,VNM,1985,6.545
Vietnam,VNM,1986,6.5882006
Vietnam,VNM,1987,6.0588
Vietnam,VNM,1988,6.0588
Vietnam,VNM,1989,5.8703003
Vietnam,VNM,1990,6.2553
Vietnam,VNM,1991,5.7125
Vietnam,VNM,1992,6.2717004
Vietnam,VNM,1993,5.6068
Vietnam,VNM,1994,5.1524
Vietnam,VNM,1995,6.3748
Vietnam,VNM,1996,6.6244
Vietnam,VNM,1997,5.8527007
Vietnam,VNM,1998,5.6549
Vietnam,VNM,1999,5.7756004
Vietnam,VNM,2000,6.2201004
Vietnam,VNM,2001,6.1540003
Vietnam,VNM,2002,5.9794
Vietnam,VNM,2003,9.808701
Vietnam,VNM,2004,9.738701
Vietnam,VNM,2005,10.1743
Vietnam,VNM,2006,10.048401
Vietnam,VNM,2007,10.041401
Vietnam,VNM,2008,10.6197
Vietnam,VNM,2009,10.751901
Vietnam,VNM,2010,11.860201
Vietnam,VNM,2011,12.1583
Vietnam,VNM,2012,12.1796
Vietnam,VNM,2013,12.261801
Vietnam,VNM,2014,12.7565
Vietnam,VNM,2015,12.466701
Vietnam,VNM,2016,12.517901
Vietnam,VNM,2017,13.541501
Vietnam,VNM,2018,13.995701
Vietnam,VNM,2019,14.2348
Vietnam,VNM,2020,15.419701
Vietnam,VNM,2021,20.788
Vietnam,VNM,2022,23.863802
Vietnam,VNM,2023,25.260601
Vietnam,VNM,2024,26.831501
Western Africa (FAO),,1961,4.5559
Western Africa (FAO),,1962,5.0732
Western Africa (FAO),,1963,4.9187
Western Africa (FAO),,1964,4.9187
Western Africa (FAO),,1965,4.6959
Western Africa (FAO),,1966,5.0195003
Western Africa (FAO),,1967,5.2287006
Western Africa (FAO),,1968,5.2907004
Western Africa (FAO),,1969,5.4001
Western Africa (FAO),,1970,6.0140004
Western Africa (FAO),,1971,6.0218
Western Africa (FAO),,1972,5.6394
Western Africa (FAO),,1973,5.9546003
Western Africa (FAO),,1974,6.0099
Western Africa (FAO),,1975,6.0166006
Western Africa (FAO),,1976,5.6651006
Western Africa (FAO),,1977,5.3582006
Western Africa (FAO),,1978,5.4787006
Western Africa (FAO),,1979,5.3148003
Western Africa (FAO),,1980,5.9004
Western Africa (FAO),,1981,5.4672003
Western Africa (FAO),,1982,5.2471004
Western Africa (FAO),,1983,6.7710004
Western Africa (FAO),,1984,6.0834002
Western Africa (FAO),,1985,5.5037003
Western Africa (FAO),,1986,5.2258
Western Africa (FAO),,1987,5.1184
Western Africa (FAO),,1988,5.1841
Western Africa (FAO),,1989,5.3213
Western Africa (FAO),,1990,4.7871003
Western Africa (FAO),,1991,5.2449
Western Africa (FAO),,1992,5.4125004
Western Africa (FAO),,1993,5.5571003
Western Africa (FAO),,1994,5.6696005
Western Africa (FAO),,1995,6.2072005
Western Africa (FAO),,1996,6.5539002
Western Africa (FAO),,1997,6.5612006
Western Africa (FAO),,1998,6.2530003
Western Africa (FAO),,1999,6.4961004
Western Africa (FAO),,2000,6.0644
Western Africa (FAO),,2001,5.84
Western Africa (FAO),,2002,7.327
Western Africa (FAO),,2003,7.9019003
Western Africa (FAO),,2004,8.1443
Western Africa (FAO),,2005,11.415201
Western Africa (FAO),,2006,11.636201
Western Africa (FAO),,2007,13.4986
Western Africa (FAO),,2008,16.0105
Western Africa (FAO),,2009,16.702902
Western Africa (FAO),,2010,17.367
Western Africa (FAO),,2011,16.878101
Western Africa (FAO),,2012,17.7194
Western Africa (FAO),,2013,19.492802
Western Africa (FAO),,2014,19.1591
Western Africa (FAO),,2015,19.163
Western Africa (FAO),,2016,18.9051
Western Africa (FAO),,2017,19.431902
Western Africa (FAO),,2018,18.8992
Western Africa (FAO),,2019,18.950802
Western Africa (FAO),,2020,17.3532
Western Africa (FAO),,2021,17.4116
Western Africa (FAO),,2022,17.5742
Western Africa (FAO),,2023,17.853802
Western Africa (FAO),,2024,17.749
Western Asia (FAO),,1961,15.7876005
Western Asia (FAO),,1962,16.881601
Western Asia (FAO),,1963,16.582401
Western Asia (FAO),,1964,16.7457
Western Asia (FAO),,1965,17.586401
Western Asia (FAO),,1966,17.3012
Western Asia (FAO),,1967,20.063902
Western Asia (FAO),,1968,23.3631
Western Asia (FAO),,1969,21.227001
Western Asia (FAO),,1970,23.084902
Western Asia (FAO),,1971,25.5886
Western Asia (FAO),,1972,27.5456
Western Asia (FAO),,1973,28.264502
Western Asia (FAO),,1974,28.4391
Western Asia (FAO),,1975,27.902302
Western Asia (FAO),,1976,28.158802
Western Asia (FAO),,1977,29.5392
Western Asia (FAO),,1978,30.068302
Western Asia (FAO),,1979,30.420403
Western Asia (FAO),,1980,29.1762
Western Asia (FAO),,1981,27.180601
Western Asia (FAO),,1982,31.418602
Western Asia (FAO),,1983,29.811201
Western Asia (FAO),,1984,31.118002
Western Asia (FAO),,1985,18.6641
Western Asia (FAO),,1986,18.896902
Western Asia (FAO),,1987,20.7617
Western Asia (FAO),,1988,18.68
Western Asia (FAO),,1989,17.5546
Western Asia (FAO),,1990,19.782001
Western Asia (FAO),,1991,16.967701
Western Asia (FAO),,1992,15.189501
Western Asia (FAO),,1993,13.298901
Western Asia (FAO),,1994,16.6937
Western Asia (FAO),,1995,17.4552
Western Asia (FAO),,1996,18.7285
Western Asia (FAO),,1997,16.682901
Western Asia (FAO),,1998,19.9142
Western Asia (FAO),,1999,19.5316
Western Asia (FAO),,2000,19.7646
Western Asia (FAO),,2001,22.1741
Western Asia (FAO),,2002,21.247301
Western Asia (FAO),,2003,19.6347
Western Asia (FAO),,2004,19.782001
Western Asia (FAO),,2005,21.0307
Western Asia (FAO),,2006,21.821901
Western Asia (FAO),,2007,21.043901
Western Asia (FAO),,2008,19.679401
Western Asia (FAO),,2009,21.491001
Western Asia (FAO),,2010,21.473902
Western Asia (FAO),,2011,20.632902
Western Asia (FAO),,2012,18.3549
Western Asia (FAO),,2013,19.7229
Western Asia (FAO),,2014,18.8127
Western Asia (FAO),,2015,21.937502
Western Asia (FAO),,2016,20.196001
Western Asia (FAO),,2017,20.499302
Western Asia (FAO),,2018,20.019802
Western Asia (FAO),,2019,14.845
Western Asia (FAO),,2020,11.8985
Western Asia (FAO),,2021,13.798
Western Asia (FAO),,2022,11.386701
Western Asia (FAO),,2023,15.005001
Western Asia (FAO),,2024,11.128301
Western Europe (FAO),,1961,3.1325002
Western Europe (FAO),,1962,3.1262002
Western Europe (FAO),,1963,3.6699002
Western Europe (FAO),,1964,5.0843
Western Europe (FAO),,1965,3.7089
Western Europe (FAO),,1966,6.8212004
Western Europe (FAO),,1967,14.5116005
Western Europe (FAO),,1968,7.1475005
Western Europe (FAO),,1969,8.8608
Western Europe (FAO),,1970,8.5185
Western Europe (FAO),,1971,7.4074
Western Europe (FAO),,1972,8.332001
Western Europe (FAO),,1973,8.336
Western Europe (FAO),,1974,8.336
Western Europe (FAO),,1975,12.452401
Western Europe (FAO),,1976,16.2429
Western Europe (FAO),,1977,11.8
Western Europe (FAO),,1978,10.1786
Western Europe (FAO),,1979,9.571401
Western Europe (FAO),,1980,9.333301
Western Europe (FAO),,1981,8.7941
Western Europe (FAO),,1982,7.5000005
Western Europe (FAO),,1983,8
Western Europe (FAO),,1984,9.1061
Western Europe (FAO),,1985,16.6732
Western Europe (FAO),,1986,17.3442
Western Europe (FAO),,1987,17.6039
Western Europe (FAO),,1988,18.1835
Western Europe (FAO),,1989,15.475
Western Europe (FAO),,1990,12.523801
Western Europe (FAO),,1991,14.572401
Western Europe (FAO),,1992,11.1597
Western Europe (FAO),,1993,11.3681
Western Europe (FAO),,1994,17.0676
Western Europe (FAO),,1995,17.484802
Western Europe (FAO),,1996,18.0152
Western Europe (FAO),,1997,16.902802
Western Europe (FAO),,1998,15.9861
Western Europe (FAO),,1999,14.902801
Western Europe (FAO),,2000,16.1765
Western Europe (FAO),,2001,16.2353
Western Europe (FAO),,2002,15.400001
Western Europe (FAO),,2003,13.577801
Western Europe (FAO),,2004,14.377801
Western Europe (FAO),,2005,14.3111
Western Europe (FAO),,2006,17.227303
Western Europe (FAO),,2007,5.9692006
Western Europe (FAO),,2008,6.7863
Western Europe (FAO),,2009,6.8958
Western Europe (FAO),,2010,8.366401
Western Europe (FAO),,2011,8.0225
Western Europe (FAO),,2012,5.4295
Western Europe (FAO),,2013,5.1904
Western Europe (FAO),,2014,4.5599003
Western Europe (FAO),,2015,4.5222006
Western Europe (FAO),,2016,9.856901
Western Europe (FAO),,2017,10.809401
Western Europe (FAO),,2018,10.09
Western Europe (FAO),,2019,8.466701
Western Europe (FAO),,2020,12.541201
Western Europe (FAO),,2021,11.6813
Western Europe (FAO),,2022,10.273701
Western Europe (FAO),,2023,9.4526005
Western Europe (FAO),,2024,9.9506
World,OWID_WRL,1961,12.669201
World,OWID_WRL,1962,12.269701
World,OWID_WRL,1963,11.650901
World,OWID_WRL,1964,11.559901
World,OWID_WRL,1965,12.445701
World,OWID_WRL,1966,15.691001
World,OWID_WRL,1967,16.412401
World,OWID_WRL,1968,14.6443
World,OWID_WRL,1969,16.193
World,OWID_WRL,1970,15.103801
World,OWID_WRL,1971,15.4751005
World,OWID_WRL,1972,16.0338
World,OWID_WRL,1973,15.469201
World,OWID_WRL,1974,16.462502
World,OWID_WRL,1975,16.384401
World,OWID_WRL,1976,16.907001
World,OWID_WRL,1977,16.8794
World,OWID_WRL,1978,16.8199
World,OWID_WRL,1979,17.1072
World,OWID_WRL,1980,17.743
World,OWID_WRL,1981,17.2692
World,OWID_WRL,1982,16.482302
World,OWID_WRL,1983,17.3776
World,OWID_WRL,1984,16.491901
World,OWID_WRL,1985,15.830901
World,OWID_WRL,1986,15.704201
World,OWID_WRL,1987,15.416902
World,OWID_WRL,1988,15.5856
World,OWID_WRL,1989,16.449001
World,OWID_WRL,1990,15.729201
World,OWID_WRL,1991,16.0361
World,OWID_WRL,1992,16.3511
World,OWID_WRL,1993,17.212801
World,OWID_WRL,1994,16.237701
World,OWID_WRL,1995,17.2805
World,OWID_WRL,1996,16.6746
World,OWID_WRL,1997,17.6332
World,OWID_WRL,1998,17.308302
World,OWID_WRL,1999,16.927301
World,OWID_WRL,2000,18.2687
World,OWID_WRL,2001,17.3647
World,OWID_WRL,2002,17.750902
World,OWID_WRL,2003,16.9427
World,OWID_WRL,2004,17.897802
World,OWID_WRL,2005,17.450302
World,OWID_WRL,2006,18.0881
World,OWID_WRL,2007,17.3952
World,OWID_WRL,2008,18.036001
World,OWID_WRL,2009,17.9505
World,OWID_WRL,2010,17.874601
World,OWID_WRL,2011,18.900402
World,OWID_WRL,2012,18.862803
World,OWID_WRL,2013,18.7702
World,OWID_WRL,2014,18.157902
World,OWID_WRL,2015,19.345001
World,OWID_WRL,2016,19.466301
World,OWID_WRL,2017,19.8859
World,OWID_WRL,2018,20.244501
World,OWID_WRL,2019,20.481
World,OWID_WRL,2020,20.229902
World,OWID_WRL,2021,20.088501
World,OWID_WRL,2022,20.1389
World,OWID_WRL,2023,20.409601
World,OWID_WRL,2024,19.889002
Yemen,YEM,1979,1.0678
Yemen,YEM,1980,1.0588001
Yemen,YEM,1981,1.0535
Yemen,YEM,1982,1.0680001
Yemen,YEM,1983,1.0680001
Yemen,YEM,1984,1.1097
Yemen,YEM,1985,1.1239
Yemen,YEM,1986,1.7259
Yemen,YEM,1987,1.9472001
Yemen,YEM,1988,1.248
Yemen,YEM,1989,1.9816
Yemen,YEM,1990,1.9338001
Yemen,YEM,1991,1.7949001
Yemen,YEM,1992,1.8111
Yemen,YEM,1993,1.8569001
Yemen,YEM,1994,1.9697001
Yemen,YEM,1995,3.9280002
Yemen,YEM,1996,5.7840004
Yemen,YEM,1997,6.7294
Yemen,YEM,1998,11.4903
Yemen,YEM,1999,11.7536
Yemen,YEM,2000,11.730101
Yemen,YEM,2001,11.3732
Yemen,YEM,2002,11.4018
Yemen,YEM,2003,11.510701
Yemen,YEM,2004,11.504601
Yemen,YEM,2005,12.764701
Yemen,YEM,2006,13.285401
Yemen,YEM,2007,13.9475
Yemen,YEM,2008,13.719501
Yemen,YEM,2009,13.606901
Yemen,YEM,2010,14.423201
Yemen,YEM,2011,14.3606
Yemen,YEM,2012,14.5711
Yemen,YEM,2013,14.502401
Yemen,YEM,2014,14.4538
Yemen,YEM,2015,14.146201
Yemen,YEM,2016,13.888401
Yemen,YEM,2017,13.8823
Yemen,YEM,2018,13.593201
Yemen,YEM,2019,15.133301
Yemen,YEM,2020,15.1315
Yemen,YEM,2021,16.0697
Yemen,YEM,2022,15.875001
Yemen,YEM,2023,15.781701
Yemen,YEM,2024,15.724701
Yugoslavia,OWID_YGS,1985,3.1343002
Yugoslavia,OWID_YGS,1986,3.6773002
Yugoslavia,OWID_YGS,1987,3.4253001
Yugoslavia,OWID_YGS,1988,4.7918
Yugoslavia,OWID_YGS,1989,5.8935003
Yugoslavia,OWID_YGS,1990,6.9323
Yugoslavia,OWID_YGS,1991,7.3955
Zambia,ZMB,1961,3.3333
Zambia,ZMB,1962,3.5294
Zambia,ZMB,1963,3.3333
Zambia,ZMB,1964,3.3333
Zambia,ZMB,1965,3.3333
Zambia,ZMB,1966,3.5000002
Zambia,ZMB,1967,3.6667001
Zambia,ZMB,1968,3.5385
Zambia,ZMB,1969,3.5385
Zambia,ZMB,1970,3.3333
Zambia,ZMB,1971,3.3846002
Zambia,ZMB,1972,3.5385
Zambia,ZMB,1973,3.4286003
Zambia,ZMB,1974,3.5714002
Zambia,ZMB,1975,3.7143002
Zambia,ZMB,1976,3.6000001
Zambia,ZMB,1977,3.7333002
Zambia,ZMB,1978,3.6250002
Zambia,ZMB,1979,3.7500002
Zambia,ZMB,1980,3.6471002
Zambia,ZMB,1981,3.7647002
Zambia,ZMB,1982,3.7647002
Zambia,ZMB,1983,3.6667001
Zambia,ZMB,1984,3.6667001
Zambia,ZMB,1985,3.7778003
Zambia,ZMB,1986,3.8889
Zambia,ZMB,1987,4
Zambia,ZMB,1988,4.1111
Zambia,ZMB,1989,4.2222004
Zambia,ZMB,1990,4.189
Zambia,ZMB,1991,3.4394
Zambia,ZMB,1992,3.4658003
Zambia,ZMB,1993,3.4921002
Zambia,ZMB,1994,3.5184
Zambia,ZMB,1995,3.5447001
Zambia,ZMB,1996,3.571
Zambia,ZMB,1997,3.5973003
Zambia,ZMB,1998,3.6236002
Zambia,ZMB,1999,3.6113002
Zambia,ZMB,2000,3.5838003
Zambia,ZMB,2001,3.6000001
Zambia,ZMB,2002,3.6695
Zambia,ZMB,2003,3.7229002
Zambia,ZMB,2004,3.7895002
Zambia,ZMB,2005,3.8680003
Zambia,ZMB,2006,4.1176004
Zambia,ZMB,2007,3.8669
Zambia,ZMB,2008,3.8009
Zambia,ZMB,2009,3.3333
Zambia,ZMB,2010,3.8462002
Zambia,ZMB,2011,4.0729003
Zambia,ZMB,2012,4.4
Zambia,ZMB,2013,4.4
Zambia,ZMB,2014,4.3195
Zambia,ZMB,2015,4.2611003
Zambia,ZMB,2016,4.3291
Zambia,ZMB,2017,4.347
Zambia,ZMB,2018,4.3902006
Zambia,ZMB,2019,4.4352
Zambia,ZMB,2020,4.4737005
Zambia,ZMB,2021,4.4957004
Zambia,ZMB,2022,4.5359
Zambia,ZMB,2023,4.5697002
Zambia,ZMB,2024,4.6034
Zimbabwe,ZWE,1961,2.5
Zimbabwe,ZWE,1962,2.7869
Zimbabwe,ZWE,1963,2.6230001
Zimbabwe,ZWE,1964,2.7419
Zimbabwe,ZWE,1965,2.8125002
Zimbabwe,ZWE,1966,2.8125002
Zimbabwe,ZWE,1967,2.8788002
Zimbabwe,ZWE,1968,2.9851003
Zimbabwe,ZWE,1969,2.9851003
Zimbabwe,ZWE,1970,3.0000002
Zimbabwe,ZWE,1971,3.0263002
Zimbabwe,ZWE,1972,3.1250002
Zimbabwe,ZWE,1973,3.1707
Zimbabwe,ZWE,1974,3.3333
Zimbabwe,ZWE,1975,3.5714002
Zimbabwe,ZWE,1976,3.1250002
Zimbabwe,ZWE,1977,3.4118001
Zimbabwe,ZWE,1978,3.2530003
Zimbabwe,ZWE,1979,3.5294
Zimbabwe,ZWE,1980,3.4118001
Zimbabwe,ZWE,1981,3.6364
Zimbabwe,ZWE,1982,3.5227
Zimbabwe,ZWE,1983,3.6667001
Zimbabwe,ZWE,1984,3.6667001
Zimbabwe,ZWE,1985,3.8947
Zimbabwe,ZWE,1986,4.2105002
Zimbabwe,ZWE,1987,4.5263
Zimbabwe,ZWE,1988,4.9
Zimbabwe,ZWE,1989,4.2308
Zimbabwe,ZWE,1990,4.609
Zimbabwe,ZWE,1991,5.0593
Zimbabwe,ZWE,1992,5
Zimbabwe,ZWE,1993,5.76
Zimbabwe,ZWE,1994,5.5604
Zimbabwe,ZWE,1995,5.618
Zimbabwe,ZWE,1996,5.6568003
Zimbabwe,ZWE,1997,5.6653
Zimbabwe,ZWE,1998,5.6000004
Zimbabwe,ZWE,1999,5.7886004
Zimbabwe,ZWE,2000,5.9353
Zimbabwe,ZWE,2001,6.1436005
Zimbabwe,ZWE,2002,6.4103003
Zimbabwe,ZWE,2003,6.7322006
Zimbabwe,ZWE,2004,7.1059003
Zimbabwe,ZWE,2005,7.5280004
Zimbabwe,ZWE,2006,8.045701
Zimbabwe,ZWE,2007,8.5188
Zimbabwe,ZWE,2008,16.9206
Zimbabwe,ZWE,2009,18.348501
Zimbabwe,ZWE,2010,19.7207
Zimbabwe,ZWE,2011,21.1074
Zimbabwe,ZWE,2012,22.5431
Zimbabwe,ZWE,2013,24.033401
Zimbabwe,ZWE,2014,25.573502
Zimbabwe,ZWE,2015,27.156502
Zimbabwe,ZWE,2016,28.776001
Zimbabwe,ZWE,2017,30.426601
Zimbabwe,ZWE,2018,32
Zimbabwe,ZWE,2019,34
Zimbabwe,ZWE,2020,38
Zimbabwe,ZWE,2021,39
Zimbabwe,ZWE,2022,41.000004
Zimbabwe,ZWE,2023,42.5634
Zimbabwe,ZWE,2024,44.000004