"Plot_ID","Tree_ID","X","Y","Z","Core_Length","Age","DBH","H","TM","P","WD0","WD0w","WDb","WDbw","WS","Scanner_name"
1100017,12,4.08057,47.16999,632,237.94981893741,151,0.468,24,9.7,1349.7,701,675,610,587,13,"GE BrightSpeed Excel"
1100125,16,0.08721,43.61586,156,134.587001661431,55,0.35,24.9,13.9,888.1,884,889,769,773,13,"GE BrightSpeed Excel"
1100203,1,0.08912,47.9711,53,175.501450166506,24,0.312,11.6,12.1,737,799,756,695,658,13,"GE BrightSpeed Excel"
1100260,8,2.39109,46.3375,565,189.498498339295,58,0.271,20.8,10.3,892.7,723,742,629,645,13,"GE BrightSpeed Excel"
1100269,12,5.84072,47.03985,415,318.702019934269,76,0.646,26.6,10.75,1236.3,708,702,616,611,13,"GE BrightSpeed Excel"
1100289,5,-0.14589,47.84038,41,222.87607475133,74,0.497,25,12.15,722.6,687,699,598,608,13,"GE BrightSpeed Excel"
1100289,10,-0.14589,47.84038,41,219.645986711455,70,0.395,25,12.15,722.6,734,736,639,640,13,"GE BrightSpeed Excel"
1100390,6,-2.4739,48.14597,174,270.250699336153,110,0.557,23.2,11.4,918,758,737,659,641,13,"GE BrightSpeed Excel"
1100397,4,4.10973,48.05121,177,328.392284053892,148,0.544,29.8,11.15,792.2,742,696,646,606,13,"GE BrightSpeed Excel"
1100412,9,-2.02672,47.9473,116,316.548627907686,107,0.592,26,11.85,858.2,794,785,691,683,13,"GE BrightSpeed Excel"
1100416,1,-1.00307,44.90163,31,108.746297342436,37,0.162,7.3,13.75,962.1,880,905,766,788,13,"GE BrightSpeed Excel"
1100421,9,5.04707,45.92704,289,239.026514950701,115,0.49,18,12.1,955.6,642,609,558,530,13,"GE BrightSpeed Excel"
1100445,9,5.29671,48.63904,312,172.271362126632,86,0.318,21.6,10.25,1081.1,733,774,638,673,13,"GE BrightSpeed Excel"
1100445,10,5.29671,48.63904,312,151.814137874094,86,0.337,24.8,10.25,1081.1,742,769,645,669,13,"GE BrightSpeed Excel"
1100470,4,2.65941,47.77639,145,320.855411960851,111,0.821,21.8,11.5,759.9,671,659,583,573,13,"GE BrightSpeed Excel"
1100530,2,-4.36499,48.39595,28,329.468980067183,105,0.608,33,12,1166,845,827,735,720,13,"GE BrightSpeed Excel"
1100623,15,1.18815,46.7096,106,106.592905315853,25,0.162,13.9,12.5,751.1,829,816,721,710,13,"GE BrightSpeed Excel"
1100646,5,2.2602,47.03922,139,228.259554817787,98,0.503,19.7,12.05,735.7,804,772,700,672,13,"GE BrightSpeed Excel"
1100646,6,2.2602,47.03922,139,136.740393688014,68,0.277,17.9,12.05,735.7,905,862,787,750,13,"GE BrightSpeed Excel"
1100678,14,2.6514,46.42705,332,128.126825581682,59,0.277,18.6,11.7,725.3,828,878,720,763,13,"GE BrightSpeed Excel"
1100678,15,2.6514,46.42705,332,178.73153820638,73,0.376,18.8,11.7,725.3,892,918,776,799,13,"GE BrightSpeed Excel"
1100802,8,4.3235,49.45035,112,290.707923588691,83,0.477,21.2,10.9,770,644,629,560,548,13,"GE BrightSpeed Excel"
1100847,23,2.08574,44.95179,637,195.958674419043,112,0.325,21,10.75,1400.2,794,756,691,658,13,"GE BrightSpeed Excel"
1100848,5,4.56574,47.4136,460,130.280217608265,74,0.248,17.4,10.55,921.6,918,918,799,799,13,"GE BrightSpeed Excel"
1100898,1,-2.55041,47.52106,12,137.817089701305,15,0.248,10.2,12.6,849.1,676,667,588,580,13,"GE BrightSpeed Excel"
1100898,2,-2.55041,47.52106,12,109.822993355728,14,0.21,9.5,12.6,849.1,774,744,674,648,13,"GE BrightSpeed Excel"
1100959,8,6.32333,46.08725,456,184.115018272838,33,0.296,20.5,11.1,1155.1,696,683,606,594,13,"GE BrightSpeed Excel"
1100970,5,4.96631,45.85694,273,116.283169435476,21,0.309,17.5,12.3,913.9,666,665,579,579,13,"GE BrightSpeed Excel"
1101028,5,1.75273,47.72141,106,214.262506644998,71,0.465,21.7,11.75,711.7,760,743,662,647,13,"GE BrightSpeed Excel"
1101059,2,0.05225,45.10845,35,216.415898671581,89,0.522,22.4,13.45,849.4,724,699,630,608,13,"GE BrightSpeed Excel"
1101059,9,0.05225,45.10845,35,107.669601329145,54,0.251,18.5,13.45,849.4,789,770,687,670,13,"GE BrightSpeed Excel"
1101069,3,2.8265,48.53114,100,186.26841029942,61,0.465,23.8,11.5,730,759,740,660,644,13,"GE BrightSpeed Excel"
1101072,4,5.13363,45.60084,317,228.259554817787,37,0.436,18,11.95,946.9,669,638,582,555,13,"GE BrightSpeed Excel"
1101078,9,4.08066,45.5502,476,134.587001661431,36,0.201,11,11.2,674.6,757,746,659,649,13,"GE BrightSpeed Excel"
1101079,2,5.00468,45.58598,268,78.5988089702757,18,0.137,11,12.45,924.5,756,757,658,659,13,"GE BrightSpeed Excel"
1101079,6,5.00468,45.58598,268,80.7522009968586,16,0.175,11.3,12.45,924.5,741,726,645,632,13,"GE BrightSpeed Excel"
1101093,13,5.16703,48.75014,287,128.126825581682,85,0.277,15.8,10.45,1075.2,730,768,635,668,13,"GE BrightSpeed Excel"
1101103,7,0.37563,48.19213,81,240.103210963993,79,0.481,22.4,11.8,725.4,675,662,587,576,13,"GE BrightSpeed Excel"
1101103,12,0.37563,48.19213,81,178.73153820638,85,0.357,12.9,11.8,725.4,655,627,570,545,13,"GE BrightSpeed Excel"
1101120,8,-0.03565,48.95798,64,133.51030564814,67,0.258,23.1,11.45,670.2,740,737,644,642,13,"GE BrightSpeed Excel"
1101120,26,-0.03565,48.95798,64,250.870171096907,123,0.487,23.4,11.45,670.2,785,771,683,671,13,"GE BrightSpeed Excel"
1101139,13,0.88557,48.2355,207,233.643034884244,68,0.442,27.5,11.15,795.1,783,770,681,670,13,"GE BrightSpeed Excel"
1101182,3,2.02946,43.67477,255,134.587001661431,51,0.226,17.6,13.7,802.5,869,885,756,770,13,"GE BrightSpeed Excel"
1101213,17,1.48905,47.53989,76,149.660745847511,32,0.312,22,12,682.2,702,685,610,596,13,"GE BrightSpeed Excel"
1101258,5,1.60593,46.76702,142,166.887882060174,58,0.35,22,12.15,796.7,715,678,622,590,13,"GE BrightSpeed Excel"
1101258,7,1.60593,46.76702,142,160.427705980426,53,0.306,22,12.15,796.7,752,749,654,651,13,"GE BrightSpeed Excel"
1101271,3,2.05978,45.07766,504,139.970481727888,70,0.293,18.3,11.4,1271.1,735,712,640,619,13,"GE BrightSpeed Excel"
1101271,8,2.05978,45.07766,504,235.796426910827,74,0.576,23.6,11.4,1271.1,769,754,669,656,13,"GE BrightSpeed Excel"
1101297,16,1.9535,45.76105,694,142.123873754471,58,0.407,21.7,9.7,1469.8,766,759,666,660,13,"GE BrightSpeed Excel"
1101297,17,1.9535,45.76105,694,118.436561462059,57,0.395,22.1,9.7,1469.8,724,725,630,631,13,"GE BrightSpeed Excel"
1101309,13,2.92366,45.13043,900,243.333299003867,112,0.509,20.3,8.85,869.9,779,765,678,666,13,"GE BrightSpeed Excel"
1101311,9,2.16287,44.59217,365,137.817089701305,56,0.22,11,12.55,960.6,796,806,693,701,13,"GE BrightSpeed Excel"
1101329,15,0.63442,46.84667,136,216.415898671581,48,0.376,18.7,12.25,732.6,833,808,724,703,13,"GE BrightSpeed Excel"
1101410,7,0.65751,45.26323,174,227.182858804495,98,0.484,28.7,12.85,955.1,734,718,638,625,13,"GE BrightSpeed Excel"
1101410,10,0.65751,45.26323,174,203.495546512084,100,0.468,32.2,12.85,955.1,705,702,613,611,13,"GE BrightSpeed Excel"
1101412,1,3.02935,49.5366,54,119.513257475351,53,0.248,19.5,11.35,683.4,776,742,675,646,13,"GE BrightSpeed Excel"
1101412,6,3.02935,49.5366,54,148.58404983422,27,0.404,26,11.35,683.4,686,674,597,587,13,"GE BrightSpeed Excel"
1101468,1,6.46015,48.58625,269,234.719730897536,143,0.528,22.6,10.5,792,729,703,634,612,13,"GE BrightSpeed Excel"
1101468,9,6.46015,48.58625,269,278.864267442485,136,0.573,26.7,10.5,792,704,735,612,639,13,"GE BrightSpeed Excel"
1101520,2,-1.78228,46.53293,13,145.353961794345,17,0.277,10.9,13.1,814.1,798,776,695,675,13,"GE BrightSpeed Excel"
1101525,16,5.67572,46.50448,504,193.805282392461,134,0.392,16.5,10.6,1546.4,819,807,713,702,13,"GE BrightSpeed Excel"
1101594,1,1.83711,47.25406,125,105.516209302562,17,0.277,11.7,11.95,744.5,863,845,751,735,13,"GE BrightSpeed Excel"
1101625,2,4.68722,48.36489,138,40.914448505075,8,0.08,6.4,11.4,791.9,748,764,651,664,13,"GE BrightSpeed Excel"
1101628,1,1.72043,48.20687,125,57.0648887044467,29,0.124,14.3,11.45,613.5,818,805,711,701,13,"GE BrightSpeed Excel"
1101714,2,4.55945,49.80561,171,273.480787376028,75,0.506,26.9,10.35,980.4,649,639,564,556,13,"GE BrightSpeed Excel"
1101772,2,1.4845,49.48168,167,222.87607475133,66,0.519,24.5,10.9,845.1,787,792,685,689,13,"GE BrightSpeed Excel"
1101781,2,0.48543,47.36627,95,95.8259451829389,39,0.274,11,12.1,722.4,821,816,714,710,13,"GE BrightSpeed Excel"
1101803,2,4.05535,47.20636,584,181.961626246255,60,0.372,17,9.85,1326.3,745,741,648,645,13,"GE BrightSpeed Excel"
1101812,14,0.53991,45.74732,312,208.879026578541,83,0.471,25.5,12.2,1038.9,800,790,696,687,13,"GE BrightSpeed Excel"
1101812,17,0.53991,45.74732,312,227.182858804495,72,0.458,23.9,12.2,1038.9,768,763,668,664,13,"GE BrightSpeed Excel"
1101875,12,0.55453,46.08952,184,128.126825581682,40,0.22,22.6,12.25,914.3,729,734,634,639,13,"GE BrightSpeed Excel"
1101875,17,0.55453,46.08952,184,159.351009967134,34,0.236,18.1,12.25,914.3,797,760,693,661,13,"GE BrightSpeed Excel"
1101883,19,3.46179,47.86135,161,248.716779070324,100,0.592,25.1,11.65,698.1,729,720,634,626,13,"GE BrightSpeed Excel"
1101908,4,5.10599,48.62566,243,254.100259136782,63,0.589,29.6,10.7,1022.2,766,765,667,666,13,"GE BrightSpeed Excel"
1101908,5,5.10599,48.62566,243,120.589953488642,61,0.328,23.2,10.7,1022.2,739,746,643,649,13,"GE BrightSpeed Excel"
1101914,1,1.2493,43.02269,577,180.884930232963,90,0.302,16,12,1073.4,811,809,705,704,13,"GE BrightSpeed Excel"
1101931,1,0.04223,46.58432,153,206.725634551958,93,0.417,21.8,12.25,790.5,772,764,672,665,13,"GE BrightSpeed Excel"
1101999,3,6.08373,48.25675,370,241.179906977284,107,0.446,19.5,10.2,914,824,790,717,687,13,"GE BrightSpeed Excel"
1102003,3,2.18036,47.34499,137,69.9852408639441,18,0.118,9.5,11.8,811.5,806,798,701,694,13,"GE BrightSpeed Excel"
1102003,4,2.18036,47.34499,137,94.7492491696474,31,0.232,12.1,11.8,811.5,791,771,688,671,13,"GE BrightSpeed Excel"
1102056,6,1.42264,46.7657,124,217.492594684872,121,0.458,18.9,12.3,781.3,703,678,611,590,13,"GE BrightSpeed Excel"
1102056,11,1.42264,46.7657,124,262.713827243113,75,0.487,22,12.3,781.3,785,783,683,681,13,"GE BrightSpeed Excel"
1102097,14,4.76487,46.54556,218,262.713827243113,102,0.509,21.2,11.7,849.3,787,783,685,681,13,"GE BrightSpeed Excel"
1102097,19,4.76487,46.54556,218,338.082548173515,132,0.602,23.4,11.7,849.3,782,793,680,690,13,"GE BrightSpeed Excel"
1102115,6,5.80283,48.08535,368,174.424754153215,93,0.35,21.5,10.2,1007,720,695,627,604,13,"GE BrightSpeed Excel"
1102147,2,2.65464,44.75374,720,234.719730897536,36,0.29,12,10.75,1152.7,747,709,650,617,13,"GE BrightSpeed Excel"
1102154,3,3.3993,46.0806,331,222.87607475133,80,0.465,23.5,11.95,803.5,786,767,684,667,13,"GE BrightSpeed Excel"
1102161,6,-0.89252,43.42912,150,235.796426910827,106,0.532,28.7,14.05,1314.1,723,725,629,630,13,"GE BrightSpeed Excel"
1102195,9,5.12697,46.48325,208,172.271362126632,57,0.341,23.1,11.9,1021.4,735,738,640,642,13,"GE BrightSpeed Excel"
1102217,1,-3.00804,47.57298,13,222.87607475133,28,0.439,14,12.9,836.9,808,776,703,676,13,"GE BrightSpeed Excel"
1102217,4,-3.00804,47.57298,13,173.348058139923,18,0.302,9.9,12.9,836.9,742,738,646,642,13,"GE BrightSpeed Excel"
1102221,16,0.5811,45.26205,172,162.581098007009,68,0.328,18.9,13.05,934.5,693,646,603,562,13,"GE BrightSpeed Excel"
1102221,20,0.5811,45.26205,172,131.356913621557,70,0.318,20.5,13.05,934.5,797,779,693,678,13,"GE BrightSpeed Excel"
1102245,23,0.57768,45.36997,141,250.870171096907,113,0.522,26,12.95,948.9,770,753,670,655,13,"GE BrightSpeed Excel"
1102246,11,7.01817,48.15119,670,128.126825581682,34,0.245,18,8.85,1452.3,807,816,702,710,13,"GE BrightSpeed Excel"
1102249,2,1.38362,46.00959,530,216.415898671581,126,0.512,20.9,10.7,1293.8,764,732,665,637,13,"GE BrightSpeed Excel"
1102277,2,5.37681,48.15116,373,187.345106312712,145,0.458,20.3,10.1,1013.1,743,757,646,659,13,"GE BrightSpeed Excel"
1102280,2,1.71597,48.58446,139,286.401139535525,93,0.618,18.4,11.25,657.5,690,675,600,587,13,"GE BrightSpeed Excel"
1102280,6,1.71597,48.58446,139,95.8259451829389,36,0.21,14.9,11.25,657.5,698,684,607,595,13,"GE BrightSpeed Excel"
1102300,17,0.48912,45.72849,262,246.563387043742,66,0.512,19.8,12.3,1010.3,788,777,685,676,13,"GE BrightSpeed Excel"
1102345,2,2.14264,50.43616,92,186.26841029942,60,0.35,26,10.7,1004.9,722,706,628,614,13,"GE BrightSpeed Excel"
1102345,5,2.14264,50.43616,92,213.185810631707,136,0.471,24.7,10.7,1004.9,648,631,564,549,13,"GE BrightSpeed Excel"
1102363,5,4.72228,47.35649,557,183.038322259546,107,0.385,18.6,10,973.5,713,674,621,586,13,"GE BrightSpeed Excel"
1102377,1,1.8361,47.36201,89,200.265458472209,69,0.388,17.5,12,738.8,751,722,654,628,13,"GE BrightSpeed Excel"
1102377,7,1.8361,47.36201,89,135.663697674722,74,0.258,14,12,738.8,729,709,634,617,13,"GE BrightSpeed Excel"
1102382,2,3.28089,46.71148,252,340.235940200098,109,0.672,23,11.7,836.3,670,661,583,575,13,"GE BrightSpeed Excel"
1102382,10,3.28089,46.71148,252,133.51030564814,59,0.283,18,11.7,836.3,632,628,550,546,13,"GE BrightSpeed Excel"
1102386,5,2.41905,47.65089,158,187.345106312712,49,0.302,19.3,11.55,763.1,737,712,641,620,13,"GE BrightSpeed Excel"
1102538,2,-0.54286,45.31064,65,178.73153820638,39,0.283,15.1,13.45,932.6,782,769,680,669,13,"GE BrightSpeed Excel"
1102538,7,-0.54286,45.31064,65,92.5958571430645,48,0.175,11.2,13.45,932.6,670,655,583,570,13,"GE BrightSpeed Excel"
1102543,12,1.94648,46.7507,178,133.51030564814,57,0.261,20.6,12,799.6,759,747,660,650,13,"GE BrightSpeed Excel"
1102543,21,1.94648,46.7507,178,92.5958571430645,33,0.185,18,12,799.6,728,723,633,629,13,"GE BrightSpeed Excel"
1102667,6,4.92816,48.32385,288,219.645986711455,113,0.442,26.5,10.65,960.3,658,670,572,582,13,"GE BrightSpeed Excel"
1102684,1,0.17962,49.03398,143,332.699068107057,104,0.656,27.3,11.15,839.6,810,820,705,714,13,"GE BrightSpeed Excel"
1102684,8,0.17962,49.03398,143,203.495546512084,121,0.49,21.7,11.15,839.6,682,663,593,577,13,"GE BrightSpeed Excel"
1102686,1,2.91448,46.69592,221,264.867219269696,109,0.512,26.1,11.8,773.7,736,735,640,640,13,"GE BrightSpeed Excel"
1102686,8,2.91448,46.69592,221,292.861315615274,119,0.57,27.1,11.8,773.7,713,704,620,613,13,"GE BrightSpeed Excel"
1102740,9,4.12953,45.47743,529,117.359865448768,83,0.239,16.1,11.1,714,794,769,691,669,13,"GE BrightSpeed Excel"
1102740,13,4.12953,45.47743,529,146.430657807637,82,0.337,16.2,11.1,714,819,793,712,690,13,"GE BrightSpeed Excel"
1102779,12,-1.89624,46.65489,4,131.356913621557,19,0.245,14.3,13.05,818.6,725,734,630,639,13,"GE BrightSpeed Excel"
1102782,9,-1.72986,47.92198,51,234.719730897536,110,0.519,25.8,12.15,778.1,833,811,725,705,13,"GE BrightSpeed Excel"
1102811,1,1.90426,43.85413,167,213.185810631707,91,0.414,25.1,13.75,741.9,718,704,624,612,13,"GE BrightSpeed Excel"
1102811,6,1.90426,43.85413,167,234.719730897536,93,0.484,27.9,13.75,741.9,759,737,660,641,13,"GE BrightSpeed Excel"
1102818,5,1.21281,46.78183,97,192.728586379169,62,0.363,11.5,12.5,746.6,758,756,659,658,13,"GE BrightSpeed Excel"
1102818,13,1.21281,46.78183,97,165.811186046883,75,0.376,16.5,12.5,746.6,722,699,628,608,13,"GE BrightSpeed Excel"
1102859,1,3.23875,48.88828,94,250.870171096907,119,0.538,24.4,11.2,774.8,631,630,549,548,13,"GE BrightSpeed Excel"
1102873,4,6.52795,48.07967,392,189.498498339295,85,0.423,32.5,10.15,1254.7,727,711,633,619,13,"GE BrightSpeed Excel"
1102898,8,7.52568,48.38214,160,90.4424651164816,35,0.213,17.9,11.45,598.4,774,758,673,660,13,"GE BrightSpeed Excel"
1102898,13,7.52568,48.38214,160,115.206473422185,34,0.239,18.8,11.45,598.4,779,771,678,671,13,"GE BrightSpeed Excel"
1102920,7,5.26182,49.46717,223,206.725634551958,123,0.458,23.6,10.35,857.1,756,748,658,651,13,"GE BrightSpeed Excel"
1102920,10,5.26182,49.46717,223,174.424754153215,137,0.458,21.6,10.35,857.1,662,616,576,536,13,"GE BrightSpeed Excel"
1102937,3,-1.63018,43.38649,45,207.802330565249,73,0.503,21.3,14.8,1509.2,922,898,802,782,13,"GE BrightSpeed Excel"
1102984,1,4.30213,48.17406,162,237.94981893741,123,0.598,29.7,11.35,780.6,711,692,618,602,13,"GE BrightSpeed Excel"
1103034,15,5.23631,49.50374,230,184.115018272838,83,0.376,21.1,10.4,881.7,746,722,649,628,13,"GE BrightSpeed Excel"
1103058,9,3.78681,48.99073,227,300.398187708314,130,0.633,26.7,10.7,806.7,673,659,585,573,13,"GE BrightSpeed Excel"
1103082,21,3.89975,46.39874,291,183.038322259546,94,0.497,16.8,11.7,791.4,718,705,624,614,13,"GE BrightSpeed Excel"
1103083,3,3.98846,45.89355,480,184.115018272838,78,0.449,19.3,11.15,771.9,768,750,668,652,13,"GE BrightSpeed Excel"
1103187,1,1.79558,48.74665,185,321.932107974143,151,0.71,28.3,11.15,712.5,695,686,604,597,13,"GE BrightSpeed Excel"
1103187,5,1.79558,48.74665,185,287.477835548817,152,0.598,26,11.15,712.5,697,678,606,590,13,"GE BrightSpeed Excel"
1103224,3,5.4821,48.56229,347,228.259554817787,76,0.481,22.2,10.2,970,751,743,653,646,13,"GE BrightSpeed Excel"
1103315,4,0.22418,43.25902,227,248.716779070324,110,0.589,38.3,13.6,967,706,699,614,608,13,"GE BrightSpeed Excel"
1103315,7,0.22418,43.25902,227,282.094355482359,90,0.497,33.9,13.6,967,797,827,694,720,13,"GE BrightSpeed Excel"
1103320,8,-1.48355,47.48006,13,79.6755049835671,17,0.115,11.7,12.4,822.8,793,758,690,660,13,"GE BrightSpeed Excel"
1103320,17,-1.48355,47.48006,13,66.7551528240698,17,0.127,11.4,12.4,822.8,744,722,648,628,13,"GE BrightSpeed Excel"
1103323,1,0.60576,43.24786,414,50.604712624698,14,0.092,10,12.6,908.7,726,723,632,629,13,"GE BrightSpeed Excel"
1103345,2,6.90559,48.71396,271,163.6577940203,44,0.306,22.4,10.45,911.5,719,704,626,613,13,"GE BrightSpeed Excel"
1103345,15,6.90559,48.71396,271,141.04717774118,45,0.312,21.9,10.45,911.5,801,788,697,686,13,"GE BrightSpeed Excel"
1103369,1,2.93727,48.74637,116,215.33920265829,57,0.366,25.4,11.5,736,800,788,696,685,13,"GE BrightSpeed Excel"
1103369,4,2.93727,48.74637,116,60.2949767443211,160,0.563,28,11.5,736,738,735,642,639,13,"GE BrightSpeed Excel"
1103381,1,3.33609,45.45136,550,75.3687209304014,72,0.178,5.9,11,731.8,675,652,587,567,13,"GE BrightSpeed Excel"
1103381,5,3.33609,45.45136,550,78.5988089702757,72,0.181,6,11,731.8,649,635,565,553,13,"GE BrightSpeed Excel"
1103392,8,2.22871,49.61039,148,134.587001661431,73,0.267,20.5,10.55,772.8,738,730,642,635,13,"GE BrightSpeed Excel"
1103402,10,0.93093,44.52934,122,213.185810631707,99,0.544,27.1,13.5,842.2,678,666,590,580,13,"GE BrightSpeed Excel"
1103402,11,0.93093,44.52934,122,363.923252492509,105,0.738,28.9,13.5,842.2,700,676,609,588,13,"GE BrightSpeed Excel"
1103464,2,5.46826,47.42871,207,181.961626246255,103,0.392,24.1,11.25,890.5,746,716,649,623,13,"GE BrightSpeed Excel"
1103464,16,5.46826,47.42871,207,189.498498339295,105,0.388,27.5,11.25,890.5,793,769,690,669,13,"GE BrightSpeed Excel"
1103551,11,0.20876,45.00358,55,139.970481727888,51,0.28,20.2,13.45,826.5,830,869,722,756,13,"GE BrightSpeed Excel"
1103574,1,1.86289,47.32614,109,174.424754153215,89,0.331,23.5,11.95,744.8,810,796,705,692,13,"GE BrightSpeed Excel"
1103574,10,1.86289,47.32614,109,200.265458472209,77,0.363,22,11.95,744.8,822,764,715,665,13,"GE BrightSpeed Excel"
1103578,2,5.56774,48.63196,308,217.492594684872,167,0.5,17.4,10.35,969.5,732,717,637,624,13,"GE BrightSpeed Excel"
1103603,4,5.57429,45.679,212,303.628275748188,74,0.576,32,12.4,1115.8,698,694,608,604,13,"GE BrightSpeed Excel"
1103606,2,2.62499,46.35514,276,88.2890730898987,35,0.226,8.6,11.7,699.7,718,717,625,624,13,"GE BrightSpeed Excel"
1103606,4,2.62499,46.35514,276,206.725634551958,52,0.576,13,11.7,699.7,690,691,600,601,13,"GE BrightSpeed Excel"
1103685,8,-2.09401,47.15199,31,218.569290698164,55,0.401,9.5,13,820.4,835,825,726,718,13,"GE BrightSpeed Excel"
1103689,1,-0.93771,44.2195,68,52.7581046512809,19,0.105,6.7,13.75,1086.9,729,721,635,628,13,"GE BrightSpeed Excel"
1103689,3,-0.93771,44.2195,68,63.5250647841954,19,0.111,8.5,13.75,1086.9,786,767,684,668,13,"GE BrightSpeed Excel"
1103711,2,1.9151,47.41629,120,173.348058139923,40,0.302,20.6,11.9,757.8,923,904,803,787,13,"GE BrightSpeed Excel"
1103714,9,5.2566,48.89187,291,227.182858804495,168,0.433,22.3,10.3,1018.4,701,671,609,583,13,"GE BrightSpeed Excel"
1103714,15,5.2566,48.89187,291,247.640083057033,184,0.563,21.8,10.3,1018.4,747,724,650,630,13,"GE BrightSpeed Excel"
1103729,4,6.28032,49.07832,238,69.9852408639441,23,0.159,14.1,10.6,731.2,753,743,655,646,13,"GE BrightSpeed Excel"
1103741,8,0.9958,43.91863,208,244.409995017159,66,0.49,18.5,13.55,727.7,809,818,704,712,13,"GE BrightSpeed Excel"
1103744,1,2.28629,47.29112,169,220.722682724747,51,0.417,23.2,11.6,864.5,769,764,669,664,13,"GE BrightSpeed Excel"
1103744,9,2.28629,47.29112,169,187.345106312712,53,0.442,24.6,11.6,864.5,774,769,673,669,13,"GE BrightSpeed Excel"
1103773,1,3.38593,49.42623,68,200.265458472209,36,0.385,17.2,11.25,751.2,791,804,688,700,13,"GE BrightSpeed Excel"
1103773,4,3.38593,49.42623,68,246.563387043742,46,0.497,26.7,11.25,751.2,680,684,592,595,13,"GE BrightSpeed Excel"
1103789,5,4.93021,47.81997,396,99.0560332228132,67,0.248,19.8,10.3,985.5,787,786,685,684,13,"GE BrightSpeed Excel"
1103790,15,0.38341,43.63959,181,239.026514950701,137,0.5,18,13.6,764.9,741,728,645,633,13,"GE BrightSpeed Excel"
1103846,1,0.78621,46.12893,212,119.513257475351,28,0.325,17.8,12.2,927.4,817,811,711,706,13,"GE BrightSpeed Excel"
1103882,12,2.77989,46.22868,444,259.483739203239,57,0.439,19,10.9,862.6,796,800,693,696,13,"GE BrightSpeed Excel"
1103882,13,2.77989,46.22868,444,264.867219269696,56,0.563,21.2,10.9,862.6,756,763,657,664,13,"GE BrightSpeed Excel"
1103970,1,1.44526,46.98181,131,216.415898671581,124,0.481,26.6,12.1,785.2,691,662,601,576,13,"GE BrightSpeed Excel"
1103970,3,1.44526,46.98181,131,278.864267442485,127,0.605,26.2,12.1,785.2,758,747,659,650,13,"GE BrightSpeed Excel"
1103990,2,6.39718,47.77811,282,151.814137874094,110,0.42,23.5,10.95,1111.1,720,704,627,613,13,"GE BrightSpeed Excel"
1103990,12,6.39718,47.77811,282,211.032418605124,117,0.414,23.3,10.95,1111.1,695,679,605,591,13,"GE BrightSpeed Excel"
1104000,10,5.27642,48.27969,292,237.94981893741,115,0.487,24.3,10.6,997.5,798,786,694,684,13,"GE BrightSpeed Excel"
1104020,8,-4.06076,48.1242,129,329.468980067183,130,0.697,31,11.75,1311.6,774,772,673,672,13,"GE BrightSpeed Excel"
1104053,1,-0.641,47.61278,56,45.2212325582408,17,0.095,8.9,12.35,693.3,710,705,618,613,13,"GE BrightSpeed Excel"
1104053,2,-0.641,47.61278,56,47.3746245848237,14,0.086,7.8,12.35,693.3,717,708,624,616,13,"GE BrightSpeed Excel"
1104101,2,1.89574,46.55258,263,189.498498339295,118,0.423,24,11.85,818.5,701,680,610,591,13,"GE BrightSpeed Excel"
1104163,3,4.89533,48.7563,175,105.516209302562,29,0.22,17.6,11.1,905.5,779,790,678,688,13,"GE BrightSpeed Excel"
1104163,9,4.89533,48.7563,175,71.0619368772356,29,0.127,14.9,11.1,905.5,697,714,606,621,13,"GE BrightSpeed Excel"
1104183,21,0.90227,47.62408,93,138.893785714597,27,0.248,21,11.85,712.2,740,725,643,631,13,"GE BrightSpeed Excel"
1104226,1,1.69009,46.29968,326,242.256602990576,98,0.748,25.6,11.65,938.5,754,756,656,658,13,"GE BrightSpeed Excel"
1104226,8,1.69009,46.29968,326,178.73153820638,24,0.264,19,11.65,938.5,657,668,571,581,13,"GE BrightSpeed Excel"
1104238,5,0.15893,46.92861,65,192.728586379169,66,0.379,25.5,12.5,643.2,746,723,649,629,13,"GE BrightSpeed Excel"
1104238,7,0.15893,46.92861,65,139.970481727888,58,0.28,23,12.5,643.2,747,719,650,625,13,"GE BrightSpeed Excel"
1104317,5,0.2628,44.91463,106,135.663697674722,57,0.35,22.2,13.35,840.1,744,761,648,662,13,"GE BrightSpeed Excel"
1104322,5,2.13372,45.68955,787,142.123873754471,54,0.286,23.1,9.05,1271,721,709,628,616,13,"GE BrightSpeed Excel"
1104386,7,0.17267,46.58687,140,166.887882060174,52,0.302,15.1,12.35,746,705,677,613,589,13,"GE BrightSpeed Excel"
1104396,13,1.19856,43.11201,469,387.610564784921,82,0.745,24.1,12.6,942.7,765,768,666,668,13,"GE BrightSpeed Excel"
1104428,3,6.41622,48.37173,327,231.489642857661,115,0.404,21.7,10.3,929.6,702,679,611,591,13,"GE BrightSpeed Excel"
1104447,25,3.03799,48.15244,153,298.244795681731,100,0.649,21.3,11.4,749,753,745,655,648,13,"GE BrightSpeed Excel"
1104512,3,1.94307,47.21849,119,230.41294684437,102,0.484,26.6,12.05,743.2,735,699,639,608,13,"GE BrightSpeed Excel"
1104512,9,1.94307,47.21849,119,165.811186046883,72,0.357,24,12.05,743.2,754,739,656,643,13,"GE BrightSpeed Excel"
1104533,3,2.39543,50.36452,126,229.336250831078,117,0.633,23.3,10.55,961,786,771,684,671,13,"GE BrightSpeed Excel"
1104577,17,0.82799,45.5536,301,232.566338870953,144,0.503,20.5,12.1,1137,709,698,617,607,13,"GE BrightSpeed Excel"
1104577,18,0.82799,45.5536,301,232.566338870953,121,0.595,22,12.1,1137,787,795,685,692,13,"GE BrightSpeed Excel"
1104611,7,0.89825,45.80647,289,145.353961794345,55,0.267,16.7,12.2,1002.9,689,666,599,580,13,"GE BrightSpeed Excel"
1104611,8,0.89825,45.80647,289,165.811186046883,52,0.28,19.2,12.2,1002.9,683,669,594,582,13,"GE BrightSpeed Excel"
1104624,3,5.54017,47.3007,193,69.9852408639441,18,0.095,9.7,11.45,894.8,706,736,615,641,13,"GE BrightSpeed Excel"
1104624,8,5.54017,47.3007,193,77.5221129569842,18,0.105,9.5,11.45,894.8,895,870,779,757,13,"GE BrightSpeed Excel"
1104636,3,5.98554,48.00779,309,223.952770764621,125,0.436,29.5,10.55,985.2,746,711,649,619,13,"GE BrightSpeed Excel"
1104760,7,5.47555,49.35391,214,221.799378738038,112,0.5,27.2,10.45,831.2,750,690,653,600,13,"GE BrightSpeed Excel"
1104760,12,5.47555,49.35391,214,275.634179402611,121,0.49,26.6,10.45,831.2,675,676,587,588,13,"GE BrightSpeed Excel"
1104802,1,5.46593,48.2928,407,225.029466777913,155,0.611,25.3,9.85,1032.6,722,733,628,637,13,"GE BrightSpeed Excel"
1104895,5,1.85741,47.93774,126,86.1356810633158,20,0.143,11.7,11.65,695.7,755,730,657,635,13,"GE BrightSpeed Excel"
1104916,1,1.24374,46.54819,146,47.3746245848237,12,0.099,6.6,12.4,811.3,809,786,704,684,13,"GE BrightSpeed Excel"
1104917,2,1.60691,46.69505,140,278.864267442485,95,0.519,26.5,12.2,794.8,715,691,622,601,13,"GE BrightSpeed Excel"
1104917,7,1.60691,46.69505,140,223.952770764621,113,0.519,25,12.2,794.8,718,702,625,611,13,"GE BrightSpeed Excel"
1104970,7,3.50387,46.13356,388,173.348058139923,65,0.376,17.5,11.65,873.2,671,658,584,572,13,"GE BrightSpeed Excel"
1104989,6,-0.43705,45.74542,83,116.283169435476,87,0.334,17.9,13.2,892.6,824,789,717,686,13,"GE BrightSpeed Excel"
1104989,7,-0.43705,45.74542,83,131.356913621557,90,0.277,14.5,13.2,892.6,730,701,635,610,13,"GE BrightSpeed Excel"
1105142,4,1.80766,47.55977,113,88.2890730898987,49,0.166,16.9,11.8,744.3,838,830,729,722,13,"GE BrightSpeed Excel"
1105160,8,1.60175,48.99727,125,142.123873754471,73,0.382,22.6,11.35,683.4,745,763,648,663,13,"GE BrightSpeed Excel"
1105167,2,2.46894,46.30145,428,211.032418605124,70,0.449,22.2,11,830.4,811,795,706,692,13,"GE BrightSpeed Excel"
1105169,1,-1.72735,43.36487,71,170.117970100049,49,0.379,14,14.6,1507.2,980,971,853,844,13,"GE BrightSpeed Excel"
1105195,5,2.23242,47.79478,109,54.9114966778638,19,0.124,11.5,11.8,713.8,754,753,656,655,13,"GE BrightSpeed Excel"
1105195,8,2.23242,47.79478,109,54.9114966778638,20,0.118,11.7,11.8,713.8,770,781,670,679,13,"GE BrightSpeed Excel"
1105219,8,1.06331,46.45633,136,179.808234219672,64,0.321,23.7,12.45,806.8,797,758,694,660,13,"GE BrightSpeed Excel"
1105219,24,1.06331,46.45633,136,194.881978405752,63,0.299,23.9,12.45,806.8,725,718,631,624,13,"GE BrightSpeed Excel"
1105282,7,5.85249,47.21958,262,189.498498339295,91,0.522,20,11.3,1069.1,659,642,573,558,13,"GE BrightSpeed Excel"
1105313,2,1.20287,46.00791,345,158.274313953843,28,0.325,15.3,11.5,1095.4,807,774,702,673,13,"GE BrightSpeed Excel"
1105324,12,0.28877,44.89712,68,109.822993355728,16,0.255,15.6,13.45,825.2,846,855,736,744,13,"GE BrightSpeed Excel"
1105470,12,3.40693,50.43167,19,164.734490033591,22,0.207,13.7,11.3,744.3,785,730,683,635,13,"GE BrightSpeed Excel"
1105495,1,0.69771,49.07816,144,260.56043521653,117,0.528,24.8,11.15,717.6,800,800,696,696,13,"GE BrightSpeed Excel"
1105495,8,0.69771,49.07816,144,297.16809966844,114,0.672,28.6,11.15,717.6,757,740,659,644,13,"GE BrightSpeed Excel"
1105517,1,1.3192,45.30724,233,139.970481727888,32,0.245,14.5,12.3,1071.2,773,766,672,667,13,"GE BrightSpeed Excel"
1105517,5,1.3192,45.30724,233,87.2123770766073,41,0.207,14.3,12.3,1071.2,785,771,683,671,13,"GE BrightSpeed Excel"
1105609,1,0.35532,44.4485,83,138.893785714597,45,0.264,20.4,13.8,806.6,712,696,619,606,13,"GE BrightSpeed Excel"
1105609,2,0.35532,44.4485,83,99.0560332228132,47,0.213,18.8,13.8,806.6,769,760,669,661,13,"GE BrightSpeed Excel"
1105667,16,3.99004,47.65716,194,165.811186046883,141,0.388,20.4,11.45,840.7,689,666,600,579,13,"GE BrightSpeed Excel"
1105667,24,3.99004,47.65716,194,134.587001661431,90,0.312,15.9,11.45,840.7,718,709,625,617,13,"GE BrightSpeed Excel"
1105721,14,4.19639,45.9443,373,236.873122924119,200,0.493,16.5,11.8,821,576,562,501,489,13,"GE BrightSpeed Excel"
1105733,6,0.34804,46.78806,68,239.026514950701,58,0.468,27,12.55,645.1,738,723,642,629,13,"GE BrightSpeed Excel"
1105790,12,3.01368,46.26352,346,202.418850498792,54,0.446,26,11.55,779.5,864,853,752,742,13,"GE BrightSpeed Excel"
1105883,20,1.60349,46.94694,180,138.893785714597,70,0.28,19.6,11.9,778.1,837,815,728,709,13,"GE BrightSpeed Excel"
1105933,7,2.82166,48.00966,132,243.333299003867,108,0.554,29.2,11.6,723.3,757,772,658,672,13,"GE BrightSpeed Excel"
1105933,9,2.82166,48.00966,132,217.492594684872,115,0.509,32,11.6,723.3,717,699,624,608,13,"GE BrightSpeed Excel"
1105953,3,-0.49641,43.40429,237,300.398187708314,125,0.573,27.8,13.65,1144.5,782,767,680,667,13,"GE BrightSpeed Excel"
1105966,7,0.2106,49.6097,74,146.430657807637,58,0.43,19.5,11.45,1005.6,728,723,633,629,13,"GE BrightSpeed Excel"
1105977,10,6.31734,49.20304,237,90.4424651164816,32,0.162,12.2,10.5,781,718,729,625,634,13,"GE BrightSpeed Excel"
1106000,12,5.86369,48.19155,360,232.566338870953,135,0.458,24.7,10,975.5,754,740,656,643,13,"GE BrightSpeed Excel"
1106040,6,5.78358,49.02171,225,299.321491695022,215,0.624,24,10.65,746.5,694,662,604,576,13,"GE BrightSpeed Excel"
1106089,5,0.81348,48.86397,188,61.3716727576125,18,0.127,14.6,10.95,696.8,740,719,644,626,13,"GE BrightSpeed Excel"
1106105,3,0.77014,45.78676,254,209.955722591832,66,0.509,20.5,12.3,991.6,747,736,650,640,13,"GE BrightSpeed Excel"
1106161,4,3.37179,48.7254,179,61.3716727576125,98,0.611,31.9,11.1,766.6,729,729,635,635,13,"GE BrightSpeed Excel"
1106161,7,3.37179,48.7254,179,243.333299003867,97,0.487,27.1,11.1,766.6,650,638,566,555,13,"GE BrightSpeed Excel"
1106175,6,6.89904,47.39916,438,272.404091362736,129,0.56,26,10.15,1162.6,771,757,671,658,13,"GE BrightSpeed Excel"
1106264,2,1.82731,45.50864,612,164.734490033591,60,0.344,23.8,10.5,1475.1,714,696,621,605,13,"GE BrightSpeed Excel"
1106264,3,1.82731,45.50864,612,170.117970100049,59,0.363,20.9,10.5,1475.1,706,676,614,588,13,"GE BrightSpeed Excel"
1106285,10,-3.9568,47.93136,46,173.348058139923,64,0.382,17.2,12.2,1156.4,731,694,636,604,13,"GE BrightSpeed Excel"
1106290,1,0.80526,43.14305,384,180.884930232963,56,0.321,18.4,12.5,858,842,816,733,710,13,"GE BrightSpeed Excel"
1106290,2,0.80526,43.14305,384,200.265458472209,59,0.357,24.8,12.5,858,717,724,624,630,13,"GE BrightSpeed Excel"
1106298,8,-0.4341,43.13617,414,135.663697674722,97,0.296,16.5,12.6,1470.5,730,706,635,614,13,"GE BrightSpeed Excel"
1106303,10,-4.20804,48.44086,90,206.725634551958,22,0.357,14.5,11.75,1308.8,828,815,720,709,13,"GE BrightSpeed Excel"
1106304,1,1.51728,47.43215,110,234.719730897536,122,0.525,22,11.9,716.4,737,698,642,607,13,"GE BrightSpeed Excel"
1106304,5,1.51728,47.43215,110,170.117970100049,56,0.312,23,11.9,716.4,794,771,691,671,13,"GE BrightSpeed Excel"
1106378,12,1.88131,45.16702,316,201.342154485501,127,0.506,20.9,11.85,1220.1,757,727,658,632,13,"GE BrightSpeed Excel"
1106378,16,1.88131,45.16702,316,217.492594684872,102,0.506,25.4,11.85,1220.1,663,643,577,559,13,"GE BrightSpeed Excel"
1106441,35,4.36473,47.70521,316,203.495546512084,138,0.372,20.8,10.9,890.9,771,718,671,624,13,"GE BrightSpeed Excel"
1106468,7,3.17057,49.7333,65,142.123873754471,36,0.296,16.3,11.1,689,840,867,731,754,13,"GE BrightSpeed Excel"
1106488,38,3.7353,47.08473,245,272.404091362736,114,0.5,21.5,11.5,993.5,726,695,632,605,13,"GE BrightSpeed Excel"
1106564,6,5.25239,47.36234,227,284.247747508942,154,0.621,31.4,11.35,822,729,700,635,609,13,"GE BrightSpeed Excel"
1106602,2,4.12316,50.02835,242,152.890833887386,57,0.286,22.6,10.15,975,658,640,573,557,13,"GE BrightSpeed Excel"
1106630,1,-0.86989,43.46577,126,141.04717774118,76,0.341,20.7,14.15,1291.2,834,825,725,718,13,"GE BrightSpeed Excel"
1106630,3,-0.86989,43.46577,126,155.044225913968,93,0.366,20.9,14.15,1291.2,789,792,687,689,13,"GE BrightSpeed Excel"
1106681,1,5.39875,45.75596,292,163.6577940203,71,0.318,16,12.05,1086,684,651,595,567,13,"GE BrightSpeed Excel"
1106681,2,5.39875,45.75596,292,148.58404983422,70,0.283,15.5,12.05,1086,680,672,591,585,13,"GE BrightSpeed Excel"
1106717,8,1.52474,45.20097,154,137.817089701305,91,0.321,19.7,12.75,1011.3,691,665,601,578,13,"GE BrightSpeed Excel"
1106717,12,1.52474,45.20097,154,109.822993355728,80,0.28,23.5,12.75,1011.3,789,759,686,660,13,"GE BrightSpeed Excel"
1106783,8,-0.40124,45.02618,43,202.418850498792,59,0.344,19.3,13.8,845.8,691,670,601,583,13,"GE BrightSpeed Excel"
1106816,9,-2.14589,47.45632,28,219.645986711455,126,0.484,21,12.5,882.2,776,754,675,656,13,"GE BrightSpeed Excel"
1106823,1,-1.91039,47.50123,26,137.817089701305,19,0.22,12.8,12.45,865.6,757,735,659,639,13,"GE BrightSpeed Excel"
1106823,9,-1.91039,47.50123,26,106.592905315853,20,0.21,12.6,12.45,865.6,757,765,659,666,13,"GE BrightSpeed Excel"
1106870,3,-0.5426,45.79678,82,148.58404983422,68,0.341,20.8,13.1,908.5,775,781,674,679,13,"GE BrightSpeed Excel"
1106892,8,0.90341,45.60858,333,158.274313953843,41,0.286,23,11.8,1187,741,732,645,637,13,"GE BrightSpeed Excel"
1106913,3,6.12918,48.88527,207,281.017659469068,112,0.592,31.7,10.7,715.1,622,637,541,554,13,"GE BrightSpeed Excel"
1106913,6,6.12918,48.88527,207,200.265458472209,114,0.487,32.2,10.7,715.1,691,681,601,592,13,"GE BrightSpeed Excel"
1107002,3,-4.23707,48.24076,59,213.185810631707,43,0.401,16.3,12,1211.3,827,812,719,707,13,"GE BrightSpeed Excel"
1107022,5,4.91537,48.61197,158,185.191714286129,135,0.414,26.3,11.35,895.8,694,684,604,595,13,"GE BrightSpeed Excel"
1107049,1,1.85004,45.83262,628,116.283169435476,30,0.239,14.3,10.15,1384.6,717,694,624,604,13,"GE BrightSpeed Excel"
1107049,3,1.85004,45.83262,628,97.9793372095217,32,0.341,15.4,10.15,1384.6,699,680,608,592,13,"GE BrightSpeed Excel"
1107084,12,4.73786,48.2919,268,127.050129568391,97,0.267,16.3,11,873.2,729,702,635,610,13,"GE BrightSpeed Excel"
1107148,5,0.88987,47.10212,136,260.56043521653,112,0.547,24.4,12.1,731.6,697,680,606,592,13,"GE BrightSpeed Excel"
1107177,1,3.48784,46.60161,259,179.808234219672,72,0.442,21.2,11.75,815.8,707,707,615,615,13,"GE BrightSpeed Excel"
1107317,2,2.47654,44.19654,443,67.8318488373612,18,0.111,6.4,11.95,931.2,852,853,741,742,13,"GE BrightSpeed Excel"
1107317,7,2.47654,44.19654,443,77.5221129569842,19,0.086,7.1,11.95,931.2,730,718,635,625,13,"GE BrightSpeed Excel"
1107342,12,-0.48226,43.11694,347,101.209425249396,26,0.213,19.5,12.9,1540.7,818,803,712,698,13,"GE BrightSpeed Excel"
1107362,13,1.7295,45.09433,374,144.277265781054,48,0.299,20.2,11.95,1182.3,856,836,744,728,13,"GE BrightSpeed Excel"
1107378,8,5.90645,46.8397,635,149.660745847511,126,0.315,20.2,9.4,1579,766,795,667,692,13,"GE BrightSpeed Excel"
1107381,8,0.48792,48.82341,274,351.002900333012,82,0.71,24.6,10.5,834.8,735,728,639,633,13,"GE BrightSpeed Excel"
1107398,3,2.70466,44.68163,665,288.554531562108,63,0.474,29,10.85,1259.8,794,757,690,658,13,"GE BrightSpeed Excel"
1107436,3,-0.4101,45.20598,66,66.7551528240698,32,0.095,7.1,13.5,902.8,813,786,707,684,13,"GE BrightSpeed Excel"
1107436,5,-0.4101,45.20598,66,68.9085448506527,34,0.115,9.1,13.5,902.8,720,738,627,642,13,"GE BrightSpeed Excel"
1107456,6,4.9848,46.77471,214,195.958674419043,93,0.42,22.5,11.85,858.7,779,750,678,653,13,"GE BrightSpeed Excel"
1107490,7,7.07048,47.53644,402,175.501450166506,85,0.341,22.8,10.4,1004.5,689,670,599,583,13,"GE BrightSpeed Excel"
1107496,9,2.10095,47.34486,127,186.26841029942,59,0.392,21.5,11.85,789,832,820,724,713,13,"GE BrightSpeed Excel"
1107496,11,2.10095,47.34486,127,263.790523256405,60,0.503,23.3,11.85,789,743,727,647,633,13,"GE BrightSpeed Excel"
1107546,4,2.12686,47.48883,114,94.7492491696474,25,0.188,9.9,11.8,779.5,741,720,645,627,13,"GE BrightSpeed Excel"
1107546,5,2.12686,47.48883,114,88.2890730898987,26,0.153,8.9,11.8,779.5,790,767,687,667,13,"GE BrightSpeed Excel"
1107558,16,3.90964,46.74055,295,152.890833887386,55,0.286,18,11.55,973.6,713,688,620,599,13,"GE BrightSpeed Excel"
1107563,22,5.19174,48.20979,332,225.029466777913,143,0.458,23.9,10.45,951.8,757,749,658,651,13,"GE BrightSpeed Excel"
1107681,1,3.00699,47.82887,189,169.041274086757,65,0.344,25.1,11.35,778.6,803,789,698,686,13,"GE BrightSpeed Excel"
1107681,6,3.00699,47.82887,189,270.250699336153,115,0.497,25,11.35,778.6,718,743,624,647,13,"GE BrightSpeed Excel"
1107735,4,4.04624,50.22697,191,175.501450166506,86,0.525,26.6,10.5,859.3,664,661,577,575,13,"GE BrightSpeed Excel"
1107740,11,0.67869,45.40751,143,264.867219269696,85,0.592,24.4,12.95,951.9,753,751,655,654,13,"GE BrightSpeed Excel"
1107740,12,0.67869,45.40751,143,259.483739203239,96,0.503,22.8,12.95,951.9,736,705,640,614,13,"GE BrightSpeed Excel"
1107784,1,3.03346,47.81073,190,148.58404983422,113,0.328,23.3,11.35,783.4,714,698,621,607,13,"GE BrightSpeed Excel"
1107792,6,1.49058,44.10343,87,71.0619368772356,9,0.131,9.4,14,740.1,796,791,693,689,13,"GE BrightSpeed Excel"
1107792,9,1.49058,44.10343,87,65.6784568107783,9,0.121,7.9,14,740.1,735,724,640,629,13,"GE BrightSpeed Excel"
1107805,2,2.23221,47.9027,124,233.643034884244,59,0.487,27.4,11.7,726.2,794,772,691,672,13,"GE BrightSpeed Excel"
1107805,5,2.23221,47.9027,124,172.271362126632,61,0.357,25.7,11.7,726.2,814,803,708,699,13,"GE BrightSpeed Excel"
1107968,12,-1.55445,48.45011,96,115.206473422185,18,0.204,15.3,11.65,897.4,692,666,602,580,13,"GE BrightSpeed Excel"
1108009,4,5.91266,49.30573,255,206.725634551958,169,0.487,22,10.4,914,575,576,500,501,13,"GE BrightSpeed Excel"
1108009,6,5.91266,49.30573,255,192.728586379169,166,0.423,15.6,10.4,914,684,634,595,552,13,"GE BrightSpeed Excel"
1108073,2,4.56875,47.48553,360,202.418850498792,90,0.395,21.5,10.85,940.4,864,845,751,735,13,"GE BrightSpeed Excel"
1108083,1,0.69729,45.64174,250,131.356913621557,53,0.331,19.3,12.25,1094,718,719,625,625,13,"GE BrightSpeed Excel"
1108083,6,0.69729,45.64174,250,187.345106312712,45,0.446,25.1,12.25,1094,819,813,712,707,13,"GE BrightSpeed Excel"
1108131,1,0.07109,47.14291,83,306.858363788063,67,0.471,26.3,12.45,665.2,786,752,684,655,13,"GE BrightSpeed Excel"
1108161,14,4.7476,46.74395,211,361.769860465926,113,0.63,25.5,11.9,787.8,708,700,616,609,13,"GE BrightSpeed Excel"
1108198,5,1.23557,43.74152,138,124.896737541808,64,0.29,18.3,13.7,655.8,706,688,614,599,13,"GE BrightSpeed Excel"
1108319,3,1.3237,49.24685,102,47.3746245848237,16,0.115,7.5,11.45,725.2,808,817,703,711,13,"GE BrightSpeed Excel"
1108340,2,-0.29003,47.51325,41,160.427705980426,71,0.318,22.2,12.4,691.6,876,905,762,788,13,"GE BrightSpeed Excel"
1108340,3,-0.29003,47.51325,41,192.728586379169,65,0.458,24.7,12.4,691.6,835,853,727,742,13,"GE BrightSpeed Excel"
1108360,1,2.92083,44.86059,781,165.811186046883,88,0.43,11.3,9.8,1010.9,800,787,696,685,13,"GE BrightSpeed Excel"
1108366,1,1.77915,43.94346,221,141.04717774118,23,0.251,18.7,13.3,786.6,804,785,700,683,13,"GE BrightSpeed Excel"
1108386,1,4.24394,47.31137,520,109.822993355728,64,0.201,18.2,10.35,988.7,701,709,610,616,13,"GE BrightSpeed Excel"
1108392,4,3.98781,47.58522,256,145.353961794345,33,0.29,24.9,11.4,871.3,807,777,702,676,13,"GE BrightSpeed Excel"
1108392,8,3.98781,47.58522,256,138.893785714597,29,0.28,21.3,11.4,871.3,743,733,647,638,13,"GE BrightSpeed Excel"
1108424,12,1.02731,43.09208,349,212.109114618415,57,0.363,21.5,12.55,944.9,832,789,723,687,13,"GE BrightSpeed Excel"
1108541,3,-2.37357,48.52833,73,234.719730897536,71,0.449,26.5,11.75,811.7,736,729,640,634,13,"GE BrightSpeed Excel"
1108541,19,-2.37357,48.52833,73,200.265458472209,57,0.427,22.6,11.75,811.7,773,743,673,646,13,"GE BrightSpeed Excel"
1108563,11,5.3688,49.41059,197,326.238892027309,127,0.649,23.5,10.55,845,702,680,610,592,13,"GE BrightSpeed Excel"
1108571,16,3.4908,50.41296,23,219.645986711455,59,0.414,22.7,11.3,740.4,781,759,680,660,13,"GE BrightSpeed Excel"
1108589,5,6.75819,47.62084,385,54.9114966778638,15,0.108,10.3,10.45,1268.9,766,768,666,668,13,"GE BrightSpeed Excel"
1108589,8,6.75819,47.62084,385,58.1415847177382,16,0.105,9.4,10.45,1268.9,786,778,684,677,13,"GE BrightSpeed Excel"
1108657,4,0.25543,45.11245,104,180.884930232963,111,0.519,18.6,13.15,877.7,688,677,599,589,13,"GE BrightSpeed Excel"
1108664,11,4.97593,48.73655,201,113.053081395602,47,0.271,21.9,10.95,977,704,686,613,597,13,"GE BrightSpeed Excel"
1108691,10,-4.07169,48.21381,51,189.498498339295,115,0.379,16.1,12,1196.8,734,702,638,611,13,"GE BrightSpeed Excel"
1108691,17,-4.07169,48.21381,51,195.958674419043,120,0.411,16,12,1196.8,820,802,713,698,13,"GE BrightSpeed Excel"
1108736,7,0.85028,44.72618,163,144.277265781054,50,0.414,22,13.25,898.3,798,788,694,686,13,"GE BrightSpeed Excel"
1108736,23,0.85028,44.72618,163,251.946867110199,56,0.516,23.3,13.25,898.3,782,774,681,674,13,"GE BrightSpeed Excel"
1108813,8,1.21758,45.28827,217,94.7492491696474,38,0.21,17.9,12.5,1018.8,644,631,560,549,13,"GE BrightSpeed Excel"
1108914,10,2.02511,46.73295,200,129.203521594974,71,0.274,19.1,11.95,810.4,705,684,614,595,13,"GE BrightSpeed Excel"
1108935,8,-0.84123,46.50907,38,89.3657691031902,33,0.194,15.6,12.95,895.1,843,836,734,727,13,"GE BrightSpeed Excel"
1108935,13,-0.84123,46.50907,38,71.0619368772356,35,0.159,17.1,12.95,895.1,734,732,638,637,13,"GE BrightSpeed Excel"
1108942,10,5.50943,49.01132,257,148.58404983422,109,0.302,15.4,10.3,836.6,817,798,711,694,13,"GE BrightSpeed Excel"
1108967,5,0.71715,47.58567,157,173.348058139923,69,0.369,21,11.7,745.5,755,754,657,656,13,"GE BrightSpeed Excel"
1108984,6,1.18382,44.46034,189,202.418850498792,106,0.462,23.4,13.3,842.6,803,795,698,691,13,"GE BrightSpeed Excel"
1109007,7,1.35299,44.83975,175,158.274313953843,62,0.404,22.4,13.3,839.7,844,838,735,729,13,"GE BrightSpeed Excel"
1109030,4,6.21061,47.78446,237,234.719730897536,125,0.506,31.7,10.9,1008.8,715,706,622,614,13,"GE BrightSpeed Excel"
1109030,6,6.21061,47.78446,237,191.651890365878,115,0.522,33,10.9,1008.8,720,719,626,626,13,"GE BrightSpeed Excel"
1109106,1,1.5933,47.68453,93,91.5191611297731,16,0.169,9.6,11.85,668.7,721,712,627,620,13,"GE BrightSpeed Excel"
1109254,2,0.43936,44.9358,72,50.604712624698,11,0.111,6.5,13.3,864.5,764,763,664,663,13,"GE BrightSpeed Excel"
1109268,2,2.0336,45.22152,454,153.967529900677,70,0.296,19.4,11.85,1260.3,758,698,660,608,13,"GE BrightSpeed Excel"
1109268,8,2.0336,45.22152,454,181.961626246255,68,0.414,15.5,11.85,1260.3,754,732,656,637,13,"GE BrightSpeed Excel"
1109408,1,2.77221,48.51337,88,191.651890365878,129,0.487,15.7,11.55,707.5,629,611,547,531,13,"GE BrightSpeed Excel"
1109408,9,2.77221,48.51337,88,300.398187708314,123,0.64,22,11.55,707.5,656,673,570,586,13,"GE BrightSpeed Excel"
1109410,19,6.05726,47.1231,491,230.41294684437,100,0.388,22,10.15,1327.2,774,790,673,688,13,"GE BrightSpeed Excel"
1109414,7,4.46922,48.31507,157,114.129777408893,45,0.22,22.2,11.35,789.1,741,741,645,644,13,"GE BrightSpeed Excel"
1109463,6,1.30717,45.95493,397,149.660745847511,65,0.404,19.1,11.2,1226.4,739,724,643,630,13,"GE BrightSpeed Excel"
1109466,6,1.10089,48.23796,206,243.333299003867,136,0.452,25,11.15,711.5,694,696,604,606,13,"GE BrightSpeed Excel"
1109472,6,1.96599,47.72229,118,273.480787376028,87,0.557,23.4,11.7,752.5,679,668,591,581,13,"GE BrightSpeed Excel"
1109482,1,2.62968,44.80777,723,228.259554817787,77,0.436,27.3,10.75,1193.3,792,761,689,662,13,"GE BrightSpeed Excel"
1109489,8,1.95211,45.95898,560,281.017659469068,85,0.484,22.1,10.55,1162.5,705,676,614,589,13,"GE BrightSpeed Excel"
1109489,13,1.95211,45.95898,560,288.554531562108,87,0.551,28.6,10.55,1162.5,666,654,580,569,13,"GE BrightSpeed Excel"
1109491,15,0.56037,45.90963,211,191.651890365878,64,0.401,20,12.3,945.3,703,686,611,597,13,"GE BrightSpeed Excel"
1109493,3,1.95968,44.86148,309,173.348058139923,173,0.35,10.1,12.45,1221.3,770,723,670,629,13,"GE BrightSpeed Excel"
1109503,17,1.97637,46.19298,389,146.430657807637,31,0.306,14.6,11.25,932,728,713,633,620,13,"GE BrightSpeed Excel"
1109517,3,3.59087,48.7952,181,276.710875415902,116,0.691,28.6,10.95,767.7,716,710,623,618,13,"GE BrightSpeed Excel"
1109538,12,1.51408,45.92064,428,184.115018272838,110,0.462,22.9,11.4,1156.4,715,691,622,601,13,"GE BrightSpeed Excel"
1109568,19,1.56614,47.72033,78,232.566338870953,71,0.633,28.4,11.9,654.8,763,760,664,661,13,"GE BrightSpeed Excel"
1109579,18,-4.05914,47.8897,33,125.973433555099,63,0.245,19,12.45,1027.9,799,776,695,675,13,"GE BrightSpeed Excel"
1109588,7,0.44233,49.32603,88,135.663697674722,75,0.503,24,11.2,900.4,789,786,687,684,13,"GE BrightSpeed Excel"
1109623,2,-4.4529,48.0299,74,227.182858804495,28,0.302,15.2,12.3,1022.7,888,861,773,750,13,"GE BrightSpeed Excel"
1109623,6,-4.4529,48.0299,74,141.04717774118,27,0.232,15.6,12.3,1022.7,838,789,729,686,13,"GE BrightSpeed Excel"
1109630,1,1.79625,46.0663,608,299.321491695022,43,0.516,25.3,10.55,1134,775,770,674,670,13,"GE BrightSpeed Excel"
1109630,2,1.79625,46.0663,608,375.766908638715,43,0.637,24.5,10.55,1134,743,747,646,650,13,"GE BrightSpeed Excel"
1109641,9,1.9028,45.6709,632,232.566338870953,77,0.576,23.8,10.2,1443.5,643,627,559,545,13,"GE BrightSpeed Excel"
1109644,3,1.76919,48.67462,156,136.740393688014,62,0.321,24,11.2,707.2,695,692,605,602,13,"GE BrightSpeed Excel"
1109644,10,1.76919,48.67462,156,155.044225913968,51,0.258,23.2,11.2,707.2,659,647,574,563,13,"GE BrightSpeed Excel"
1109715,13,6.08368,47.87865,266,163.6577940203,115,0.312,22.5,10.8,1005.8,624,591,543,514,13,"GE BrightSpeed Excel"
1109715,22,6.08368,47.87865,266,236.873122924119,145,0.471,22.5,10.8,1005.8,684,677,595,589,13,"GE BrightSpeed Excel"
1109777,2,6.19528,48.30715,378,237.94981893741,153,0.56,25.7,10.15,892.7,690,663,601,577,13,"GE BrightSpeed Excel"
1109874,2,-0.41599,43.7841,55,237.94981893741,92,0.471,26.3,14.1,989.7,730,702,635,611,13,"GE BrightSpeed Excel"
1109904,2,0.51003,45.87282,152,111.976385382311,46,0.258,28.5,12.55,939.2,750,753,653,655,13,"GE BrightSpeed Excel"
1109904,9,0.51003,45.87282,152,127.050129568391,38,0.274,23.7,12.55,939.2,742,734,645,639,13,"GE BrightSpeed Excel"
1109906,3,5.25616,46.462,213,175.501450166506,60,0.318,22.8,11.9,1092,658,647,572,563,13,"GE BrightSpeed Excel"
1109908,1,-0.93564,43.31989,141,219.645986711455,85,0.471,21.1,14.15,1306.1,711,676,618,588,13,"GE BrightSpeed Excel"
1109966,28,3.23606,47.16168,229,258.407043189947,118,0.446,24.4,11.55,922.3,674,637,587,554,13,"GE BrightSpeed Excel"
1109979,4,-4.46904,48.57045,19,176.578146179797,20,0.325,13.4,12,1029.8,853,848,742,738,13,"GE BrightSpeed Excel"
1110008,3,1.7306,47.32552,96,170.117970100049,54,0.299,19.7,11.95,719.1,773,763,672,664,13,"GE BrightSpeed Excel"
1110008,17,1.7306,47.32552,96,180.884930232963,69,0.334,19.4,11.95,719.1,822,774,715,674,13,"GE BrightSpeed Excel"
1110072,5,2.02091,47.45261,116,274.557483389319,65,0.49,28.3,11.85,767.8,748,709,651,616,13,"GE BrightSpeed Excel"
1110080,6,0.96207,48.39828,213,142.123873754471,16,0.197,12.2,11,754.3,750,749,653,651,13,"GE BrightSpeed Excel"
1110080,14,0.96207,48.39828,213,89.3657691031902,16,0.153,10.7,11,754.3,739,739,643,643,13,"GE BrightSpeed Excel"
1110113,19,0.94924,45.82511,288,171.19466611334,46,0.341,17.7,12.2,1001.8,721,733,628,638,13,"GE BrightSpeed Excel"
1110133,4,6.91446,47.57875,355,343.466028239972,141,0.729,24.8,10.7,1072.9,665,637,579,554,13,"GE BrightSpeed Excel"
1110193,2,0.66887,44.88551,120,195.958674419043,73,0.442,21.9,13.25,868.9,749,759,652,660,13,"GE BrightSpeed Excel"
1110214,6,4.52976,47.82818,258,243.333299003867,99,0.449,26,11,854.4,650,648,566,564,13,"GE BrightSpeed Excel"
1110214,13,4.52976,47.82818,258,186.26841029942,97,0.404,24.2,11,854.4,621,597,541,519,13,"GE BrightSpeed Excel"
1110327,3,2.80152,48.76496,117,233.643034884244,76,0.458,25.3,11.6,736.2,781,797,680,694,13,"GE BrightSpeed Excel"
1110327,7,2.80152,48.76496,117,55.9881926911553,101,0.614,25,11.6,736.2,622,623,541,542,13,"GE BrightSpeed Excel"
1110328,8,0.00222,45.08941,79,178.73153820638,38,0.264,20.2,13.4,837.2,720,703,627,612,13,"GE BrightSpeed Excel"
1110328,12,0.00222,45.08941,79,120.589953488642,37,0.264,20.8,13.4,837.2,659,648,573,564,13,"GE BrightSpeed Excel"
1110331,4,2.39237,47.59694,164,324.085500000726,92,0.63,26,11.55,780.1,717,707,624,615,13,"GE BrightSpeed Excel"
1110331,6,2.39237,47.59694,164,273.480787376028,101,0.583,24.2,11.55,780.1,684,664,595,578,13,"GE BrightSpeed Excel"
1110337,11,2.3391,45.31189,569,241.179906977284,59,0.481,22.3,11.15,1076.2,791,776,688,675,13,"GE BrightSpeed Excel"
1110352,8,0.83252,46.32753,153,181.961626246255,75,0.401,23,12.35,834.3,816,812,710,707,13,"GE BrightSpeed Excel"
1110447,1,2.79015,50.57903,22,241.179906977284,119,0.452,25,11.2,737.2,701,675,610,588,13,"GE BrightSpeed Excel"
1110447,4,2.79015,50.57903,22,277.787571429194,113,0.614,30.7,11.2,737.2,714,706,621,615,13,"GE BrightSpeed Excel"
1110495,1,1.34542,46.69308,132,187.345106312712,43,0.366,14,12.35,785.8,702,687,611,598,13,"GE BrightSpeed Excel"
1110495,10,1.34542,46.69308,132,199.188762458918,35,0.357,13.8,12.35,785.8,761,748,662,651,13,"GE BrightSpeed Excel"
1110510,14,-0.27631,43.44582,205,221.799378738038,48,0.43,28.5,13.6,1155.1,743,737,647,642,13,"GE BrightSpeed Excel"
1110527,1,1.77003,46.10216,518,354.232988372886,80,0.758,24.2,10.8,1086.3,624,621,543,540,13,"GE BrightSpeed Excel"
1110578,9,2.2627,45.2399,572,200.265458472209,55,0.42,23.6,11.05,1138.4,732,708,637,616,13,"GE BrightSpeed Excel"
1110578,10,2.2627,45.2399,572,184.115018272838,52,0.372,23.7,11.05,1138.4,722,706,628,614,13,"GE BrightSpeed Excel"
1110613,3,3.50928,46.38544,286,325.162196014017,97,0.573,26.5,11.85,792,738,722,642,628,13,"GE BrightSpeed Excel"
1110689,8,1.9852,44.82559,406,245.48669103045,69,0.541,24,12.5,1259.7,735,735,640,639,13,"GE BrightSpeed Excel"
1110705,4,-0.30497,47.27891,97,122.743345515225,50,0.242,14.2,12.55,670.5,844,872,734,758,13,"GE BrightSpeed Excel"
1110717,17,0.24935,45.27431,70,150.737441860803,54,0.344,19,13.35,843,748,728,650,634,13,"GE BrightSpeed Excel"
1110726,2,4.13596,45.67531,376,190.575194352586,67,0.325,23,11.85,631.2,771,787,671,685,13,"GE BrightSpeed Excel"
1110726,4,4.13596,45.67531,376,147.507353820928,69,0.277,18,11.85,631.2,716,692,623,602,13,"GE BrightSpeed Excel"
1110804,4,1.46245,49.15808,130,174.424754153215,75,0.296,20.7,11.35,725.6,774,785,673,683,13,"GE BrightSpeed Excel"
1110804,6,1.46245,49.15808,130,205.648938538667,93,0.554,21.6,11.35,725.6,723,757,629,659,13,"GE BrightSpeed Excel"
1110826,5,1.60933,46.51512,168,180.884930232963,110,0.512,19.3,12.05,832.6,763,747,664,650,13,"GE BrightSpeed Excel"
1110881,1,0.31714,46.91351,78,160.427705980426,56,0.29,23,12.4,668.1,730,740,635,644,13,"GE BrightSpeed Excel"
1110881,3,0.31714,46.91351,78,239.026514950701,79,0.484,26,12.4,668.1,745,724,648,630,13,"GE BrightSpeed Excel"
1110959,6,1.06748,47.39211,105,164.734490033591,155,0.436,22,12.05,716.1,667,679,580,591,13,"GE BrightSpeed Excel"
1110959,12,1.06748,47.39211,105,259.483739203239,119,0.563,27,12.05,716.1,722,717,628,624,13,"GE BrightSpeed Excel"
1110996,14,1.0741,44.8729,180,177.654842193089,97,0.395,23.7,13.1,912.8,845,811,736,705,13,"GE BrightSpeed Excel"
1111012,5,4.00189,48.0348,139,191.651890365878,65,0.35,21.5,11.35,768.5,666,630,580,548,13,"GE BrightSpeed Excel"
1111012,6,4.00189,48.0348,139,184.115018272838,65,0.433,28,11.35,768.5,688,686,599,597,13,"GE BrightSpeed Excel"
1111067,3,2.56081,49.70004,102,174.424754153215,72,0.306,16.5,11,662.8,779,773,678,672,13,"GE BrightSpeed Excel"
1111070,1,0.43248,47.36541,94,187.345106312712,46,0.318,21.4,12.05,731.8,968,882,842,768,13,"GE BrightSpeed Excel"
1111095,2,6.44092,47.30823,435,219.645986711455,144,0.493,24.1,10.2,1261.4,706,675,614,587,13,"GE BrightSpeed Excel"
1111120,3,2.28588,47.72286,137,82.9055930234415,24,0.181,10.1,11.65,742.4,824,806,717,701,13,"GE BrightSpeed Excel"
1111146,10,0.1312,46.96408,77,81.82889701015,27,0.14,14,12.5,646.9,788,761,686,662,13,"GE BrightSpeed Excel"
1111171,2,7.78409,48.78498,154,146.430657807637,75,0.433,17.2,11.2,778.1,703,702,611,610,13,"GE BrightSpeed Excel"
1111171,5,7.78409,48.78498,154,221.799378738038,68,0.465,18.7,11.2,778.1,738,732,642,637,13,"GE BrightSpeed Excel"
1111214,11,-1.52612,48.43304,29,216.415898671581,95,0.455,16.3,11.95,837.8,793,784,690,682,13,"GE BrightSpeed Excel"
1111233,9,5.84704,46.73347,573,195.958674419043,129,0.436,27.4,10,1576.6,644,665,560,578,13,"GE BrightSpeed Excel"
1111236,13,3.43345,46.49417,281,315.471931894394,112,0.586,22.8,11.75,783.4,763,739,664,643,13,"GE BrightSpeed Excel"
1111264,12,-3.74186,48.62812,121,173.348058139923,41,0.29,18.3,11.6,1004.1,673,669,586,582,13,"GE BrightSpeed Excel"
1111270,7,4.03237,47.31467,455,99.0560332228132,33,0.194,19,10.25,1223.3,723,734,629,638,13,"GE BrightSpeed Excel"
1111295,2,0.72224,46.54199,129,271.327395349445,121,0.535,24,12.4,772,737,702,641,610,13,"GE BrightSpeed Excel"
1111295,10,0.72224,46.54199,129,270.250699336153,115,0.535,23.5,12.4,772,635,591,552,514,13,"GE BrightSpeed Excel"
1111299,6,4.67066,48.59906,118,264.867219269696,105,0.519,28.4,11.4,772,696,701,606,610,13,"GE BrightSpeed Excel"
1111299,16,4.67066,48.59906,118,216.415898671581,146,0.439,20.6,11.4,772,742,719,646,626,13,"GE BrightSpeed Excel"
1111383,16,3.02296,47.00121,206,248.716779070324,93,0.554,29.7,11.75,806.6,673,653,586,568,13,"GE BrightSpeed Excel"
1111383,18,3.02296,47.00121,206,292.861315615274,109,0.56,29.1,11.75,806.6,681,664,593,578,13,"GE BrightSpeed Excel"
1111406,4,5.58207,49.29714,227,174.424754153215,138,0.407,20.5,10.45,805.8,697,674,606,587,13,"GE BrightSpeed Excel"
1111441,18,1.68618,48.80004,148,216.415898671581,72,0.43,22,11.3,654.4,745,748,648,651,13,"GE BrightSpeed Excel"
1111447,10,7.52163,48.88679,220,267.020611296279,120,0.589,29.1,10.85,815.8,687,685,598,596,13,"GE BrightSpeed Excel"
1111458,17,5.26184,46.08372,289,231.489642857661,98,0.497,28.5,11.75,1104.6,717,684,624,595,13,"GE BrightSpeed Excel"
1111467,23,6.94708,48.56829,317,152.890833887386,76,0.446,25.4,10.35,1043.4,742,745,645,648,13,"GE BrightSpeed Excel"
1111572,15,1.25235,42.86101,661,146.430657807637,65,0.255,17.7,10.95,1329.6,819,838,712,729,13,"GE BrightSpeed Excel"
1111615,3,0.7056,43.1955,407,89.3657691031902,25,0.162,16,12.55,873.7,790,752,688,654,13,"GE BrightSpeed Excel"
1111660,2,4.72567,48.61595,122,173.348058139923,121,0.436,18,11.4,789.5,679,661,591,575,13,"GE BrightSpeed Excel"
1111725,2,1.78352,44.77079,353,230.41294684437,115,0.452,21,12.55,1020.7,669,671,582,584,13,"GE BrightSpeed Excel"
1111749,29,0.17103,45.97481,136,159.351009967134,44,0.293,22.5,12.55,831.5,744,734,647,639,13,"GE BrightSpeed Excel"
1111751,8,4.9968,46.48637,210,114.129777408893,58,0.267,22.3,11.9,948.8,713,697,621,606,13,"GE BrightSpeed Excel"
1111770,1,1.98406,45.00548,541,236.873122924119,67,0.449,23.4,11.1,1414,772,743,672,646,13,"GE BrightSpeed Excel"
1111842,11,2.47593,43.9448,236,314.395235881103,75,0.649,27.5,13.15,942.9,763,745,664,648,13,"GE BrightSpeed Excel"
1111850,4,2.31274,47.25514,193,146.430657807637,66,0.353,25,11.5,887,766,747,666,650,13,"GE BrightSpeed Excel"
1111904,8,1.37663,47.88082,138,162.581098007009,113,0.458,20,11.6,664.1,728,720,633,626,13,"GE BrightSpeed Excel"
1111927,1,1.62067,47.63073,87,76.4454169436928,17,0.143,9.2,11.85,693.9,812,796,706,692,13,"GE BrightSpeed Excel"
1111927,2,1.62067,47.63073,87,101.209425249396,23,0.194,11.5,11.85,693.9,772,772,671,672,13,"GE BrightSpeed Excel"
1111946,6,2.208,46.85925,165,135.663697674722,53,0.334,21.2,12.1,753.8,737,728,642,633,13,"GE BrightSpeed Excel"
1111946,7,2.208,46.85925,165,203.495546512084,67,0.353,22,12.1,753.8,770,773,670,672,13,"GE BrightSpeed Excel"
1112014,2,6.25064,47.60302,303,229.336250831078,135,0.497,26,10.85,1035.4,747,738,650,642,13,"GE BrightSpeed Excel"
1112056,5,1.85415,45.36482,516,184.115018272838,38,0.369,14.2,11.2,1325,567,551,494,479,13,"GE BrightSpeed Excel"
1112192,9,2.71214,47.68629,185,136.740393688014,70,0.277,24.8,11.45,751.8,732,702,637,611,13,"GE BrightSpeed Excel"
1112192,14,2.71214,47.68629,185,214.262506644998,118,0.462,22.8,11.45,751.8,685,654,596,569,13,"GE BrightSpeed Excel"
1112207,3,0.35357,45.92417,132,167.964578073466,51,0.401,22.2,12.6,890.3,782,773,680,673,13,"GE BrightSpeed Excel"
1112209,5,4.7291,49.2812,110,202.418850498792,53,0.363,19,11,792.7,796,771,692,671,13,"GE BrightSpeed Excel"
1112209,7,4.7291,49.2812,110,142.123873754471,59,0.398,19.3,11,792.7,704,699,613,608,13,"GE BrightSpeed Excel"
1112218,1,0.93129,46.52676,133,102.286121262688,20,0.162,16.2,12.45,780.1,755,730,657,635,13,"GE BrightSpeed Excel"
1112229,7,2.95148,47.6493,201,120.589953488642,61,0.328,25.6,11.35,805.1,770,761,670,662,13,"GE BrightSpeed Excel"
1112234,11,-0.94584,43.06778,514,187.345106312712,87,0.325,21.3,12.15,1636.8,824,811,717,706,13,"GE BrightSpeed Excel"
1112277,6,1.99288,47.68639,110,225.029466777913,65,0.439,20.5,11.75,757.8,820,798,713,695,13,"GE BrightSpeed Excel"
1112332,9,5.42059,49.35534,210,282.094355482359,101,0.484,24.3,10.45,866.6,701,672,610,585,13,"GE BrightSpeed Excel"
1112332,22,5.42059,49.35534,210,223.952770764621,110,0.5,27.4,10.45,866.6,728,712,633,619,13,"GE BrightSpeed Excel"
1112353,2,-0.4646,45.27663,46,176.578146179797,76,0.309,17.4,13.55,918,902,903,785,785,13,"GE BrightSpeed Excel"
1112361,4,3.75357,46.77858,247,146.430657807637,106,0.423,22.2,11.75,914.3,618,599,538,521,13,"GE BrightSpeed Excel"
1112418,11,3.59235,49.9811,164,223.952770764621,84,0.376,24.6,10.4,847.1,838,786,729,684,13,"GE BrightSpeed Excel"
1112433,12,4.68238,47.05131,477,208.879026578541,77,0.344,15.3,10.5,910,807,785,702,683,13,"GE BrightSpeed Excel"
1112495,2,2.81821,47.63194,179,90.4424651164816,12,0.108,7.8,11.5,746.5,770,735,670,639,13,"GE BrightSpeed Excel"
1112495,3,2.81821,47.63194,179,174.424754153215,25,0.255,14.6,11.5,746.5,752,761,654,662,13,"GE BrightSpeed Excel"
1112506,12,3.69396,46.49136,264,223.952770764621,83,0.395,23.2,11.85,800.8,796,782,692,680,13,"GE BrightSpeed Excel"
1112509,4,-3.73301,47.85301,44,216.415898671581,32,0.36,15.8,12.4,1054,854,842,743,733,13,"GE BrightSpeed Excel"
1112537,1,2.28769,45.7617,786,72.138632890527,27,0.169,9.7,9,1117.3,714,703,621,612,13,"GE BrightSpeed Excel"
1112537,7,2.28769,45.7617,786,170.117970100049,67,0.325,17.8,9,1117.3,741,721,645,627,13,"GE BrightSpeed Excel"
1112539,4,5.29821,49.14263,254,253.02356312349,94,0.509,25.5,10.4,951.5,650,660,566,574,13,"GE BrightSpeed Excel"
1112542,3,2.67946,46.75085,187,235.796426910827,131,0.589,23.8,12.05,774.5,692,676,602,588,13,"GE BrightSpeed Excel"
1112542,7,2.67946,46.75085,187,189.498498339295,83,0.347,21.1,12.05,774.5,773,749,673,651,13,"GE BrightSpeed Excel"
1112601,4,5.73182,47.81739,241,180.884930232963,35,0.271,20,10.7,950.6,767,741,667,645,13,"GE BrightSpeed Excel"
1112660,6,7.59015,47.94672,199,104.43951328927,35,0.21,14.1,11.3,746.3,771,772,671,672,13,"GE BrightSpeed Excel"
1112723,2,2.8462,47.77572,153,310.088451827937,92,0.563,26,11.55,744,721,698,627,607,13,"GE BrightSpeed Excel"
1112723,5,2.8462,47.77572,153,391.917348838087,93,0.649,29.8,11.55,744,687,667,598,580,13,"GE BrightSpeed Excel"
1112741,1,1.13982,46.52915,125,93.672553156356,91,0.22,16.6,12.45,809.2,694,666,603,580,13,"GE BrightSpeed Excel"
1112765,5,-0.65851,43.20207,223,179.808234219672,57,0.363,24.8,13.75,1381.2,759,730,660,635,13,"GE BrightSpeed Excel"
1112802,3,3.0582,47.66667,215,211.032418605124,117,0.503,29,11.25,825.4,780,765,679,666,13,"GE BrightSpeed Excel"
1112802,11,3.0582,47.66667,215,191.651890365878,116,0.465,29,11.25,825.4,775,753,674,655,13,"GE BrightSpeed Excel"
1112866,7,3.64528,48.79462,208,278.864267442485,118,0.64,26.4,10.85,764.7,705,702,613,611,13,"GE BrightSpeed Excel"
1112912,12,0.78417,46.2009,195,209.955722591832,72,0.442,27.5,12.2,892.8,716,717,623,624,13,"GE BrightSpeed Excel"
1112921,3,0.77487,43.35831,251,120.589953488642,35,0.223,21.7,13.1,776.2,764,757,665,659,13,"GE BrightSpeed Excel"
1112921,5,0.77487,43.35831,251,117.359865448768,35,0.229,21.6,13.1,776.2,797,768,694,668,13,"GE BrightSpeed Excel"
1112937,1,-0.88441,48.99204,166,199.188762458918,109,0.516,19,11,1048.6,819,795,712,692,13,"GE BrightSpeed Excel"
1112937,8,-0.88441,48.99204,166,173.348058139923,103,0.353,20,11,1048.6,789,773,686,673,13,"GE BrightSpeed Excel"
1112945,5,2.23794,44.84409,570,87.2123770766073,14,0.115,7.6,11.15,1284.1,888,853,773,742,13,"GE BrightSpeed Excel"
1112945,6,2.23794,44.84409,570,85.0589850500244,14,0.092,6.8,11.15,1284.1,860,845,748,735,13,"GE BrightSpeed Excel"
1112965,5,-3.14653,47.88207,68,120.589953488642,24,0.21,12.7,12.1,1113.4,750,717,653,624,13,"GE BrightSpeed Excel"
1112965,6,-3.14653,47.88207,68,145.353961794345,18,0.245,13.4,12.1,1113.4,806,739,701,643,13,"GE BrightSpeed Excel"
1113035,3,2.49886,47.63282,142,151.814137874094,37,0.271,16.5,11.55,759.9,869,854,756,743,13,"GE BrightSpeed Excel"
1113084,1,3.41242,45.43266,573,225.029466777913,73,0.407,14.7,10.6,854.8,739,718,643,625,13,"GE BrightSpeed Excel"
1113093,2,1.2088,45.72004,299,162.581098007009,77,0.293,16.4,12.1,1007.4,751,734,654,638,13,"GE BrightSpeed Excel"
1113093,6,1.2088,45.72004,299,148.58404983422,92,0.293,16.2,12.1,1007.4,653,627,568,545,13,"GE BrightSpeed Excel"
1113292,7,-4.12533,48.21087,178,130.280217608265,36,0.232,9.3,11.55,1252.4,801,786,697,684,13,"GE BrightSpeed Excel"
1113293,7,0.59869,45.51428,190,223.952770764621,131,0.487,24.7,12.7,974.9,816,802,710,698,13,"GE BrightSpeed Excel"
1113303,7,-1.06926,43.49564,32,151.814137874094,69,0.274,18.5,14.4,1357.3,810,820,705,713,13,"GE BrightSpeed Excel"
1113344,7,-2.34333,48.49351,96,134.587001661431,108,0.315,17,11.6,820,735,694,639,604,13,"GE BrightSpeed Excel"
1113352,7,4.7396,46.5641,223,391.917348838087,142,0.796,26,11.75,809.9,735,723,639,629,13,"GE BrightSpeed Excel"
1113361,8,3.94952,48.95268,238,284.247747508942,117,0.761,32.5,10.75,783.3,691,684,601,595,13,"GE BrightSpeed Excel"
1113361,9,3.94952,48.95268,238,226.106162791204,105,0.442,28.3,10.75,783.3,685,688,596,599,13,"GE BrightSpeed Excel"
1113364,1,-3.22634,48.13071,228,216.415898671581,44,0.484,14,11.25,1194.4,793,767,690,667,13,"GE BrightSpeed Excel"
1113364,6,-3.22634,48.13071,228,155.044225913968,48,0.296,14.5,11.25,1194.4,795,744,692,647,13,"GE BrightSpeed Excel"
1113370,1,1.62353,45.43555,356,234.719730897536,117,0.538,21.4,11.85,1175.7,739,709,643,617,13,"GE BrightSpeed Excel"
1113376,14,-1.2008,44.82345,10,47.3746245848237,39,0.127,5.9,13.95,902.3,820,835,713,727,13,"GE BrightSpeed Excel"
1113408,13,-2.15271,47.85245,103,178.73153820638,40,0.274,18.6,12.05,900.5,784,762,682,663,13,"GE BrightSpeed Excel"
1113408,22,-2.15271,47.85245,103,262.713827243113,53,0.5,21.3,12.05,900.5,852,809,741,704,13,"GE BrightSpeed Excel"
1113413,3,1.61077,46.40716,235,159.351009967134,45,0.274,13.6,11.95,897.5,672,670,584,583,13,"GE BrightSpeed Excel"
1113413,6,1.61077,46.40716,235,188.421802326003,56,0.321,13.8,11.95,897.5,677,653,589,568,13,"GE BrightSpeed Excel"
1113450,13,0.49754,45.47666,155,198.112066445626,75,0.353,20,12.85,937,825,846,718,736,13,"GE BrightSpeed Excel"
1113450,14,0.49754,45.47666,155,172.271362126632,73,0.36,22.5,12.85,937,784,771,682,671,13,"GE BrightSpeed Excel"
1113462,15,2.45162,44.23254,602,239.026514950701,94,0.474,18.4,11.6,977,717,702,623,611,13,"GE BrightSpeed Excel"
1113463,1,-1.30796,46.85533,76,40.914448505075,14,0.076,8.1,12.45,864.1,735,730,640,635,13,"GE BrightSpeed Excel"
1113500,2,4.58852,47.95302,292,227.182858804495,139,0.474,24.9,10.8,919.3,759,748,661,651,13,"GE BrightSpeed Excel"
1113500,4,4.58852,47.95302,292,191.651890365878,139,0.411,24.1,10.8,919.3,673,636,586,554,13,"GE BrightSpeed Excel"
1113520,12,2.0832,45.50951,773,181.961626246255,68,0.398,20.4,9.6,1433.7,684,667,595,580,13,"GE BrightSpeed Excel"
1113559,8,3.196,47.95355,170,272.404091362736,110,0.589,25.1,11.4,757.4,733,716,638,623,13,"GE BrightSpeed Excel"
1113568,5,3.739,50.24883,147,178.73153820638,69,0.35,26.9,10.55,851.3,669,634,582,551,13,"GE BrightSpeed Excel"
1113578,3,2.19858,50.52596,176,79.6755049835671,21,0.143,11.2,10.35,1001.3,738,720,642,626,13,"GE BrightSpeed Excel"
1113651,22,1.75372,47.63147,105,237.94981893741,84,0.598,25.6,11.8,739.1,774,757,674,658,13,"GE BrightSpeed Excel"
1113722,13,1.3006,49.03098,121,127.050129568391,99,0.229,14.9,11.45,646.4,691,687,601,598,13,"GE BrightSpeed Excel"
1113812,4,0.93264,49.49448,79,244.409995017159,128,0.554,17.1,11.6,860.1,829,800,721,696,13,"GE BrightSpeed Excel"
1113860,5,-1.38519,43.41323,74,176.578146179797,123,0.395,23.1,14.65,1613.4,803,763,698,664,13,"GE BrightSpeed Excel"
1113860,6,-1.38519,43.41323,74,180.884930232963,129,0.455,23.4,14.65,1613.4,779,749,678,652,13,"GE BrightSpeed Excel"
1113861,1,2.33921,48.01066,142,258.407043189947,72,0.433,22.8,11.55,730.2,708,681,616,592,13,"GE BrightSpeed Excel"
1113922,4,-3.08689,48.60587,98,231.489642857661,84,0.427,23,11.6,838.8,743,716,646,623,13,"GE BrightSpeed Excel"
1113922,8,-3.08689,48.60587,98,234.719730897536,80,0.411,22.5,11.6,838.8,723,710,629,617,13,"GE BrightSpeed Excel"
1113942,19,-3.37005,48.21395,180,228.259554817787,70,0.621,16.3,11.2,1204.5,860,834,748,726,13,"GE BrightSpeed Excel"
1114026,6,2.80474,46.10262,609,204.572242525375,70,0.477,23.8,10,903.7,646,623,562,542,13,"GE BrightSpeed Excel"
1114026,9,2.80474,46.10262,609,189.498498339295,75,0.417,20.2,10,903.7,697,682,607,594,13,"GE BrightSpeed Excel"
1114071,21,0.24352,43.40322,265,176.578146179797,69,0.404,21.8,13.35,909.2,807,818,702,712,13,"GE BrightSpeed Excel"
1114152,10,2.88038,45.90435,803,169.041274086757,55,0.36,17.9,9.35,926.7,721,726,627,632,13,"GE BrightSpeed Excel"
1114152,11,2.88038,45.90435,803,152.890833887386,56,0.341,17.4,9.35,926.7,680,671,591,584,13,"GE BrightSpeed Excel"
1114263,6,5.4422,48.34741,395,237.94981893741,165,0.608,25,9.95,1083.7,649,672,565,585,13,"GE BrightSpeed Excel"
1114263,8,5.4422,48.34741,395,187.345106312712,145,0.379,22.5,9.95,1083.7,688,716,599,623,13,"GE BrightSpeed Excel"
1114319,4,0.65205,45.44311,182,176.578146179797,125,0.42,21.6,12.7,980.4,742,730,646,635,13,"GE BrightSpeed Excel"
1114565,11,3.22036,47.80947,217,262.713827243113,114,0.598,24.4,11.2,781.1,720,716,626,623,13,"GE BrightSpeed Excel"
1114579,8,4.99192,49.58127,243,273.480787376028,113,0.557,26,10.2,983.8,671,644,584,560,13,"GE BrightSpeed Excel"
1114586,1,1.47245,45.29054,156,221.799378738038,53,0.427,18,12.15,1097.4,706,709,615,617,13,"GE BrightSpeed Excel"
1114643,3,7.25813,48.98802,238,198.112066445626,69,0.404,20.8,10.45,929.9,829,819,721,712,13,"GE BrightSpeed Excel"
1114647,10,0.70874,46.99172,99,162.581098007009,52,0.318,18.1,12.35,691.2,849,843,738,733,13,"GE BrightSpeed Excel"
1114672,10,5.747,46.80854,556,173.348058139923,79,0.43,22.4,9.85,1478.5,747,757,650,658,13,"GE BrightSpeed Excel"
1114692,8,0.49986,49.25504,171,192.728586379169,126,0.497,19.5,10.95,905.9,798,796,695,692,13,"GE BrightSpeed Excel"
1114715,5,4.68277,46.45727,259,161.504401993717,69,0.331,21.3,11.65,862,873,862,759,750,13,"GE BrightSpeed Excel"
1114715,9,4.68277,46.45727,259,290.707923588691,88,0.554,21.9,11.65,862,810,798,705,694,13,"GE BrightSpeed Excel"
1114729,4,-1.10669,43.29656,156,75.3687209304014,10,0.14,9.8,14.15,1378.3,733,717,638,623,13,"GE BrightSpeed Excel"
1114729,8,-1.10669,43.29656,156,94.7492491696474,12,0.14,9.1,14.15,1378.3,744,701,647,610,13,"GE BrightSpeed Excel"
1114739,5,2.25927,47.68687,143,120.589953488642,24,0.229,12.3,11.6,760,781,766,679,667,13,"GE BrightSpeed Excel"
1114739,6,2.25927,47.68687,143,83.9822890367329,28,0.185,10.4,11.6,760,871,854,758,743,13,"GE BrightSpeed Excel"
1114760,4,0.49494,46.32255,132,137.817089701305,35,0.236,20.3,12.4,800.8,793,750,690,653,13,"GE BrightSpeed Excel"
1114801,1,3.10263,47.05469,249,198.112066445626,142,0.433,19.8,11.65,817,663,661,577,575,13,"GE BrightSpeed Excel"
1114801,12,3.10263,47.05469,249,237.94981893741,62,0.481,20.1,11.65,817,730,719,635,626,13,"GE BrightSpeed Excel"
1114816,1,3.26647,50.43281,20,231.489642857661,87,0.519,29.1,11.25,755.3,709,695,616,604,13,"GE BrightSpeed Excel"
1114816,2,3.26647,50.43281,20,226.106162791204,82,0.512,26.1,11.25,755.3,818,796,712,692,13,"GE BrightSpeed Excel"
1114820,7,-0.52733,43.52937,195,156.12092192726,60,0.411,25.2,13.9,1085.1,715,706,622,614,13,"GE BrightSpeed Excel"
1114820,16,-0.52733,43.52937,195,181.961626246255,66,0.42,26,13.9,1085.1,810,786,704,684,13,"GE BrightSpeed Excel"
1114858,18,0.73756,45.13844,191,189.498498339295,68,0.382,22.1,13,934.8,702,682,611,593,13,"GE BrightSpeed Excel"
1114864,12,2.54443,45.67155,742,258.407043189947,120,0.532,19.9,9.55,1041.9,765,748,665,651,13,"GE BrightSpeed Excel"
1114890,9,-1.34892,47.07017,41,223.952770764621,186,0.538,21.1,12.65,821.6,781,768,680,668,13,"GE BrightSpeed Excel"
1114949,10,-0.10646,48.72276,150,206.725634551958,42,0.382,15.2,11.05,747.5,712,725,619,631,13,"GE BrightSpeed Excel"
1115059,2,-3.19987,47.87955,52,239.026514950701,86,0.433,15.6,12.2,1113.9,865,809,752,704,13,"GE BrightSpeed Excel"
1115078,7,4.24915,46.71737,342,320.855411960851,67,0.586,25.6,11.4,931,826,804,719,699,13,"GE BrightSpeed Excel"
1115104,1,5.26139,48.01012,345,128.126825581682,91,0.29,16.7,10.35,951,794,784,691,682,13,"GE BrightSpeed Excel"
1115134,3,0.70793,45.28197,176,239.026514950701,117,0.547,27.5,13.1,944.8,832,816,724,709,13,"GE BrightSpeed Excel"
1115139,8,5.11557,48.80531,207,157.197617940551,69,0.302,17.7,10.9,976.3,769,763,669,664,13,"GE BrightSpeed Excel"
1115158,4,0.49164,47.18641,114,271.327395349445,62,0.497,26.3,12.1,742.2,674,653,586,568,13,"GE BrightSpeed Excel"
1115168,22,2.54309,45.3117,785,136.740393688014,82,0.271,16.9,9.85,1141,712,700,619,609,13,"GE BrightSpeed Excel"
1115186,1,1.4173,45.542,391,127.050129568391,24,0.216,15.8,11.65,1137.4,640,638,557,555,13,"GE BrightSpeed Excel"
1115198,7,4.49469,48.27862,184,220.722682724747,109,0.468,24.6,11.2,822.8,632,613,550,533,13,"GE BrightSpeed Excel"
1115198,8,4.49469,48.27862,184,179.808234219672,95,0.465,26.7,11.2,822.8,653,639,568,556,13,"GE BrightSpeed Excel"
1115256,1,1.76438,46.64197,181,288.554531562108,110,0.557,25,12.1,790.9,753,760,655,661,13,"GE BrightSpeed Excel"
1115321,2,2.33918,47.48902,165,101.209425249396,52,0.258,18.5,11.55,809.3,776,747,675,650,13,"GE BrightSpeed Excel"
1115321,4,2.33918,47.48902,165,96.9026411962303,41,0.296,18.4,11.55,809.3,743,719,647,625,13,"GE BrightSpeed Excel"
1115324,1,1.49044,49.12234,104,297.16809966844,186,1.05,29.2,11.35,714.5,784,792,682,689,13,"GE BrightSpeed Excel"
1115324,12,1.49044,49.12234,104,153.967529900677,190,0.662,29,11.35,714.5,741,742,645,645,13,"GE BrightSpeed Excel"
1115415,24,1.70393,47.34337,92,286.401139535525,137,0.608,26.4,11.9,718.2,775,754,675,656,13,"GE BrightSpeed Excel"
1115459,6,1.96436,44.16003,274,122.743345515225,77,0.223,7.8,13.25,829.5,775,736,674,640,13,"GE BrightSpeed Excel"
1115476,3,1.91153,42.88364,598,208.879026578541,72,0.388,23.9,11.55,1112.7,731,722,636,628,13,"GE BrightSpeed Excel"
1115479,8,2.28613,47.45303,158,160.427705980426,62,0.541,20,11.6,810.3,751,735,653,640,13,"GE BrightSpeed Excel"
1115518,10,0.51007,48.96758,177,180.884930232963,70,0.427,24.2,11,772.5,806,790,701,687,13,"GE BrightSpeed Excel"
1115518,18,0.51007,48.96758,177,235.796426910827,75,0.442,22.3,11,772.5,723,712,629,620,13,"GE BrightSpeed Excel"
1115521,3,1.77692,47.95537,122,234.719730897536,136,0.567,25.5,11.6,671.3,773,742,672,645,13,"GE BrightSpeed Excel"
1115521,8,1.77692,47.95537,122,183.038322259546,69,0.328,20,11.6,671.3,790,772,687,672,13,"GE BrightSpeed Excel"
1115611,1,0.50656,43.65973,246,143.200569767763,48,0.299,21.8,13.35,785.2,903,877,785,763,13,"GE BrightSpeed Excel"
1115618,6,1.35321,49.13927,77,242.256602990576,91,0.579,27.4,11.4,716.5,748,746,651,649,13,"GE BrightSpeed Excel"
1115755,5,1.55513,46.65872,156,141.04717774118,24,0.277,13.4,12.2,806.4,731,703,636,612,13,"GE BrightSpeed Excel"
1115755,8,1.55513,46.65872,156,76.4454169436928,17,0.134,11.5,12.2,806.4,666,652,579,568,13,"GE BrightSpeed Excel"
1115758,1,3.09096,48.09816,181,184.115018272838,117,0.446,25.1,11.35,752.2,750,740,653,644,13,"GE BrightSpeed Excel"
1115758,3,3.09096,48.09816,181,302.551579734897,131,0.637,29.5,11.35,752.2,726,719,631,626,13,"GE BrightSpeed Excel"
1115810,1,2.73919,47.74017,166,199.188762458918,86,0.49,23,11.5,766.9,674,667,586,580,13,"GE BrightSpeed Excel"
1115810,5,2.73919,47.74017,166,320.855411960851,70,0.611,26.1,11.5,766.9,679,655,591,570,13,"GE BrightSpeed Excel"
1115811,3,2.06741,48.74758,120,159.351009967134,70,0.312,25.3,11.5,682.4,732,743,637,647,13,"GE BrightSpeed Excel"
1115822,4,2.33919,47.57897,150,165.811186046883,66,0.271,22.7,11.6,784.5,753,734,655,638,13,"GE BrightSpeed Excel"
1115822,6,2.33919,47.57897,150,132.433609634848,65,0.277,21,11.6,784.5,701,668,610,581,13,"GE BrightSpeed Excel"
1115869,4,4.44062,46.93,512,299.321491695022,124,0.618,28.2,10.45,990.3,656,653,571,568,13,"GE BrightSpeed Excel"
1115884,5,-0.36535,45.33309,89,64.6017607974869,14,0.153,8.5,13.25,903.3,768,778,668,677,13,"GE BrightSpeed Excel"
1115884,8,-0.36535,45.33309,89,59.2182807310296,14,0.118,7.9,13.25,903.3,740,732,644,637,13,"GE BrightSpeed Excel"
1115912,2,0.92641,44.70919,225,235.796426910827,107,0.551,24.8,13,934.6,742,715,646,622,13,"GE BrightSpeed Excel"
1115939,7,-2.66232,47.57938,27,62.448368770904,13,0.118,10.5,12.55,880.9,754,740,656,644,13,"GE BrightSpeed Excel"
1115939,12,-2.66232,47.57938,27,71.0619368772356,13,0.099,10.2,12.55,880.9,728,698,634,607,13,"GE BrightSpeed Excel"
1115955,1,1.23123,45.88223,351,73.2153289038184,45,0.14,13.2,11.75,1087.7,706,690,614,601,13,"GE BrightSpeed Excel"
1115955,3,1.23123,45.88223,351,135.663697674722,94,0.29,19.6,11.75,1087.7,665,646,578,562,13,"GE BrightSpeed Excel"
1116001,11,4.88689,46.92095,205,391.917348838087,127,0.694,30,11.85,747.9,766,722,666,628,13,"GE BrightSpeed Excel"
1116015,1,1.51839,49.08659,106,227.182858804495,63,0.462,25.4,11.35,682.6,816,814,710,708,13,"GE BrightSpeed Excel"
1116015,7,1.51839,49.08659,106,223.952770764621,119,0.477,26,11.35,682.6,767,816,667,710,13,"GE BrightSpeed Excel"
1116020,5,5.07105,45.89045,280,86.1356810633158,32,0.175,15.5,12.15,956.8,740,728,644,633,13,"GE BrightSpeed Excel"
1116025,5,5.73971,48.77109,247,185.191714286129,45,0.283,12.6,10.55,857.9,704,715,612,622,13,"GE BrightSpeed Excel"
1116037,7,0.38383,45.79871,99,213.185810631707,110,0.474,20.2,12.85,865.1,757,733,659,637,13,"GE BrightSpeed Excel"
1116037,8,0.38383,45.79871,99,230.41294684437,92,0.506,23.8,12.85,865.1,812,799,707,695,13,"GE BrightSpeed Excel"
1116051,18,2.13471,45.41966,515,159.351009967134,88,0.312,23.1,10.8,1276.2,724,720,630,626,13,"GE BrightSpeed Excel"
1116109,3,1.91368,47.59619,119,199.188762458918,58,0.328,15.5,11.75,764.8,778,738,676,642,13,"GE BrightSpeed Excel"
1116109,5,1.91368,47.59619,119,101.209425249396,47,0.21,16.2,11.75,764.8,739,743,643,647,13,"GE BrightSpeed Excel"
1116136,6,0.80467,47.31695,88,159.351009967134,76,0.28,15.2,12.2,702.4,769,779,669,678,13,"GE BrightSpeed Excel"
1116136,12,0.80467,47.31695,88,153.967529900677,78,0.261,17,12.2,702.4,739,748,643,651,13,"GE BrightSpeed Excel"
1116140,6,1.87983,45.34693,542,159.351009967134,81,0.328,21.1,10.95,1350,675,644,587,560,13,"GE BrightSpeed Excel"
1116198,5,1.83355,47.63185,129,288.554531562108,82,0.598,20.5,11.7,760.3,803,753,699,655,13,"GE BrightSpeed Excel"
1116198,7,1.83355,47.63185,129,195.958674419043,83,0.452,22,11.7,760.3,788,754,686,656,13,"GE BrightSpeed Excel"
1116278,2,4.93158,46.75792,191,93.672553156356,28,0.185,14,12,837.7,787,791,684,688,13,"GE BrightSpeed Excel"
1116283,4,1.95377,49.41222,120,167.964578073466,108,0.477,23.1,10.9,764.1,793,785,690,683,13,"GE BrightSpeed Excel"
1116283,8,1.95377,49.41222,120,237.94981893741,113,0.528,25.3,10.9,764.1,738,751,642,653,13,"GE BrightSpeed Excel"
1116296,6,5.03688,48.3394,299,106.592905315853,115,0.334,22.5,10.55,979.3,746,728,649,633,13,"GE BrightSpeed Excel"
1116296,21,5.03688,48.3394,299,198.112066445626,135,0.334,22,10.55,979.3,797,732,693,637,13,"GE BrightSpeed Excel"
1116317,5,-2.26707,48.55054,41,171.19466611334,65,0.286,18,11.95,767.8,773,756,673,657,13,"GE BrightSpeed Excel"
1116437,3,2.54892,46.84113,166,221.799378738038,145,0.547,27.6,12.05,772.9,758,750,660,653,13,"GE BrightSpeed Excel"
1116438,2,-1.9685,48.21963,110,333.775764120349,72,0.633,25.5,11.75,795.4,698,677,607,589,13,"GE BrightSpeed Excel"
1116515,10,5.24261,47.18255,204,187.345106312712,50,0.404,26.2,11.55,828.9,737,738,641,642,13,"GE BrightSpeed Excel"
1116528,13,3.03086,47.61287,230,259.483739203239,126,0.557,28.6,11.25,848.7,793,775,690,674,13,"GE BrightSpeed Excel"
1116554,22,1.89864,46.19271,365,52.7581046512809,90,0.611,12.2,11.35,950.9,640,639,557,556,13,"GE BrightSpeed Excel"
1116621,9,2.4768,49.35885,151,253.02356312349,127,0.471,20.9,10.95,681.2,682,668,593,582,13,"GE BrightSpeed Excel"
1116640,8,1.28118,47.3043,126,94.7492491696474,39,0.175,12,11.9,717.5,723,721,629,627,13,"GE BrightSpeed Excel"
1116646,1,2.56523,50.68729,20,172.271362126632,61,0.382,22,11.1,771.9,825,796,718,693,13,"GE BrightSpeed Excel"
1116650,4,5.96788,48.53038,363,170.117970100049,52,0.372,17.8,10.2,895.5,691,662,601,576,13,"GE BrightSpeed Excel"
1116650,5,5.96788,48.53038,363,152.890833887386,52,0.239,17.2,10.2,895.5,777,785,676,683,13,"GE BrightSpeed Excel"
1116687,22,4.89519,46.54271,207,222.87607475133,88,0.462,29.7,11.75,909.6,745,734,648,639,13,"GE BrightSpeed Excel"
1116692,15,0.50697,47.51057,125,149.660745847511,37,0.296,19.2,11.85,744.2,824,825,717,718,13,"GE BrightSpeed Excel"
1116751,3,1.64867,47.52296,102,187.345106312712,110,0.449,19.5,11.9,710.5,714,696,621,605,13,"GE BrightSpeed Excel"
1116751,7,1.64867,47.52296,102,237.94981893741,115,0.535,19.4,11.9,710.5,820,796,713,693,13,"GE BrightSpeed Excel"
1116812,2,3.87837,49.31311,110,150.737441860803,91,0.353,25.8,10.95,720.6,753,767,655,667,13,"GE BrightSpeed Excel"
1116819,2,0.41081,45.76318,106,117.359865448768,30,0.236,16.5,12.95,878.5,796,797,693,693,13,"GE BrightSpeed Excel"
1116819,9,0.41081,45.76318,106,137.817089701305,28,0.191,14.9,12.95,878.5,824,791,717,688,13,"GE BrightSpeed Excel"
1116821,3,2.9459,49.48315,51,66.7551528240698,170,0.847,26.1,11.35,675.7,584,585,508,509,13,"GE BrightSpeed Excel"
1116841,13,0.74007,48.59331,257,149.660745847511,49,0.28,17,10.6,822.2,646,617,562,537,13,"GE BrightSpeed Excel"
1116885,13,2.20189,44.07067,314,81.82889701015,24,0.172,10.7,13.05,863.8,820,788,714,685,13,"GE BrightSpeed Excel"
1116895,1,2.59328,50.65136,18,203.495546512084,83,0.49,28.2,11.1,742.7,760,754,661,656,13,"GE BrightSpeed Excel"
1116906,7,-0.04093,43.72102,124,103.362817275979,11,0.197,12.3,14.05,917.3,811,832,706,724,13,"GE BrightSpeed Excel"
1116919,5,3.27122,47.66516,254,286.401139535525,116,0.541,26.2,11.15,844.2,751,742,653,645,13,"GE BrightSpeed Excel"
1116919,13,3.27122,47.66516,254,235.796426910827,112,0.512,27,11.15,844.2,771,755,671,657,13,"GE BrightSpeed Excel"
1116922,14,3.02642,47.27108,175,183.038322259546,106,0.392,25.4,11.9,802.1,640,630,557,548,13,"GE BrightSpeed Excel"
1116934,1,4.22523,49.77535,225,156.12092192726,16,0.248,10.5,10.15,1022.1,785,811,683,705,13,"GE BrightSpeed Excel"
1116981,2,-1.60145,47.27797,48,128.126825581682,22,0.318,11.6,12.5,922.7,806,772,701,672,13,"GE BrightSpeed Excel"
1116981,3,-1.60145,47.27797,48,136.740393688014,21,0.271,14.3,12.5,922.7,738,730,642,635,13,"GE BrightSpeed Excel"
1117021,4,2.87989,48.45898,124,289.631227575399,76,0.551,25.9,11.4,745.6,627,627,546,546,13,"GE BrightSpeed Excel"
1117021,5,2.87989,48.45898,124,314.395235881103,75,0.506,25.5,11.4,745.6,683,694,594,604,13,"GE BrightSpeed Excel"
1117026,6,-1.21834,47.88465,106,231.489642857661,140,0.427,29,11.9,805.9,704,726,612,632,13,"GE BrightSpeed Excel"
1117045,5,3.77867,50.16758,132,160.427705980426,38,0.302,23.7,10.6,855.8,788,775,686,674,13,"GE BrightSpeed Excel"
1117094,6,3.69481,45.48357,626,109.822993355728,56,0.248,15.4,9.9,895.4,728,712,634,619,13,"GE BrightSpeed Excel"
1117094,8,3.69481,45.48357,626,67.8318488373612,58,0.185,12,9.9,895.4,668,653,581,568,13,"GE BrightSpeed Excel"
1117191,10,4.02697,47.98047,220,227.182858804495,75,0.433,29,11.15,807.8,774,748,673,651,13,"GE BrightSpeed Excel"
1117191,13,4.02697,47.98047,220,186.26841029942,65,0.328,30,11.15,807.8,786,771,684,671,13,"GE BrightSpeed Excel"
1117203,1,-4.34831,48.05398,82,149.660745847511,29,0.306,11.5,12.2,1096,852,825,741,718,13,"GE BrightSpeed Excel"
1117206,6,-0.11452,43.12598,419,176.578146179797,87,0.442,18.2,12.6,1417.6,740,723,644,629,13,"GE BrightSpeed Excel"
1117223,4,6.02275,47.77255,212,228.259554817787,119,0.512,34.5,11.15,951.2,714,685,621,596,13,"GE BrightSpeed Excel"
1117261,5,2.10939,45.36563,598,237.94981893741,59,0.417,23.6,10.8,1292.5,678,649,590,565,13,"GE BrightSpeed Excel"
1117295,1,3.39421,50.49459,22,180.884930232963,16,0.255,10.4,11.3,780.9,718,691,625,601,13,"GE BrightSpeed Excel"
1117295,3,3.39421,50.49459,22,159.351009967134,14,0.223,10.9,11.3,780.9,695,688,604,599,13,"GE BrightSpeed Excel"
1117317,10,-0.68685,43.7409,75,282.094355482359,51,0.452,21.7,14.2,1093,778,782,677,680,13,"GE BrightSpeed Excel"
1117329,3,3.51524,47.86082,110,195.958674419043,73,0.376,23.4,11.85,697.9,665,648,578,564,13,"GE BrightSpeed Excel"
1117329,7,3.51524,47.86082,110,144.277265781054,68,0.325,24,11.85,697.9,670,636,583,554,13,"GE BrightSpeed Excel"
1117332,7,0.7979,46.63302,138,133.51030564814,79,0.299,23.5,12.4,772,811,791,706,688,13,"GE BrightSpeed Excel"
1117332,12,0.7979,46.63302,138,200.265458472209,75,0.344,24,12.4,772,761,721,662,627,13,"GE BrightSpeed Excel"
1117347,2,1.85062,48.67498,171,102.286121262688,47,0.248,16.8,11.15,718.5,766,754,666,656,13,"GE BrightSpeed Excel"
1117347,6,1.85062,48.67498,171,142.123873754471,46,0.341,18,11.15,718.5,788,794,685,691,13,"GE BrightSpeed Excel"
1117354,1,6.91508,48.82163,252,221.799378738038,171,0.462,27.5,10.55,867.5,625,613,544,533,13,"GE BrightSpeed Excel"
1117447,2,2.2333,47.34505,151,95.8259451829389,38,0.153,16.8,11.7,823.4,708,699,616,608,13,"GE BrightSpeed Excel"
1117447,6,2.2333,47.34505,151,92.5958571430645,38,0.188,17.7,11.7,823.4,750,753,652,655,13,"GE BrightSpeed Excel"
1117474,2,3.67402,45.68177,562,305.781667774771,77,0.497,20,10.5,1020.9,662,653,576,568,13,"GE BrightSpeed Excel"
1117485,2,1.78071,47.59563,121,184.115018272838,46,0.404,19.5,11.75,752,720,703,627,611,13,"GE BrightSpeed Excel"
1117493,6,2.23099,48.51413,141,146.430657807637,64,0.293,20,11.65,681.1,770,759,670,660,13,"GE BrightSpeed Excel"
1117525,5,1.26897,47.91586,138,174.424754153215,60,0.404,20.1,11.55,658.7,782,770,680,670,13,"GE BrightSpeed Excel"
1117525,11,1.26897,47.91586,138,145.353961794345,59,0.369,16.2,11.55,658.7,782,783,680,681,13,"GE BrightSpeed Excel"
1117685,2,-2.24852,47.7226,70,152.890833887386,21,0.293,14.7,12.2,904.4,713,702,621,611,13,"GE BrightSpeed Excel"
1117685,4,-2.24852,47.7226,70,95.8259451829389,19,0.264,11.6,12.2,904.4,734,729,639,635,13,"GE BrightSpeed Excel"
1117813,6,-0.08943,44.27762,117,118.436561462059,35,0.229,16.2,13.4,894.9,768,776,669,675,13,"GE BrightSpeed Excel"
1117813,9,-0.08943,44.27762,117,62.448368770904,31,0.172,16,13.4,894.9,772,778,672,677,13,"GE BrightSpeed Excel"
1117892,11,2.55886,49.25092,94,337.005852160223,136,0.659,29,11.3,703.7,738,734,642,639,13,"GE BrightSpeed Excel"
1117904,5,0.33698,45.67189,95,80.7522009968586,19,0.14,10.4,13.05,891.2,771,774,671,673,13,"GE BrightSpeed Excel"
1117928,1,3.13221,49.0508,193,223.952770764621,120,0.532,33.2,10.95,768.4,760,787,661,685,13,"GE BrightSpeed Excel"
1117928,5,3.13221,49.0508,193,255.176955150073,126,0.522,27.1,10.95,768.4,636,637,553,554,13,"GE BrightSpeed Excel"
1117931,7,6.03597,48.72625,260,151.814137874094,201,0.366,20,10.5,785.6,668,646,581,562,13,"GE BrightSpeed Excel"
1117931,12,6.03597,48.72625,260,160.427705980426,203,0.43,21.3,10.5,785.6,603,589,525,512,13,"GE BrightSpeed Excel"
1117955,1,4.08814,46.59397,285,335.929156146932,85,0.598,32,11.5,867.6,727,725,633,631,13,"GE BrightSpeed Excel"
1118043,7,6.46146,49.28813,259,273.480787376028,172,0.535,21.5,10.5,816.3,668,677,582,589,13,"GE BrightSpeed Excel"
1118043,8,6.46146,49.28813,259,216.415898671581,201,0.547,23.7,10.5,816.3,679,646,591,562,13,"GE BrightSpeed Excel"
1118052,2,2.55359,44.73599,326,64.6017607974869,43,0.076,6.6,12.3,1135.2,772,729,672,634,13,"GE BrightSpeed Excel"
1118052,3,2.55359,44.73599,326,161.504401993717,52,0.213,8.3,12.3,1135.2,837,798,728,694,13,"GE BrightSpeed Excel"
1118074,19,6.28466,46.26878,459,77.5221129569842,23,0.146,16,10.9,1070.4,765,748,666,651,13,"GE BrightSpeed Excel"
1118091,2,3.89041,47.89242,228,122.743345515225,74,0.376,18.4,11.25,780.4,751,735,654,639,13,"GE BrightSpeed Excel"
1118113,9,2.90783,46.06616,437,255.176955150073,155,0.516,8.9,11.15,784.2,632,626,550,544,13,"GE BrightSpeed Excel"
1118152,2,0.79343,44.04184,194,99.0560332228132,61,0.204,19.4,13.75,744.4,853,844,742,734,13,"GE BrightSpeed Excel"
1118152,3,0.79343,44.04184,194,314.395235881103,143,0.716,25,13.75,744.4,858,846,747,736,13,"GE BrightSpeed Excel"
1118183,4,3.38927,45.55884,513,211.032418605124,102,0.392,16,11.05,792,662,665,576,579,13,"GE BrightSpeed Excel"
1118183,7,3.38927,45.55884,513,92.5958571430645,79,0.204,14.2,11.05,792,734,737,638,641,13,"GE BrightSpeed Excel"
1118201,2,4.85526,47.92959,264,202.418850498792,142,0.401,19.6,10.75,901.3,690,670,600,583,13,"GE BrightSpeed Excel"
1118201,3,4.85526,47.92959,264,214.262506644998,139,0.442,18.7,10.75,901.3,653,615,568,535,13,"GE BrightSpeed Excel"
1118206,1,0.29061,49.68295,90,97.9793372095217,85,0.611,12.3,11.25,1014.1,709,704,617,613,13,"GE BrightSpeed Excel"
1118206,2,0.29061,49.68295,90,282.094355482359,85,0.586,17.5,11.25,1014.1,796,757,693,658,13,"GE BrightSpeed Excel"
1118207,1,2.23295,47.52495,150,370.383428572258,95,0.675,25,11.65,795.6,702,669,611,582,13,"GE BrightSpeed Excel"
1118207,4,2.23295,47.52495,150,253.02356312349,76,0.614,23.1,11.65,795.6,742,742,646,645,13,"GE BrightSpeed Excel"
1118227,10,-1.85422,48.47586,56,246.563387043742,137,0.516,23.5,11.85,832.9,649,645,565,561,13,"GE BrightSpeed Excel"
1118229,3,-0.57771,44.51766,74,165.811186046883,60,0.427,22.1,13.5,958.6,764,796,665,693,13,"GE BrightSpeed Excel"
1118234,2,1.97651,44.21402,310,152.890833887386,72,0.296,22.2,12.95,895.6,765,735,665,639,13,"GE BrightSpeed Excel"
1118234,3,1.97651,44.21402,310,178.73153820638,72,0.312,18,12.95,895.6,843,848,734,738,13,"GE BrightSpeed Excel"
1118282,13,-4.00344,48.54224,118,235.796426910827,35,0.404,12,11.55,1088.8,834,776,726,675,13,"GE BrightSpeed Excel"
1118282,15,-4.00344,48.54224,118,202.418850498792,31,0.309,12.7,11.55,1088.8,792,811,689,705,13,"GE BrightSpeed Excel"
1118325,9,0.03044,43.18312,423,192.728586379169,96,0.547,24.1,12.95,1106.1,765,751,666,653,13,"GE BrightSpeed Excel"
1118326,5,-0.20554,43.51945,249,146.430657807637,32,0.325,19.5,13.6,1069.5,753,736,655,640,13,"GE BrightSpeed Excel"
1118396,6,3.00128,49.50083,63,187.345106312712,94,0.576,31.5,11.3,684.7,701,686,609,597,13,"GE BrightSpeed Excel"
1118413,19,1.31723,46.8008,105,264.867219269696,71,0.487,24.3,12.4,764.4,697,672,606,584,13,"GE BrightSpeed Excel"
1118483,7,1.09493,48.48967,199,283.171051495651,108,0.614,26.9,10.9,706.1,757,740,659,644,13,"GE BrightSpeed Excel"
1118492,4,2.55363,48.01046,101,237.94981893741,81,0.474,23.5,11.75,673.4,733,734,638,638,13,"GE BrightSpeed Excel"
1118492,5,2.55363,48.01046,101,193.805282392461,82,0.388,19,11.75,673.4,719,702,626,610,13,"GE BrightSpeed Excel"
1118507,5,0.84972,45.69786,371,183.038322259546,42,0.328,19.6,11.8,1149.7,764,751,664,654,13,"GE BrightSpeed Excel"
1118507,6,0.84972,45.69786,371,146.430657807637,47,0.296,19.6,11.8,1149.7,721,695,627,604,13,"GE BrightSpeed Excel"
1118522,3,1.05175,45.84433,300,271.327395349445,100,0.519,17.7,12.1,1003.2,698,699,608,609,13,"GE BrightSpeed Excel"
1118522,4,1.05175,45.84433,300,200.265458472209,87,0.509,20.3,12.1,1003.2,728,717,633,624,13,"GE BrightSpeed Excel"
1118556,20,0.14106,45.43422,95,67.8318488373612,17,0.159,17.3,12.9,892.1,690,693,600,603,13,"GE BrightSpeed Excel"
1118575,20,3.37502,48.88717,151,281.017659469068,76,0.544,20.3,11.05,786.5,732,713,637,621,13,"GE BrightSpeed Excel"
1118578,5,4.67644,47.5194,463,169.041274086757,131,0.379,22.1,10.35,979.4,668,707,582,615,13,"GE BrightSpeed Excel"
1118590,12,5.21241,48.58714,292,181.961626246255,88,0.423,22.8,10.45,1096,735,730,639,635,13,"GE BrightSpeed Excel"
1118601,1,5.06947,46.37662,194,141.04717774118,40,0.236,18,12,996.2,752,738,655,642,13,"GE BrightSpeed Excel"
1118601,5,5.06947,46.37662,194,79.6755049835671,40,0.188,16.6,12,996.2,748,755,650,656,13,"GE BrightSpeed Excel"
1118621,1,2.12579,47.75866,132,40.914448505075,12,0.089,6.7,11.7,746.5,795,793,692,690,13,"GE BrightSpeed Excel"
1118642,6,2.36462,45.36586,441,116.283169435476,64,0.271,16.9,11.2,1079.1,737,720,641,627,13,"GE BrightSpeed Excel"
1118642,10,2.36462,45.36586,441,162.581098007009,66,0.315,18.4,11.2,1079.1,820,803,713,699,13,"GE BrightSpeed Excel"
1118704,16,4.80915,47.51665,416,146.430657807637,110,0.296,15.8,10.35,950.8,795,821,692,714,13,"GE BrightSpeed Excel"
1118707,1,0.13717,44.24643,118,57.0648887044467,24,0.121,7.3,13.6,826.5,815,789,709,686,13,"GE BrightSpeed Excel"
1118715,3,-1.1641,46.6617,53,141.04717774118,70,0.258,8.9,12.7,932.5,721,698,628,607,13,"GE BrightSpeed Excel"
1118715,4,-1.1641,46.6617,53,95.8259451829389,63,0.229,7.5,12.7,932.5,729,726,634,632,13,"GE BrightSpeed Excel"
1118734,8,0.31971,49.64751,100,206.725634551958,63,0.404,24.1,11.15,1080.6,812,818,707,711,13,"GE BrightSpeed Excel"
1118734,10,0.31971,49.64751,100,211.032418605124,49,0.417,24.5,11.15,1080.6,779,775,677,675,13,"GE BrightSpeed Excel"
1118810,1,5.14186,45.76267,242,197.035370432335,87,0.474,15,12.45,920.6,712,701,620,610,13,"GE BrightSpeed Excel"
1118810,3,5.14186,45.76267,242,340.235940200098,83,0.688,20.5,12.45,920.6,689,679,600,591,13,"GE BrightSpeed Excel"
1118821,1,1.8327,47.72179,113,143.200569767763,52,0.306,17.4,11.75,732,774,753,674,655,13,"GE BrightSpeed Excel"
1118860,3,4.01289,50.06583,194,276.710875415902,100,0.512,24.5,10.4,896.7,652,636,567,554,13,"GE BrightSpeed Excel"
1118860,20,4.01289,50.06583,194,216.415898671581,64,0.423,24.7,10.4,896.7,773,761,673,662,13,"GE BrightSpeed Excel"
1118891,5,0.32863,47.30966,91,183.038322259546,72,0.337,19,12.15,733.6,765,738,665,642,13,"GE BrightSpeed Excel"
1118895,2,2.02186,47.2907,145,62.448368770904,25,0.102,11.2,11.9,784.5,797,737,693,641,13,"GE BrightSpeed Excel"
1118957,11,0.62477,46.32459,132,181.961626246255,67,0.388,14.4,12.4,801,816,787,710,684,13,"GE BrightSpeed Excel"
1118967,23,1.23664,45.61235,389,297.16809966844,84,0.554,25,11.75,1073.5,754,720,656,627,13,"GE BrightSpeed Excel"
1118967,28,1.23664,45.61235,389,234.719730897536,72,0.449,24,11.75,1073.5,809,798,704,694,13,"GE BrightSpeed Excel"
1118972,3,3.87353,49.15142,247,222.87607475133,93,0.465,31.5,10.4,768.5,722,700,628,609,13,"GE BrightSpeed Excel"
1118998,13,5.53843,48.59677,374,107.669601329145,73,0.261,23,10.1,991,861,863,749,751,13,"GE BrightSpeed Excel"
1119013,1,4.29091,47.14862,506,269.174003322862,90,0.547,29,10.4,953.4,745,762,648,663,13,"GE BrightSpeed Excel"
1119014,8,5.71182,46.66551,556,146.430657807637,108,0.331,17.9,10,1525.7,678,664,590,578,13,"GE BrightSpeed Excel"
1119078,1,1.51273,46.0106,417,183.038322259546,75,0.439,25.9,11,1210.1,763,749,664,651,13,"GE BrightSpeed Excel"
1119124,13,6.87533,48.67911,291,90.4424651164816,36,0.178,15.2,10.4,929.1,809,795,704,691,13,"GE BrightSpeed Excel"
1119124,14,6.87533,48.67911,291,89.3657691031902,39,0.178,16.7,10.4,929.1,751,745,653,648,13,"GE BrightSpeed Excel"
1119139,13,1.37144,45.23573,166,71.0619368772356,13,0.15,12.7,12.6,955.5,713,713,620,621,13,"GE BrightSpeed Excel"
1119161,1,1.58721,48.11618,127,118.436561462059,65,0.245,16.6,11.4,616.3,736,721,640,627,13,"GE BrightSpeed Excel"
1119221,12,3.19454,47.86362,209,175.501450166506,124,0.436,27.2,11.3,773.8,830,813,722,707,13,"GE BrightSpeed Excel"
1119221,14,3.19454,47.86362,209,225.029466777913,137,0.547,29.3,11.3,773.8,785,792,683,689,13,"GE BrightSpeed Excel"
1119222,3,1.07247,44.94484,131,121.666649501934,45,0.245,16.8,13.2,901.8,742,739,645,643,13,"GE BrightSpeed Excel"
1119222,12,1.07247,44.94484,131,93.672553156356,74,0.239,18.6,13.2,901.8,808,804,703,699,13,"GE BrightSpeed Excel"
1119228,10,5.50193,49.33524,214,234.719730897536,93,0.516,26.6,10.5,832.9,698,669,608,582,13,"GE BrightSpeed Excel"
1119233,5,2.97984,47.79305,196,53.8348006645724,134,0.608,28.4,11.4,776,603,606,525,527,13,"GE BrightSpeed Excel"
1119233,6,2.97984,47.79305,196,265.943915282988,113,0.516,21.5,11.4,776,707,702,615,610,13,"GE BrightSpeed Excel"
1119250,4,-2.29228,47.30639,4,143.200569767763,21,0.194,12,12.9,774.6,839,815,730,709,13,"GE BrightSpeed Excel"
1119250,7,-2.29228,47.30639,4,139.970481727888,22,0.191,11.2,12.9,774.6,778,723,677,629,13,"GE BrightSpeed Excel"
1119271,5,-1.6901,49.50734,100,190.575194352586,91,0.382,20.2,11.15,1164,879,879,765,765,13,"GE BrightSpeed Excel"
1119272,1,0.1184,45.36178,73,71.0619368772356,51,0.191,18.4,13.15,839.4,742,734,646,638,13,"GE BrightSpeed Excel"
1119272,2,0.1184,45.36178,73,138.893785714597,90,0.299,18.2,13.15,839.4,698,701,607,610,13,"GE BrightSpeed Excel"
1119371,3,-0.58007,48.4422,105,227.182858804495,92,0.452,25.5,11.45,816.9,736,741,641,645,13,"GE BrightSpeed Excel"
1119411,5,2.13338,45.77952,828,260.56043521653,113,0.633,19.4,8.95,1241.3,610,600,531,522,13,"GE BrightSpeed Excel"
1119459,13,2.37636,43.90892,337,81.82889701015,70,0.178,8,12.4,1004.3,733,721,637,628,13,"GE BrightSpeed Excel"
1119459,15,2.37636,43.90892,337,119.513257475351,60,0.229,7.5,12.4,1004.3,704,690,613,600,13,"GE BrightSpeed Excel"
1119464,7,1.10581,43.4345,258,192.728586379169,143,0.563,21.6,13.2,773.9,732,724,637,630,13,"GE BrightSpeed Excel"
1119464,8,1.10581,43.4345,258,111.976385382311,51,0.309,23.9,13.2,773.9,686,680,596,592,13,"GE BrightSpeed Excel"
1119541,3,2.1862,45.2758,463,125.973433555099,69,0.331,19,11.35,1152.1,753,725,655,631,13,"GE BrightSpeed Excel"
1119541,15,2.1862,45.2758,463,127.050129568391,67,0.251,15.2,11.35,1152.1,720,679,626,591,13,"GE BrightSpeed Excel"
1119575,2,1.91296,47.68613,99,94.7492491696474,28,0.188,10.2,11.8,748.9,765,728,665,634,13,"GE BrightSpeed Excel"
1119620,5,5.51108,46.36513,451,245.48669103045,124,0.522,18,10.25,1452.1,652,635,567,552,13,"GE BrightSpeed Excel"
1119663,6,3.07343,48.76358,113,271.327395349445,91,0.567,25.4,11.45,727.5,641,637,557,555,13,"GE BrightSpeed Excel"
1119677,6,4.89976,48.84613,173,180.884930232963,156,0.481,23.5,11.1,854.5,635,615,552,535,13,"GE BrightSpeed Excel"
1119684,2,2.93416,48.4767,117,316.548627907686,100,0.481,28,11.45,757,696,696,606,605,13,"GE BrightSpeed Excel"
1119690,8,-0.0783,43.43245,263,191.651890365878,42,0.331,22.9,13.35,1062.2,922,909,802,791,13,"GE BrightSpeed Excel"
1119690,13,-0.0783,43.43245,263,198.112066445626,50,0.442,21.4,13.35,1062.2,815,794,709,690,13,"GE BrightSpeed Excel"
1119708,1,-2.10841,47.96223,99,278.864267442485,88,0.598,19,11.9,891.5,829,823,721,716,13,"GE BrightSpeed Excel"
1119781,10,0.72714,45.4982,247,241.179906977284,72,0.462,20.1,12.45,1037.3,718,696,625,605,13,"GE BrightSpeed Excel"
1119781,14,0.72714,45.4982,247,135.663697674722,46,0.306,22.8,12.45,1037.3,753,751,655,653,13,"GE BrightSpeed Excel"
1119805,9,1.5403,47.66619,90,138.893785714597,68,0.271,20.6,11.9,666.1,773,765,673,666,13,"GE BrightSpeed Excel"
1119810,3,2.13238,46.04942,520,122.743345515225,50,0.267,15.6,10.8,927.9,734,723,639,629,13,"GE BrightSpeed Excel"
1119810,5,2.13238,46.04942,520,99.0560332228132,48,0.216,15.5,10.8,927.9,662,649,576,565,13,"GE BrightSpeed Excel"
1119833,1,5.44942,48.92296,287,185.191714286129,58,0.258,21.2,10.15,942,787,763,685,663,13,"GE BrightSpeed Excel"
1119835,2,2.48057,50.70536,52,184.115018272838,104,0.404,23.8,11,800.3,795,778,691,677,13,"GE BrightSpeed Excel"
1119894,2,2.32668,43.62128,349,125.973433555099,77,0.274,17.3,13.3,1008.1,752,744,654,647,13,"GE BrightSpeed Excel"
1119909,16,3.02969,47.52293,186,256.253651163365,71,0.541,25.5,11.45,826.3,685,676,596,588,13,"GE BrightSpeed Excel"
1119909,17,3.02969,47.52293,186,188.421802326003,70,0.458,24.3,11.45,826.3,687,672,597,585,13,"GE BrightSpeed Excel"
1119959,7,5.89577,46.67793,716,135.663697674722,107,0.315,21.7,9.05,1703.2,676,659,589,573,13,"GE BrightSpeed Excel"
1120020,13,6.74466,49.0621,254,172.271362126632,79,0.395,22,10.55,810.6,699,701,608,610,13,"GE BrightSpeed Excel"
1120020,14,6.74466,49.0621,254,181.961626246255,77,0.462,19.3,10.55,810.6,855,850,744,739,13,"GE BrightSpeed Excel"
1120036,5,5.46392,47.80688,317,228.259554817787,75,0.363,32.5,10.55,929,673,683,586,594,13,"GE BrightSpeed Excel"
1120084,4,1.2221,46.33203,230,237.94981893741,51,0.506,24.8,12.1,891.8,724,692,629,602,13,"GE BrightSpeed Excel"
1120126,20,-0.42271,47.51017,34,304.70497176148,51,0.468,34.2,12.55,677.6,641,637,557,554,13,"GE BrightSpeed Excel"
1120126,22,-0.42271,47.51017,34,134.587001661431,49,0.535,32.9,12.55,677.6,681,678,593,590,13,"GE BrightSpeed Excel"
1120220,5,1.95445,49.32239,171,360.693164452635,127,0.688,29.3,10.7,806.7,699,711,608,618,13,"GE BrightSpeed Excel"
1120408,4,-0.47884,43.54864,150,190.575194352586,64,0.379,19.6,13.95,1075.6,778,746,677,649,13,"GE BrightSpeed Excel"
1120408,12,-0.47884,43.54864,150,133.51030564814,57,0.344,19.7,13.95,1075.6,872,864,759,752,13,"GE BrightSpeed Excel"
1120415,2,1.9468,50.32802,70,234.719730897536,160,0.551,29.9,10.8,987.5,775,761,674,662,13,"GE BrightSpeed Excel"
1120415,3,1.9468,50.32802,70,253.02356312349,158,0.579,32,10.8,987.5,758,754,660,656,13,"GE BrightSpeed Excel"
1120439,1,0.98252,45.51959,319,206.725634551958,47,0.452,21.5,12.05,1127.4,740,731,643,636,13,"GE BrightSpeed Excel"
1120439,2,0.98252,45.51959,319,145.353961794345,49,0.312,18.1,12.05,1127.4,769,770,669,670,13,"GE BrightSpeed Excel"
1120456,5,3.68016,50.14177,169,158.274313953843,65,0.436,29.8,10.5,848.7,704,682,612,593,13,"GE BrightSpeed Excel"
1120478,2,3.64076,48.61487,196,256.253651163365,123,0.56,25.2,11.05,770.5,736,730,640,635,13,"GE BrightSpeed Excel"
1120478,3,3.64076,48.61487,196,248.716779070324,131,0.579,28.8,11.05,770.5,720,723,627,629,13,"GE BrightSpeed Excel"
1120530,1,2.96783,46.78561,227,295.014707641857,115,0.583,29.1,11.8,787.5,764,744,665,647,13,"GE BrightSpeed Excel"
1120530,2,2.96783,46.78561,227,262.713827243113,119,0.525,25.7,11.8,787.5,677,652,589,568,13,"GE BrightSpeed Excel"
1120548,4,0.65395,49.58075,113,202.418850498792,86,0.487,21.9,11,1013.7,746,744,649,647,13,"GE BrightSpeed Excel"
1120582,7,5.15145,48.46267,195,141.04717774118,51,0.216,11.7,10.85,972.2,753,748,655,651,13,"GE BrightSpeed Excel"
1120655,3,-0.51389,43.25996,246,214.262506644998,90,0.519,24.8,13.45,1295.5,705,703,614,611,13,"GE BrightSpeed Excel"
1120680,6,1.23275,47.08792,136,165.811186046883,77,0.347,21.5,12.1,746.2,897,851,781,740,13,"GE BrightSpeed Excel"
1120680,10,1.23275,47.08792,136,105.516209302562,71,0.229,19.2,12.1,746.2,835,829,727,721,13,"GE BrightSpeed Excel"
1120681,7,6.84979,48.69809,274,259.483739203239,158,0.567,26.7,10.45,898.7,654,660,569,574,13,"GE BrightSpeed Excel"
1120721,1,1.37269,45.16377,155,117.359865448768,28,0.286,14.4,13,908.2,845,828,735,720,13,"GE BrightSpeed Excel"
1120721,2,1.37269,45.16377,155,152.890833887386,27,0.286,16.4,13,908.2,742,737,646,641,13,"GE BrightSpeed Excel"
1120731,7,1.3732,49.53474,132,172.271362126632,170,0.713,29.4,10.9,893.1,746,749,649,652,13,"GE BrightSpeed Excel"
1120731,8,1.3732,49.53474,132,111.976385382311,170,0.796,26.5,10.9,893.1,648,645,564,561,13,"GE BrightSpeed Excel"
1120763,1,6.97103,48.83747,271,259.483739203239,179,0.551,25.4,10.45,883.4,626,638,545,555,13,"GE BrightSpeed Excel"
1120886,3,1.51451,47.61204,84,101.209425249396,24,0.226,12.4,11.95,675.6,760,732,661,637,13,"GE BrightSpeed Excel"
1120886,6,1.51451,47.61204,84,90.4424651164816,25,0.226,12.5,11.95,675.6,739,724,643,630,13,"GE BrightSpeed Excel"
1120952,2,-0.29359,47.58517,65,111.976385382311,21,0.191,16.8,12.25,712.7,749,738,651,642,13,"GE BrightSpeed Excel"
1121089,1,0.96096,45.35737,172,176.578146179797,82,0.312,21,12.8,982.6,781,764,680,664,13,"GE BrightSpeed Excel"
1121092,11,-0.70779,43.66835,53,228.259554817787,67,0.449,24.9,14.25,1151,775,760,674,661,13,"GE BrightSpeed Excel"
1121111,2,2.36575,47.54299,165,211.032418605124,43,0.433,26,11.55,794.3,751,738,653,642,13,"GE BrightSpeed Excel"
1121143,12,0.59835,47.15207,113,71.0619368772356,23,0.14,13.6,12.2,727.7,824,829,717,721,13,"GE BrightSpeed Excel"
1121183,6,-1.29351,43.52431,13,186.26841029942,76,0.436,23.1,14.5,1437.4,871,876,758,762,13,"GE BrightSpeed Excel"
1121189,6,0.56965,45.62181,226,132.433609634848,48,0.331,20,12.6,996.3,791,794,688,691,13,"GE BrightSpeed Excel"
1121189,12,0.56965,45.62181,226,174.424754153215,53,0.427,22.5,12.6,996.3,724,712,630,619,13,"GE BrightSpeed Excel"
1121221,15,3.81772,49.11617,229,205.648938538667,56,0.398,23.2,10.65,743.3,781,787,680,684,13,"GE BrightSpeed Excel"
1121256,5,-0.05616,44.67423,79,174.424754153215,80,0.382,24.9,13.55,798.1,806,823,701,716,13,"GE BrightSpeed Excel"
1121334,1,5.68519,47.0805,253,192.728586379169,97,0.417,26.2,11.35,1131.2,700,665,609,579,13,"GE BrightSpeed Excel"
1121341,9,-0.45954,48.21121,116,222.87607475133,70,0.42,25.5,11.65,821.8,744,755,647,657,13,"GE BrightSpeed Excel"
1121371,1,1.9121,47.79405,115,85.0589850500244,23,0.175,11.8,11.75,730.2,811,772,706,672,13,"GE BrightSpeed Excel"
1121371,3,1.9121,47.79405,115,52.7581046512809,21,0.099,8.4,11.75,730.2,781,760,680,661,13,"GE BrightSpeed Excel"
1121376,2,4.71108,47.10473,511,120.589953488642,65,0.293,17.8,10.25,891.3,763,765,663,665,13,"GE BrightSpeed Excel"
1121413,5,1.56722,49.48224,208,83.9822890367329,34,0.204,16.8,10.7,887.8,785,804,683,699,13,"GE BrightSpeed Excel"
1121425,6,2.57592,44.05251,543,192.728586379169,39,0.379,15,11.85,1042.3,677,666,589,579,13,"GE BrightSpeed Excel"
1121435,8,0.87831,44.61861,169,262.713827243113,85,0.458,29.5,13.25,889.2,893,901,777,784,13,"GE BrightSpeed Excel"
1121460,13,2.36522,46.55343,252,255.176955150073,73,0.519,17,11.8,766,772,741,671,645,13,"GE BrightSpeed Excel"
1121480,1,2.39152,46.76934,158,71.0619368772356,17,0.095,8.7,12.2,760.7,731,709,636,617,13,"GE BrightSpeed Excel"
1121480,7,2.39152,46.76934,158,79.6755049835671,19,0.14,9.7,12.2,760.7,872,815,759,709,13,"GE BrightSpeed Excel"
1121498,17,2.40089,43.60329,365,159.351009967134,90,0.547,22.2,12.7,1155.8,766,747,667,649,13,"GE BrightSpeed Excel"
1121532,1,0.23921,44.19447,97,187.345106312712,66,0.302,24.5,13.65,818.4,766,746,666,649,13,"GE BrightSpeed Excel"
1121608,4,3.66789,47.55335,158,163.6577940203,50,0.29,21.5,11.6,770.3,713,708,620,616,13,"GE BrightSpeed Excel"
1121679,5,-0.34464,48.06993,111,235.796426910827,80,0.439,22.1,11.8,817.3,715,712,622,619,13,"GE BrightSpeed Excel"
1121679,12,-0.34464,48.06993,111,211.032418605124,114,0.414,21.6,11.8,817.3,729,755,634,657,13,"GE BrightSpeed Excel"
1121702,3,3.75753,48.91917,234,234.719730897536,107,0.541,24.1,10.7,790.1,709,711,617,619,13,"GE BrightSpeed Excel"
1121702,6,3.75753,48.91917,234,171.19466611334,76,0.42,23,10.7,790.1,726,723,631,629,13,"GE BrightSpeed Excel"
1121719,2,-1.27197,43.1832,256,202.418850498792,115,0.401,27.4,13.9,1469.3,849,797,739,693,13,"GE BrightSpeed Excel"
1121719,11,-1.27197,43.1832,256,165.811186046883,94,0.484,25.8,13.9,1469.3,840,830,731,722,13,"GE BrightSpeed Excel"
1121721,7,-2.05076,48.55876,66,234.719730897536,62,0.439,22.4,11.8,796.8,705,700,613,609,13,"GE BrightSpeed Excel"
1121723,1,0.51897,45.603,163,135.663697674722,72,0.299,14.4,12.7,933.8,736,736,640,641,13,"GE BrightSpeed Excel"
1121744,14,6.21821,48.25239,352,183.038322259546,75,0.532,21.3,10.45,902.5,672,665,585,578,13,"GE BrightSpeed Excel"
1121759,2,3.58133,49.53217,64,194.881978405752,83,0.512,28.8,11.2,721.8,704,698,613,608,13,"GE BrightSpeed Excel"
1121759,9,3.58133,49.53217,64,217.492594684872,73,0.595,31.1,11.2,721.8,715,696,622,605,13,"GE BrightSpeed Excel"
1121766,10,0.53529,43.53435,179,88.2890730898987,39,0.159,19,13.5,785.5,854,847,743,737,13,"GE BrightSpeed Excel"
1121766,12,0.53529,43.53435,179,93.672553156356,36,0.181,16.3,13.5,785.5,822,804,715,700,13,"GE BrightSpeed Excel"
1121778,2,2.20608,47.65085,149,239.026514950701,58,0.465,17.6,11.65,773.4,858,815,746,709,13,"GE BrightSpeed Excel"
1121790,9,2.16066,45.29376,515,275.634179402611,103,0.547,23,11.2,1197,710,694,617,603,13,"GE BrightSpeed Excel"
1121790,16,2.16066,45.29376,515,117.359865448768,96,0.398,21.8,11.2,1197,733,720,638,627,13,"GE BrightSpeed Excel"
1121845,4,-1.1082,48.24799,158,219.645986711455,25,0.442,19,11.45,906.5,735,769,640,669,13,"GE BrightSpeed Excel"
1121864,4,1.90009,46.01277,524,368.230036545675,97,0.458,28.7,10.5,1141.6,668,662,581,576,13,"GE BrightSpeed Excel"
1121864,10,1.90009,46.01277,524,341.312636213389,104,0.723,33.7,10.5,1141.6,598,579,520,504,13,"GE BrightSpeed Excel"
1121886,4,3.89359,48.00031,119,157.197617940551,93,0.347,20.5,11.5,754.8,716,699,623,608,13,"GE BrightSpeed Excel"
1121886,8,3.89359,48.00031,119,170.117970100049,48,0.302,22,11.5,754.8,763,743,664,646,13,"GE BrightSpeed Excel"
1121900,6,2.69361,48.89116,103,256.253651163365,111,0.481,23.7,11.95,701.2,710,747,617,650,13,"GE BrightSpeed Excel"
1121900,7,2.69361,48.89116,103,145.353961794345,103,0.328,21.8,11.95,701.2,737,724,641,629,13,"GE BrightSpeed Excel"
1121939,2,4.3082,48.33586,116,300.398187708314,127,0.646,29,11.45,749.4,656,633,571,551,13,"GE BrightSpeed Excel"
1121939,7,4.3082,48.33586,116,335.929156146932,135,0.678,32,11.45,749.4,654,647,569,563,13,"GE BrightSpeed Excel"
1121947,6,4.33268,47.56181,371,211.032418605124,182,0.407,18.2,11,870.8,725,726,631,632,13,"GE BrightSpeed Excel"
1121947,7,4.33268,47.56181,371,245.48669103045,53,0.446,17,11,870.8,698,673,608,586,13,"GE BrightSpeed Excel"
1121949,1,2.72855,46.30085,347,174.424754153215,64,0.404,27.5,11.6,787.4,775,796,674,692,13,"GE BrightSpeed Excel"
1121961,2,5.55237,49.26197,215,189.498498339295,94,0.506,14.1,10.55,789.9,687,669,598,582,13,"GE BrightSpeed Excel"
1121961,5,5.55237,49.26197,215,170.117970100049,70,0.302,18.9,10.55,789.9,735,725,639,631,13,"GE BrightSpeed Excel"
1121967,1,-3.50421,48.20736,207,82.9055930234415,24,0.143,10.8,11.15,1234.4,771,760,670,661,13,"GE BrightSpeed Excel"
1122004,16,2.33908,44.79017,643,192.728586379169,88,0.465,20.4,10.85,1247.7,799,778,695,677,13,"GE BrightSpeed Excel"
1122004,23,2.33908,44.79017,643,193.805282392461,128,0.353,19,10.85,1247.7,767,730,668,635,13,"GE BrightSpeed Excel"
1122081,10,0.17457,43.92338,116,92.5958571430645,25,0.191,12.7,13.75,799.3,844,863,734,751,13,"GE BrightSpeed Excel"
1122089,13,1.98452,44.93352,507,195.958674419043,87,0.395,21,11.35,1361.8,677,660,589,574,13,"GE BrightSpeed Excel"
1122091,1,6.1606,47.46194,264,219.645986711455,105,0.493,22.5,11.1,1091.1,707,705,615,613,13,"GE BrightSpeed Excel"
1122131,2,1.66085,48.65608,170,193.805282392461,78,0.385,25.6,11.2,666.3,792,822,689,715,13,"GE BrightSpeed Excel"
1122206,2,1.0093,49.72889,133,60.2949767443211,9,0.124,6.6,10.95,1001.1,756,756,658,658,13,"GE BrightSpeed Excel"
1122206,6,1.0093,49.72889,133,71.0619368772356,10,0.137,8.8,10.95,1001.1,749,738,651,642,13,"GE BrightSpeed Excel"
1122227,3,3.58649,47.48228,201,214.262506644998,115,0.455,24.6,11.6,772.4,720,686,626,596,13,"GE BrightSpeed Excel"
1122227,6,3.58649,47.48228,201,166.887882060174,127,0.344,22.5,11.6,772.4,787,771,684,671,13,"GE BrightSpeed Excel"
1122286,3,6.93897,49.09077,235,299.321491695022,172,0.583,30.8,10.6,812.3,694,690,604,600,13,"GE BrightSpeed Excel"
1122286,17,6.93897,49.09077,235,275.634179402611,176,0.547,30.4,10.6,812.3,623,643,542,560,13,"GE BrightSpeed Excel"
1122295,4,2.04801,47.34474,106,65.6784568107783,11,0.102,6.6,11.95,770.9,800,758,696,660,13,"GE BrightSpeed Excel"
1122297,12,3.74233,46.3468,375,223.952770764621,90,0.5,22.5,11.35,869.3,798,799,695,695,13,"GE BrightSpeed Excel"
1122310,6,-0.50631,45.09554,42,194.881978405752,32,0.318,21.8,13.75,853.9,723,722,629,628,13,"GE BrightSpeed Excel"
1122315,2,0.07057,46.53088,148,169.041274086757,42,0.379,20.7,12.35,807.8,757,736,659,641,13,"GE BrightSpeed Excel"
1122323,8,1.11137,47.78839,108,161.504401993717,37,0.321,17.2,11.75,678.9,805,806,700,701,13,"GE BrightSpeed Excel"
1122323,11,1.11137,47.78839,108,95.8259451829389,36,0.302,16.5,11.75,678.9,764,745,665,648,13,"GE BrightSpeed Excel"
1122329,3,2.49532,46.44536,284,165.811186046883,54,0.458,20.9,11.8,737.4,820,826,713,719,13,"GE BrightSpeed Excel"
1122329,4,2.49532,46.44536,284,151.814137874094,59,0.321,16,11.8,737.4,804,814,700,708,13,"GE BrightSpeed Excel"
1122371,1,1.44942,46.72992,130,179.808234219672,69,0.404,21.2,12.3,793.8,836,788,727,686,13,"GE BrightSpeed Excel"
1122409,11,3.52118,45.73747,410,184.115018272838,54,0.363,22,11.6,847.5,753,721,655,627,13,"GE BrightSpeed Excel"
1122412,1,2.41765,46.73334,170,235.796426910827,118,0.528,20.4,12.2,770.1,697,672,606,585,13,"GE BrightSpeed Excel"
1122412,2,2.41765,46.73334,170,229.336250831078,110,0.436,22.7,12.2,770.1,791,775,688,674,13,"GE BrightSpeed Excel"
1122459,6,1.93542,44.71748,410,45.2212325582408,13,0.134,12.3,12.35,1120,716,705,623,613,13,"GE BrightSpeed Excel"
1122486,1,0.3166,45.52753,151,227.182858804495,77,0.522,27.1,12.65,929.7,801,797,697,693,13,"GE BrightSpeed Excel"
1122486,6,0.3166,45.52753,151,114.129777408893,71,0.471,19.8,12.65,929.7,687,680,598,592,13,"GE BrightSpeed Excel"
1122507,1,0.05415,44.44264,79,296.091403655148,95,0.688,30,13.75,798.7,755,741,657,645,13,"GE BrightSpeed Excel"
1122507,12,0.05415,44.44264,79,191.651890365878,55,0.388,25.7,13.75,798.7,686,666,597,579,13,"GE BrightSpeed Excel"
1122552,3,1.92071,46.69662,223,173.348058139923,55,0.385,23,11.9,819.9,771,760,671,661,13,"GE BrightSpeed Excel"
1122552,8,1.92071,46.69662,223,203.495546512084,66,0.395,23.6,11.9,819.9,766,734,667,639,13,"GE BrightSpeed Excel"
1122562,2,-4.25308,48.5827,70,195.958674419043,62,0.302,17.6,11.95,1074.5,788,773,685,673,13,"GE BrightSpeed Excel"
1122593,5,1.99415,47.48851,124,178.73153820638,50,0.344,19.3,11.8,767.5,821,789,714,687,13,"GE BrightSpeed Excel"
1122630,5,-1.6106,47.04347,9,119.513257475351,25,0.181,7,12.75,839.2,722,677,629,589,13,"GE BrightSpeed Excel"
1122630,6,-1.6106,47.04347,9,146.430657807637,29,0.207,8.1,12.75,839.2,806,754,702,656,13,"GE BrightSpeed Excel"
1122658,1,1.63052,43.88865,228,284.247747508942,76,0.423,19.3,13.5,768.1,698,696,607,606,13,"GE BrightSpeed Excel"
1122697,1,6.20722,48.46879,292,267.020611296279,187,0.541,20.9,10.45,823.6,659,679,573,591,13,"GE BrightSpeed Excel"
1122698,1,1.44351,43.92323,153,95.8259451829389,21,0.181,13.3,13.7,747.5,758,730,660,635,13,"GE BrightSpeed Excel"
1122769,5,2.99932,47.21726,156,277.787571429194,78,0.618,27.3,11.95,794.7,694,691,604,601,13,"GE BrightSpeed Excel"
1122780,4,1.79696,45.99433,520,347.772812293138,103,0.522,31.2,10.4,1172.1,639,612,556,532,13,"GE BrightSpeed Excel"
1122784,15,2.08027,46.13928,490,157.197617940551,62,0.331,23.3,10.7,951.9,717,702,623,611,13,"GE BrightSpeed Excel"
1122806,1,-0.73516,45.55759,25,341.312636213389,103,0.637,20,13.45,902.7,772,736,672,640,13,"GE BrightSpeed Excel"
1122809,3,-1.1378,43.4035,100,120.589953488642,89,0.455,20.9,14.15,1429.8,809,793,704,690,13,"GE BrightSpeed Excel"
1122857,3,2.15196,47.9026,116,166.887882060174,77,0.318,20.2,11.7,718.2,713,687,620,598,13,"GE BrightSpeed Excel"
1122857,4,2.15196,47.9026,116,200.265458472209,70,0.344,22,11.7,718.2,790,776,688,676,13,"GE BrightSpeed Excel"
1122866,5,1.95297,49.52001,127,171.19466611334,139,0.404,20.7,10.85,769.7,766,747,667,650,13,"GE BrightSpeed Excel"
1122977,13,0.39552,49.10959,174,287.477835548817,76,0.624,23.1,11,846,761,751,662,653,13,"GE BrightSpeed Excel"
1123018,17,1.7267,47.66731,106,292.861315615274,71,0.614,18.8,11.8,717.9,687,676,597,588,13,"GE BrightSpeed Excel"
1123036,9,5.08796,48.28424,268,216.415898671581,155,0.484,18.9,10.5,995.2,746,710,649,617,13,"GE BrightSpeed Excel"
1123098,6,1.82044,48.98044,20,211.032418605124,70,0.42,26,11.85,620.3,873,895,760,779,13,"GE BrightSpeed Excel"
1123249,6,5.82438,46.7882,599,216.415898671581,153,0.401,17.7,9.6,1547.3,727,751,632,653,13,"GE BrightSpeed Excel"
1123285,5,2.03321,45.29348,563,66.7551528240698,27,0.121,12,11.05,1335.8,712,692,619,602,13,"GE BrightSpeed Excel"
1123337,13,-3.34944,48.52144,137,174.424754153215,76,0.293,18.7,11.15,1060.5,829,793,721,690,13,"GE BrightSpeed Excel"
1123343,1,2.71342,47.86616,110,305.781667774771,109,0.643,24.4,11.7,708,684,697,595,607,13,"GE BrightSpeed Excel"
1123343,2,2.71342,47.86616,110,231.489642857661,107,0.618,29.1,11.7,708,713,698,621,607,13,"GE BrightSpeed Excel"
1123431,3,2.31331,45.97763,565,223.952770764621,93,0.398,16.4,10.3,934.9,707,667,615,580,13,"GE BrightSpeed Excel"
1123431,6,2.31331,45.97763,565,218.569290698164,65,0.28,15.5,10.3,934.9,726,731,632,636,13,"GE BrightSpeed Excel"
1123436,3,1.32427,43.63451,162,223.952770764621,75,0.583,22.6,13.9,660,796,793,692,690,13,"GE BrightSpeed Excel"
1123473,1,1.91581,47.32634,96,66.7551528240698,9,0.095,6.2,12,744.9,807,807,702,702,13,"GE BrightSpeed Excel"
1123473,2,1.91581,47.32634,96,68.9085448506527,9,0.102,5.8,12,744.9,765,774,666,673,13,"GE BrightSpeed Excel"
1123480,1,-3.19352,48.33056,191,225.029466777913,52,0.357,20,11.05,1121.2,757,724,658,630,13,"GE BrightSpeed Excel"
1123480,6,-3.19352,48.33056,191,192.728586379169,70,0.382,23.3,11.05,1121.2,713,668,620,581,13,"GE BrightSpeed Excel"
1123577,2,3.99582,49.54515,107,137.817089701305,39,0.35,14.7,10.85,738.8,730,711,635,618,13,"GE BrightSpeed Excel"
1123637,13,3.01168,46.10158,422,173.348058139923,63,0.293,17.5,11.05,763.2,742,731,645,636,13,"GE BrightSpeed Excel"
1123652,4,5.53292,48.50695,315,170.117970100049,107,0.232,11.4,10.2,963.7,719,754,626,656,13,"GE BrightSpeed Excel"
1123652,6,5.53292,48.50695,315,156.12092192726,131,0.344,10.8,10.2,963.7,721,713,627,620,13,"GE BrightSpeed Excel"
1123682,6,1.1004,45.97084,320,272.404091362736,105,0.544,22.4,11.85,1032.3,700,712,609,620,13,"GE BrightSpeed Excel"
1123684,2,1.90576,45.29306,562,135.663697674722,88,0.283,16.7,10.9,1358.6,725,698,631,607,13,"GE BrightSpeed Excel"
1123684,11,1.90576,45.29306,562,180.884930232963,88,0.369,18,10.9,1358.6,704,664,612,578,13,"GE BrightSpeed Excel"
1123694,2,6.80527,47.54697,350,271.327395349445,165,0.557,23.1,10.65,1088.1,632,608,550,529,13,"GE BrightSpeed Excel"
1123694,4,6.80527,47.54697,350,235.796426910827,131,0.503,23.7,10.65,1088.1,745,706,648,615,13,"GE BrightSpeed Excel"
1123743,4,6.13362,48.20114,307,94.7492491696474,30,0.175,15.1,10.45,947.9,815,812,709,706,13,"GE BrightSpeed Excel"
1123743,9,6.13362,48.20114,307,94.7492491696474,30,0.162,15.1,10.45,947.9,763,774,664,673,13,"GE BrightSpeed Excel"
1123749,11,0.12379,43.31093,254,309.011755814646,54,0.528,19.1,13.45,936.6,786,780,683,679,13,"GE BrightSpeed Excel"
1123812,2,5.23289,47.00276,193,211.032418605124,70,0.417,28.5,11.65,844.3,702,676,611,588,13,"GE BrightSpeed Excel"
1123812,10,5.23289,47.00276,193,202.418850498792,52,0.395,29,11.65,844.3,710,699,618,608,13,"GE BrightSpeed Excel"
1123819,3,1.79371,48.9264,125,99.0560332228132,85,0.271,19.8,11.5,670.6,675,679,587,591,13,"GE BrightSpeed Excel"
1123819,21,1.79371,48.9264,125,142.123873754471,83,0.286,19.7,11.5,670.6,714,723,621,629,13,"GE BrightSpeed Excel"
1123846,15,1.52953,46.62255,156,117.359865448768,67,0.29,24,12.2,800.2,748,733,651,638,13,"GE BrightSpeed Excel"
1123846,17,1.52953,46.62255,156,228.259554817787,99,0.452,20.9,12.2,800.2,746,734,649,639,13,"GE BrightSpeed Excel"
1123872,8,0.60851,46.01837,210,142.123873754471,30,0.258,19.3,12.2,932.8,730,705,635,614,13,"GE BrightSpeed Excel"
1123931,2,5.94347,47.00065,472,166.887882060174,160,0.519,17.7,10.45,1398.3,714,715,621,622,13,"GE BrightSpeed Excel"
1124016,2,6.79307,48.9883,255,235.796426910827,176,0.63,29.3,10.55,792.1,636,608,553,529,13,"GE BrightSpeed Excel"
1124020,5,1.43896,47.35961,100,163.6577940203,55,0.35,17.6,12,692.7,682,672,594,584,13,"GE BrightSpeed Excel"
1124033,2,0.57974,49.32812,98,176.578146179797,64,0.395,19.8,11.5,818.7,767,754,668,656,13,"GE BrightSpeed Excel"
1124033,3,0.57974,49.32812,98,174.424754153215,64,0.35,22.6,11.5,818.7,786,778,684,677,13,"GE BrightSpeed Excel"
1124111,5,-0.31836,47.54861,48,180.884930232963,80,0.341,23.3,12.35,699.9,803,775,699,674,13,"GE BrightSpeed Excel"
1124127,10,2.65088,46.33708,283,105.516209302562,48,0.223,12.9,11.7,723.9,667,669,581,582,13,"GE BrightSpeed Excel"
1124127,13,2.65088,46.33708,283,119.513257475351,57,0.204,9.1,11.7,723.9,901,974,784,847,13,"GE BrightSpeed Excel"
1124293,1,4.44751,47.77572,286,162.581098007009,130,0.382,16.9,10.95,883.3,738,720,642,627,13,"GE BrightSpeed Excel"
1124382,2,2.49991,47.97458,103,149.660745847511,71,0.267,16.5,11.7,690.2,691,694,601,604,13,"GE BrightSpeed Excel"
1124382,3,2.49991,47.97458,103,169.041274086757,68,0.35,17,11.7,690.2,792,796,689,692,13,"GE BrightSpeed Excel"
1124404,1,-3.10875,47.77566,23,149.660745847511,17,0.251,10.9,12.45,1018.1,781,753,680,655,13,"GE BrightSpeed Excel"
1124404,2,-3.10875,47.77566,23,185.191714286129,27,0.347,16.3,12.45,1018.1,784,773,682,672,13,"GE BrightSpeed Excel"
1124482,4,6.61233,47.46416,367,262.713827243113,62,0.614,21.6,10.7,1114.9,763,728,664,634,13,"GE BrightSpeed Excel"
1124528,3,2.54918,43.56715,742,152.890833887386,46,0.414,27.6,10.7,1536.6,703,696,612,606,13,"GE BrightSpeed Excel"
1124528,17,2.54918,43.56715,742,221.799378738038,58,0.404,24.1,10.7,1536.6,717,707,624,615,13,"GE BrightSpeed Excel"
1124540,9,4.35743,49.61151,92,186.26841029942,89,0.462,25.2,10.9,868.1,632,632,550,549,13,"GE BrightSpeed Excel"
1124583,2,0.72491,46.45204,147,216.415898671581,78,0.369,20.2,12.4,785.5,778,741,677,645,13,"GE BrightSpeed Excel"
1124583,5,0.72491,46.45204,147,225.029466777913,65,0.449,26,12.4,785.5,825,813,718,707,13,"GE BrightSpeed Excel"
1124617,6,-2.08583,47.69286,59,179.808234219672,59,0.417,27.8,12.35,869.2,864,831,752,723,13,"GE BrightSpeed Excel"
1124690,6,2.2881,45.31188,518,230.41294684437,105,0.503,25.7,11.25,1104.5,736,725,641,631,13,"GE BrightSpeed Excel"
1124759,16,4.01575,49.31126,85,181.961626246255,57,0.395,18.9,11.2,638.6,729,737,634,641,13,"GE BrightSpeed Excel"
1124762,2,1.22029,43.25601,246,55.9881926911553,39,0.401,16.4,13.35,721.5,543,543,473,473,13,"GE BrightSpeed Excel"
1124828,7,4.43939,48.24365,162,232.566338870953,125,0.427,23.5,11.3,805.7,685,652,596,568,13,"GE BrightSpeed Excel"
1124892,6,5.74098,48.37516,347,187.345106312712,135,0.379,18.5,10.3,927.4,795,812,692,706,13,"GE BrightSpeed Excel"
1124899,1,0.23654,44.26638,131,192.728586379169,44,0.337,21.2,13.65,803.6,687,678,597,590,13,"GE BrightSpeed Excel"
1124899,8,0.23654,44.26638,131,200.265458472209,67,0.481,24.4,13.65,803.6,747,727,650,633,13,"GE BrightSpeed Excel"
1124908,6,1.07002,45.05277,191,89.3657691031902,68,0.302,13.6,12.65,905,648,644,564,560,13,"GE BrightSpeed Excel"
1124944,2,3.92887,49.16867,255,192.728586379169,103,0.379,23.2,10.6,766.9,778,785,677,683,13,"GE BrightSpeed Excel"
1124962,5,1.32901,44.76757,114,237.94981893741,85,0.608,23.6,13.6,821,785,760,683,661,13,"GE BrightSpeed Excel"
1124962,6,1.32901,44.76757,114,180.884930232963,49,0.366,27.1,13.6,821,772,774,672,673,13,"GE BrightSpeed Excel"
1125005,9,-0.38892,44.77448,71,208.879026578541,126,0.493,23.3,13.8,899.6,638,628,555,546,13,"GE BrightSpeed Excel"
1125005,10,-0.38892,44.77448,71,239.026514950701,129,0.5,21.3,13.8,899.6,678,654,590,569,13,"GE BrightSpeed Excel"
1125078,9,-0.16058,45.31987,115,199.188762458918,51,0.414,23.5,12.95,908.2,729,727,635,633,13,"GE BrightSpeed Excel"
1125078,12,-0.16058,45.31987,115,162.581098007009,50,0.379,23.3,12.95,908.2,732,725,637,631,13,"GE BrightSpeed Excel"
1125134,5,0.0478,47.07045,47,220.722682724747,65,0.325,25.2,12.65,625.5,762,731,663,636,13,"GE BrightSpeed Excel"
1125134,11,0.0478,47.07045,47,208.879026578541,63,0.328,25,12.65,625.5,715,710,622,617,13,"GE BrightSpeed Excel"
1125154,5,-0.00093,46.97946,81,109.822993355728,50,0.306,21.9,12.6,619.9,764,756,664,658,13,"GE BrightSpeed Excel"
1125160,9,2.8282,48.71092,107,53.8348006645724,169,0.726,37,11.55,732.5,570,569,496,495,13,"GE BrightSpeed Excel"
1125160,10,2.8282,48.71092,107,237.94981893741,138,0.547,31,11.55,732.5,724,718,630,625,13,"GE BrightSpeed Excel"
1125161,14,0.27644,47.29074,95,130.280217608265,34,0.242,16.4,12.2,709.7,735,731,640,636,13,"GE BrightSpeed Excel"
1125242,10,3.34022,47.08885,287,142.123873754471,96,0.353,21.7,11.25,962.8,743,739,647,643,13,"GE BrightSpeed Excel"
1125281,3,1.56875,47.54045,92,79.6755049835671,35,0.153,15.9,11.9,695.5,732,722,637,628,13,"GE BrightSpeed Excel"
1125281,11,1.56875,47.54045,92,79.6755049835671,36,0.153,15.6,11.9,695.5,662,657,576,572,13,"GE BrightSpeed Excel"
1125326,3,0.65108,47.15286,105,170.117970100049,30,0.264,21.6,12.15,740.6,744,700,647,609,13,"GE BrightSpeed Excel"
1125326,17,0.65108,47.15286,105,155.044225913968,31,0.251,19,12.15,740.6,669,622,582,541,13,"GE BrightSpeed Excel"
1125351,10,0.36213,44.97043,112,245.48669103045,116,0.624,32.2,13.15,867.2,720,707,626,615,13,"GE BrightSpeed Excel"
1125352,4,4.12313,47.65519,265,284.247747508942,163,0.694,29.6,11.15,894.2,841,822,732,715,13,"GE BrightSpeed Excel"
1125370,13,3.48404,46.42169,286,223.952770764621,117,0.551,18.5,11.8,785.7,793,755,690,657,13,"GE BrightSpeed Excel"
1125370,14,3.48404,46.42169,286,247.640083057033,102,0.547,17.2,11.8,785.7,811,805,705,700,13,"GE BrightSpeed Excel"
1125413,17,3.76835,47.33624,417,302.551579734897,124,0.598,21.1,11.15,983.9,720,696,627,605,13,"GE BrightSpeed Excel"
1125459,4,5.87746,47.59699,222,173.348058139923,85,0.392,16,11.25,956.7,791,780,689,679,13,"GE BrightSpeed Excel"
1125459,6,5.87746,47.59699,222,165.811186046883,55,0.229,14.5,11.25,956.7,778,732,677,637,13,"GE BrightSpeed Excel"
1125478,3,-0.0251,43.93721,117,135.663697674722,35,0.29,22.6,13.6,909.7,763,774,664,673,13,"GE BrightSpeed Excel"
1125479,8,1.57151,49.19477,132,131.356913621557,33,0.188,16.6,11.2,755.8,761,765,662,666,13,"GE BrightSpeed Excel"
1125555,1,0.87362,44.79845,234,257.330347176656,107,0.554,23.5,13.1,903,733,705,638,613,13,"GE BrightSpeed Excel"
1125569,2,3.14875,46.62252,237,215.33920265829,31,0.366,10.7,11.85,768.1,802,796,698,692,13,"GE BrightSpeed Excel"
1125583,1,-4.31704,48.01967,55,131.356913621557,16,0.223,10.5,12.15,1145.1,947,946,824,823,13,"GE BrightSpeed Excel"
1125677,5,6.33309,48.69862,243,219.645986711455,140,0.503,19.6,10.7,741.4,669,650,582,565,13,"GE BrightSpeed Excel"
1125805,5,5.53599,46.34642,410,120.589953488642,40,0.216,15.2,10.65,1453.4,713,685,620,596,13,"GE BrightSpeed Excel"
1125807,1,0.987,46.38346,160,219.645986711455,75,0.487,10.2,12.4,829.8,902,876,785,762,13,"GE BrightSpeed Excel"
1125826,1,2.49637,46.80523,158,206.725634551958,95,0.522,28.8,12.15,764.7,748,725,650,631,13,"GE BrightSpeed Excel"
1125826,11,2.49637,46.80523,158,228.259554817787,83,0.481,26.3,12.15,764.7,757,728,659,633,13,"GE BrightSpeed Excel"
1125829,3,0.43769,43.49671,234,341.312636213389,135,0.573,26.5,13.4,796.5,793,772,690,671,13,"GE BrightSpeed Excel"
1125908,11,4.86547,49.26043,136,239.026514950701,105,0.563,27.2,10.95,821,704,681,613,592,13,"GE BrightSpeed Excel"
1125930,1,0.61474,45.82048,251,176.578146179797,54,0.255,19,12.25,986.3,776,777,675,676,13,"GE BrightSpeed Excel"
1125930,6,0.61474,45.82048,251,180.884930232963,49,0.299,22,12.25,986.3,772,757,672,658,13,"GE BrightSpeed Excel"
1125945,8,2.2895,43.69318,324,152.890833887386,49,0.267,13,13.3,1031.2,783,796,681,693,13,"GE BrightSpeed Excel"
1125961,6,1.07935,49.1367,83,302.551579734897,126,0.56,18.2,11.3,725.8,766,742,667,645,13,"GE BrightSpeed Excel"
1125961,7,1.07935,49.1367,83,183.038322259546,72,0.385,21.2,11.3,725.8,896,862,779,750,13,"GE BrightSpeed Excel"
1125962,2,2.1785,47.97458,109,185.191714286129,44,0.379,20,11.65,732.2,866,860,753,748,13,"GE BrightSpeed Excel"
1126001,1,4.93328,48.97129,161,170.117970100049,111,0.427,26.9,10.95,862.4,813,799,708,695,13,"GE BrightSpeed Excel"
1126001,4,4.93328,48.97129,161,155.044225913968,131,0.458,20.2,10.95,862.4,785,785,683,683,13,"GE BrightSpeed Excel"
1126006,7,2.05207,44.10635,322,227.182858804495,105,0.49,26.1,12.9,878.1,716,719,623,626,13,"GE BrightSpeed Excel"
1126018,1,3.40894,45.25275,486,160.427705980426,98,0.341,16.9,10.8,656.2,728,720,633,626,13,"GE BrightSpeed Excel"
1126018,10,3.40894,45.25275,486,138.893785714597,93,0.277,14.1,10.8,656.2,659,639,574,556,13,"GE BrightSpeed Excel"
1126019,4,0.51251,47.3487,43,131.356913621557,16,0.21,12.8,12.25,708.9,790,760,687,661,13,"GE BrightSpeed Excel"
1126101,5,2.04665,47.59659,113,301.474883721605,143,0.63,25,11.75,772.3,636,610,553,531,13,"GE BrightSpeed Excel"
1126101,10,2.04665,47.59659,113,233.643034884244,140,0.487,20.4,11.75,772.3,719,687,625,598,13,"GE BrightSpeed Excel"
1126135,1,1.01799,45.10614,253,158.274313953843,83,0.382,24.3,12.55,953.8,815,794,709,690,13,"GE BrightSpeed Excel"
1126135,6,1.01799,45.10614,253,136.740393688014,87,0.283,21.2,12.55,953.8,737,713,642,621,13,"GE BrightSpeed Excel"
1126145,11,0.48002,45.99833,184,261.637131229822,112,0.493,26.7,12.25,950.6,731,694,636,604,13,"GE BrightSpeed Excel"
1126145,16,0.48002,45.99833,184,303.628275748188,83,0.586,25.2,12.25,950.6,817,766,711,667,13,"GE BrightSpeed Excel"
1126163,1,1.88356,48.00979,124,259.483739203239,118,0.592,29.7,11.6,683.3,681,668,592,581,13,"GE BrightSpeed Excel"
1126164,7,-0.03346,43.54134,245,172.271362126632,66,0.395,25.8,13.8,968.6,847,822,737,716,13,"GE BrightSpeed Excel"
1126181,3,-0.45113,47.54549,43,68.9085448506527,39,0.309,20.4,12.45,678.2,688,689,598,599,13,"GE BrightSpeed Excel"
1126181,6,-0.45113,47.54549,43,85.0589850500244,55,0.474,24.2,12.45,678.2,685,682,596,593,13,"GE BrightSpeed Excel"
1126226,2,2.68527,47.6504,134,219.645986711455,62,0.442,19.7,11.55,727.2,701,677,610,589,13,"GE BrightSpeed Excel"
1126298,1,-0.38957,46.86287,169,179.808234219672,78,0.337,15.6,12.2,755.9,867,812,755,707,13,"GE BrightSpeed Excel"
1126298,5,-0.38957,46.86287,169,187.345106312712,78,0.321,16.8,12.2,755.9,712,699,619,608,13,"GE BrightSpeed Excel"
1126326,5,5.81742,46.68035,616,171.19466611334,80,0.455,18.7,9.7,1613.4,759,748,660,651,13,"GE BrightSpeed Excel"
1126326,6,5.81742,46.68035,616,169.041274086757,73,0.392,19,9.7,1613.4,692,669,602,582,13,"GE BrightSpeed Excel"
1126336,3,-0.68701,47.48558,60,61.3716727576125,22,0.108,7.9,12.5,729.4,769,737,669,641,13,"GE BrightSpeed Excel"
1126336,4,-0.68701,47.48558,60,91.5191611297731,19,0.185,8.3,12.5,729.4,754,748,656,650,13,"GE BrightSpeed Excel"
1126341,6,-0.20167,45.10293,57,141.04717774118,28,0.274,15,13.45,857.2,666,663,580,577,13,"GE BrightSpeed Excel"
1126360,3,2.2882,45.20393,558,278.864267442485,89,0.481,19.1,10.95,1215.4,802,774,697,674,13,"GE BrightSpeed Excel"
1126360,11,2.2882,45.20393,558,191.651890365878,70,0.392,21.9,10.95,1215.4,740,747,644,650,13,"GE BrightSpeed Excel"
1126364,7,2.05242,46.51709,259,53.8348006645724,13,0.105,10.9,11.95,804.4,680,678,592,590,13,"GE BrightSpeed Excel"
1126373,3,3.76648,50.23056,149,271.327395349445,84,0.541,29.6,10.5,870.1,679,668,590,581,13,"GE BrightSpeed Excel"
1126373,11,3.76648,50.23056,149,271.327395349445,59,0.417,29.5,10.5,870.1,686,678,597,590,13,"GE BrightSpeed Excel"
1126383,5,0.50943,46.66476,95,88.2890730898987,38,0.223,19.1,12.4,728.5,784,791,682,688,13,"GE BrightSpeed Excel"
1126441,7,5.44646,48.41928,358,148.58404983422,158,0.401,19.1,10.15,1045.3,706,722,614,628,13,"GE BrightSpeed Excel"
1126455,1,-0.54565,47.32716,87,115.206473422185,68,0.226,17.1,12.55,686.6,787,764,685,665,13,"GE BrightSpeed Excel"
1126457,1,4.36524,47.02135,316,332.699068107057,122,0.602,27.6,11,804.5,633,611,551,531,13,"GE BrightSpeed Excel"
1126457,2,4.36524,47.02135,316,299.321491695022,123,0.608,24.7,11,804.5,643,617,560,537,13,"GE BrightSpeed Excel"
1126492,21,1.82913,45.31073,477,171.19466611334,90,0.369,20.6,11.6,1245,704,692,613,602,13,"GE BrightSpeed Excel"
1126492,26,1.82913,45.31073,477,202.418850498792,87,0.417,23.8,11.6,1245,659,637,574,555,13,"GE BrightSpeed Excel"
1126523,9,2.41864,47.38105,200,137.817089701305,47,0.296,19.9,11.45,877.4,791,767,688,668,13,"GE BrightSpeed Excel"
1126548,3,-3.61798,48.02128,199,232.566338870953,55,0.388,14.5,11.5,1362.6,874,839,761,730,13,"GE BrightSpeed Excel"
1126563,5,3.37277,46.04486,351,288.554531562108,115,0.554,24.5,11.85,815.9,705,707,613,615,13,"GE BrightSpeed Excel"
1126571,1,2.44767,48.60402,57,103.362817275979,24,0.213,10.7,11.9,663.6,838,850,729,739,13,"GE BrightSpeed Excel"
1126578,4,6.24789,47.92729,283,83.9822890367329,20,0.115,9.5,10.75,1137.6,748,747,651,650,13,"GE BrightSpeed Excel"
1126578,6,6.24789,47.92729,283,100.132729236105,20,0.131,9.7,10.75,1137.6,707,672,615,585,13,"GE BrightSpeed Excel"
1126602,1,3.52467,45.89939,403,96.9026411962303,17,0.156,8.8,11.3,1024.2,877,870,763,757,13,"GE BrightSpeed Excel"
1126662,1,0.99411,46.0956,256,149.660745847511,84,0.306,17,12,971.3,748,720,651,626,13,"GE BrightSpeed Excel"
1126662,3,0.99411,46.0956,256,159.351009967134,68,0.216,13.8,12,971.3,808,731,703,636,13,"GE BrightSpeed Excel"
1126671,2,2.99665,49.14149,103,180.884930232963,93,0.465,29.1,11.35,755.6,715,717,622,624,13,"GE BrightSpeed Excel"
1126671,11,2.99665,49.14149,103,264.867219269696,96,0.541,33,11.35,755.6,706,705,614,613,13,"GE BrightSpeed Excel"
1126680,1,2.23714,45.29385,487,216.415898671581,166,0.535,18.5,11.2,1137.9,689,675,599,587,13,"GE BrightSpeed Excel"
1126694,18,0.1823,47.00105,109,81.82889701015,30,0.14,18.5,12.4,669.5,736,720,640,627,13,"GE BrightSpeed Excel"
1126719,2,2.6217,45.72536,772,66.7551528240698,77,0.344,14.5,9.25,1032.3,701,702,610,611,13,"GE BrightSpeed Excel"
1126741,10,-0.35227,45.06338,46,172.271362126632,34,0.325,18.9,13.65,845.1,770,745,670,649,13,"GE BrightSpeed Excel"
1126758,3,1.18393,46.9075,128,201.342154485501,65,0.452,27.2,12.25,772.9,677,649,589,564,13,"GE BrightSpeed Excel"
1126835,3,0.30013,47.36315,81,151.814137874094,80,0.277,18.5,12.05,740.6,698,698,607,607,13,"GE BrightSpeed Excel"
1126840,2,-0.78247,45.03411,14,95.8259451829389,67,0.194,21.8,13.85,912.2,790,826,687,719,13,"GE BrightSpeed Excel"
1126840,8,-0.78247,45.03411,14,96.9026411962303,73,0.242,16.1,13.85,912.2,779,804,677,699,13,"GE BrightSpeed Excel"
1126865,7,6.96284,47.52277,375,225.029466777913,150,0.56,21.1,10.45,1047.4,705,680,614,592,13,"GE BrightSpeed Excel"
1126896,6,5.67959,48.68284,263,223.952770764621,119,0.398,22.6,10.5,858.4,775,780,674,679,13,"GE BrightSpeed Excel"
1126896,10,5.67959,48.68284,263,282.094355482359,241,0.563,19,10.5,858.4,712,684,619,595,13,"GE BrightSpeed Excel"
1126940,4,2.38986,45.06,719,161.504401993717,51,0.337,19.9,10.55,1376.3,688,685,599,596,13,"GE BrightSpeed Excel"
1126948,2,1.92523,49.53788,155,226.106162791204,121,0.379,22.9,10.6,794.4,700,670,609,583,13,"GE BrightSpeed Excel"
1127093,8,5.93767,47.307,221,114.129777408893,20,0.216,12.6,11.4,1087.8,715,700,622,609,13,"GE BrightSpeed Excel"
1127138,8,-3.43042,48.51751,110,72.138632890527,24,0.131,13.2,11.2,1093,709,690,617,600,13,"GE BrightSpeed Excel"
1127138,11,-3.43042,48.51751,110,81.82889701015,23,0.137,11.8,11.2,1093,714,684,621,595,13,"GE BrightSpeed Excel"
1127143,6,2.64518,45.32946,967,232.566338870953,78,0.427,15.2,8.9,1197.2,786,771,684,670,13,"GE BrightSpeed Excel"
1127191,1,2.23668,45.54574,692,105.516209302562,36,0.271,12,10,1197.4,690,679,600,591,13,"GE BrightSpeed Excel"
1127219,4,0.72071,43.96884,108,176.578146179797,55,0.274,17.2,14.1,722.9,853,829,742,721,13,"GE BrightSpeed Excel"
1127275,5,1.09819,44.92714,161,153.967529900677,49,0.318,21.5,12.95,917.7,678,663,590,577,13,"GE BrightSpeed Excel"
1127275,15,1.09819,44.92714,161,88.2890730898987,38,0.162,21.7,12.95,917.7,765,752,666,655,13,"GE BrightSpeed Excel"
1127307,3,1.89226,43.80014,311,101.209425249396,22,0.223,10.3,13.2,779.8,742,733,646,637,13,"GE BrightSpeed Excel"
1127315,2,3.00947,45.92164,637,200.265458472209,35,0.423,18.8,10.1,845.8,699,698,608,608,13,"GE BrightSpeed Excel"
1127315,4,3.00947,45.92164,637,189.498498339295,38,0.341,14.5,10.1,845.8,663,656,577,571,13,"GE BrightSpeed Excel"
1127325,17,2.89785,47.61359,183,230.41294684437,104,0.525,20.5,11.5,768.7,754,733,656,637,13,"GE BrightSpeed Excel"
1127355,3,5.75271,48.96863,233,76.4454169436928,18,0.124,9.3,10.6,783.2,712,707,620,615,13,"GE BrightSpeed Excel"
1127365,1,2.82803,45.81462,676,73.2153289038184,24,0.137,6.2,9.85,951.7,740,709,644,617,13,"GE BrightSpeed Excel"
1127365,2,2.82803,45.81462,676,124.896737541808,31,0.172,8,9.85,951.7,728,692,634,602,13,"GE BrightSpeed Excel"
1127479,2,4.23754,47.13152,379,138.893785714597,54,0.271,14,10.7,987.9,737,730,641,635,13,"GE BrightSpeed Excel"
1127479,6,4.23754,47.13152,379,216.415898671581,60,0.385,16.5,10.7,987.9,683,675,594,588,13,"GE BrightSpeed Excel"
1127508,16,-0.81708,45.64534,20,194.881978405752,86,0.404,22.2,13.4,898.8,728,698,633,607,13,"GE BrightSpeed Excel"
1127547,1,-0.98092,47.51355,79,195.958674419043,91,0.427,16.3,12.4,754.2,767,756,668,657,13,"GE BrightSpeed Excel"
1127569,1,7.95466,48.84912,132,230.41294684437,65,0.465,24,11.35,788.8,774,780,673,679,13,"GE BrightSpeed Excel"
1127603,17,5.02765,48.15968,344,223.952770764621,71,0.318,16.1,10.4,983.3,636,616,554,536,13,"GE BrightSpeed Excel"
1127698,8,4.07545,50.26247,187,241.179906977284,77,0.532,24.6,10.6,859.9,643,646,560,562,13,"GE BrightSpeed Excel"
1127702,17,5.97339,47.05374,359,231.489642857661,115,0.455,18.6,10.8,1323.9,750,772,652,671,13,"GE BrightSpeed Excel"
1127742,3,0.84991,49.49349,68,207.802330565249,79,0.417,21,11.5,875.6,740,732,644,637,13,"GE BrightSpeed Excel"
1127745,6,4.06621,49.99325,225,372.536820598841,84,0.401,25,10.25,952.7,717,780,624,679,13,"GE BrightSpeed Excel"
1127758,3,0.95781,46.50909,139,142.123873754471,34,0.194,17,12.45,785.7,847,779,737,678,13,"GE BrightSpeed Excel"
1127758,7,0.95781,46.50909,139,146.430657807637,65,0.261,19.2,12.45,785.7,772,732,672,637,13,"GE BrightSpeed Excel"
1127778,15,1.84699,46.1745,443,202.418850498792,58,0.417,22.2,11.2,1026.1,734,735,639,640,13,"GE BrightSpeed Excel"
1127786,9,4.12377,49.25579,184,106.592905315853,81,0.251,20,10.65,665.5,809,835,704,727,13,"GE BrightSpeed Excel"
1127790,6,1.13223,46.87098,120,158.274313953843,30,0.251,19.1,12.3,773.4,790,792,687,689,13,"GE BrightSpeed Excel"
1127790,10,1.13223,46.87098,120,229.336250831078,65,0.436,22.8,12.3,773.4,732,703,637,611,13,"GE BrightSpeed Excel"
1127813,8,-0.45147,46.53729,121,230.41294684437,105,0.49,24.9,12.55,977.9,776,753,675,655,13,"GE BrightSpeed Excel"
1127813,16,-0.45147,46.53729,121,291.784619601982,142,0.506,24.5,12.55,977.9,708,678,616,590,13,"GE BrightSpeed Excel"
1127852,1,6.19181,47.89314,252,236.873122924119,115,0.468,24.3,10.85,1069.9,720,695,627,604,13,"GE BrightSpeed Excel"
1127883,8,-0.81266,43.32356,161,208.879026578541,58,0.328,23.3,13.95,1296.4,748,757,651,659,13,"GE BrightSpeed Excel"
1127910,12,5.04333,49.50823,188,277.787571429194,102,0.668,24.7,10.5,940.1,633,620,551,540,13,"GE BrightSpeed Excel"
1127924,16,3.5485,46.97888,245,215.33920265829,125,0.465,23,11.6,937.3,676,649,588,565,13,"GE BrightSpeed Excel"
1127990,4,0.61827,44.88474,107,167.964578073466,92,0.369,24.8,13.3,861.6,742,754,645,656,13,"GE BrightSpeed Excel"
1127990,10,0.61827,44.88474,107,257.330347176656,97,0.522,26.2,13.3,861.6,773,785,673,683,13,"GE BrightSpeed Excel"
1128082,11,5.15199,45.96048,292,221.799378738038,104,0.493,24.4,12,1019.1,708,678,616,590,13,"GE BrightSpeed Excel"
1128118,1,-0.02868,44.62083,60,125.973433555099,89,0.404,21.8,13.65,782.9,692,688,602,599,13,"GE BrightSpeed Excel"
1128174,4,2.30135,44.53834,285,186.26841029942,35,0.369,21.3,12.75,938.6,760,741,662,645,13,"GE BrightSpeed Excel"
1128187,1,1.75603,44.98653,191,91.5191611297731,67,0.213,16,13.1,980.9,713,680,620,591,13,"GE BrightSpeed Excel"
1128187,5,1.75603,44.98653,191,127.050129568391,60,0.248,19,13.1,980.9,787,751,685,653,13,"GE BrightSpeed Excel"
1128201,14,-0.06371,46.61814,161,114.129777408893,73,0.264,23,12.2,803.9,756,746,657,649,13,"GE BrightSpeed Excel"
1128201,17,-0.06371,46.61814,161,165.811186046883,65,0.296,16,12.2,803.9,796,780,692,679,13,"GE BrightSpeed Excel"
1128207,2,3.61216,47.44602,250,205.648938538667,90,0.414,22.5,11.45,807.3,748,735,651,640,13,"GE BrightSpeed Excel"
1128209,1,-3.97088,48.2734,74,214.262506644998,40,0.407,18.5,11.75,1285.3,725,722,631,628,13,"GE BrightSpeed Excel"
1128209,6,-3.97088,48.2734,74,169.041274086757,26,0.283,15.9,11.75,1285.3,715,697,622,606,13,"GE BrightSpeed Excel"
1128246,1,0.4507,45.3499,157,273.480787376028,110,0.567,26.9,13,945.5,731,718,636,625,13,"GE BrightSpeed Excel"
1128246,8,0.4507,45.3499,157,211.032418605124,109,0.433,24.4,13,945.5,693,664,603,577,13,"GE BrightSpeed Excel"
1128255,7,0.22935,45.12995,98,131.356913621557,59,0.334,19.2,13.2,878.9,790,777,688,676,13,"GE BrightSpeed Excel"
1128260,15,0.61755,45.73054,224,92.5958571430645,20,0.181,9.7,12.3,1046.1,736,745,641,648,13,"GE BrightSpeed Excel"
1128321,10,1.02814,44.67446,234,135.663697674722,79,0.309,15.8,12.85,945.5,844,830,734,722,13,"GE BrightSpeed Excel"
1128332,3,2.68397,47.45252,238,96.9026411962303,23,0.185,16.5,11.3,788.9,709,688,617,598,13,"GE BrightSpeed Excel"
1128332,10,2.68397,47.45252,238,104.43951328927,22,0.251,17.3,11.3,788.9,678,657,590,571,13,"GE BrightSpeed Excel"
1128357,4,0.36714,45.54643,163,311.165147841228,101,0.684,25.5,12.75,923.9,771,780,670,679,13,"GE BrightSpeed Excel"
1128369,1,3.70324,47.89475,149,206.725634551958,111,0.551,25,11.6,749.1,732,713,636,620,13,"GE BrightSpeed Excel"
1128369,10,3.70324,47.89475,149,278.864267442485,94,0.611,30,11.6,749.1,806,784,702,682,13,"GE BrightSpeed Excel"
1128382,5,6.49742,49.05296,279,85.0589850500244,40,0.162,15,10.35,799.2,764,764,665,664,13,"GE BrightSpeed Excel"
1128382,11,6.49742,49.05296,279,85.0589850500244,39,0.162,15.5,10.35,799.2,757,732,659,637,13,"GE BrightSpeed Excel"
1128464,2,0.28282,45.05897,90,101.209425249396,59,0.207,14.7,13.2,858.6,726,707,632,615,13,"GE BrightSpeed Excel"
1128477,3,2.03012,45.85126,693,191.651890365878,85,0.379,22.9,9.6,1318.3,633,609,550,530,13,"GE BrightSpeed Excel"
1128477,6,2.03012,45.85126,693,206.725634551958,104,0.42,25.3,9.6,1318.3,696,670,605,583,13,"GE BrightSpeed Excel"
1128498,23,0.64193,44.93908,107,121.666649501934,18,0.232,18.1,13.25,872.8,847,849,737,739,13,"GE BrightSpeed Excel"
1128549,11,-1.12914,45.70816,10,186.26841029942,91,0.395,18.7,13.6,807.3,788,765,685,665,13,"GE BrightSpeed Excel"
1128549,12,-1.12914,45.70816,10,162.581098007009,90,0.392,22.9,13.6,807.3,849,843,739,733,13,"GE BrightSpeed Excel"
1128600,1,1.73749,49.06992,115,71.0619368772356,190,0.767,24.2,11.2,694.7,605,607,526,528,13,"GE BrightSpeed Excel"
1128612,5,-0.15653,45.22996,69,128.126825581682,52,0.267,13.6,13.15,871,751,741,653,645,13,"GE BrightSpeed Excel"
1128612,8,-0.15653,45.22996,69,101.209425249396,50,0.213,12.5,13.15,871,735,707,640,615,13,"GE BrightSpeed Excel"
1128621,2,-1.98207,48.05703,69,144.277265781054,39,0.22,12.5,11.9,789.2,695,750,605,653,13,"GE BrightSpeed Excel"
1128621,7,-1.98207,48.05703,69,239.026514950701,75,0.42,14.3,11.9,789.2,831,810,723,705,13,"GE BrightSpeed Excel"
1128642,2,2.31258,47.61494,153,171.19466611334,95,0.392,19.6,11.6,778.3,785,759,683,660,13,"GE BrightSpeed Excel"
1128642,7,2.31258,47.61494,153,230.41294684437,77,0.477,20.8,11.6,778.3,797,792,693,689,13,"GE BrightSpeed Excel"
1128653,5,2.10631,46.10335,460,192.728586379169,81,0.5,21,10.7,942.5,646,638,562,555,13,"GE BrightSpeed Excel"
1128653,7,2.10631,46.10335,460,183.038322259546,79,0.468,19.5,10.7,942.5,716,692,623,602,13,"GE BrightSpeed Excel"
1128681,8,0.67382,45.56941,216,202.418850498792,54,0.392,25.4,12.5,1063.2,701,674,610,587,13,"GE BrightSpeed Excel"
1128764,6,1.52031,47.23427,104,205.648938538667,92,0.471,28.7,12.1,679,806,782,701,680,13,"GE BrightSpeed Excel"
1128826,2,5.12841,48.03136,359,189.498498339295,55,0.306,22.3,10.2,978.7,765,748,666,650,13,"GE BrightSpeed Excel"
1128859,2,1.83196,43.60212,234,49.5280166114066,26,0.131,9.3,13.6,752.3,761,729,662,634,13,"GE BrightSpeed Excel"
1128863,1,1.59831,47.32475,84,163.6577940203,51,0.258,19.4,12.05,690.8,818,828,711,720,13,"GE BrightSpeed Excel"
1128926,3,1.04922,45.95227,303,270.250699336153,91,0.538,19.9,11.95,1012.8,713,705,620,613,13,"GE BrightSpeed Excel"
1128949,5,1.97697,46.10301,455,219.645986711455,60,0.407,22.4,10.75,1038.8,739,725,643,631,13,"GE BrightSpeed Excel"
1128971,2,0.9696,46.04132,306,73.2153289038184,15,0.143,9.4,11.9,1035.7,824,823,717,716,13,"GE BrightSpeed Excel"
1128971,15,0.9696,46.04132,306,71.0619368772356,13,0.134,10.9,11.9,1035.7,817,835,711,727,13,"GE BrightSpeed Excel"
1128996,4,1.24413,45.23455,266,233.643034884244,94,0.633,30.7,12.35,998.8,738,713,642,621,13,"GE BrightSpeed Excel"
1128996,9,1.24413,45.23455,266,110.899689369019,74,0.306,26,12.35,998.8,671,669,584,582,13,"GE BrightSpeed Excel"
1129028,5,2.72599,45.94097,647,150.737441860803,76,0.306,27,10.05,842.3,683,667,594,581,13,"GE BrightSpeed Excel"
1129034,7,0.59308,47.31395,95,54.9114966778638,16,0.111,9,12.15,719.7,738,762,642,663,13,"GE BrightSpeed Excel"
1129048,2,4.04104,46.75666,366,348.849508306429,94,0.809,20.4,11.35,985.5,844,850,735,739,13,"GE BrightSpeed Excel"
1129078,3,0.27528,43.20608,412,235.796426910827,64,0.56,32.5,12.6,1060.3,684,673,595,585,13,"GE BrightSpeed Excel"
1129110,1,1.93771,47.93804,121,326.238892027309,45,0.643,20.3,11.7,717.1,783,763,681,664,13,"GE BrightSpeed Excel"
1129117,3,5.52717,49.29861,213,75.3687209304014,37,0.159,18.7,10.55,821.7,767,743,667,646,13,"GE BrightSpeed Excel"
1129122,1,5.33643,48.38614,386,162.581098007009,195,0.484,16.9,10.15,1066.5,679,671,591,584,13,"GE BrightSpeed Excel"
1129122,4,5.33643,48.38614,386,232.566338870953,165,0.525,23.5,10.15,1066.5,651,627,567,545,13,"GE BrightSpeed Excel"
1129130,9,2.94671,44.91442,861,167.964578073466,87,0.385,23.8,9.45,962.3,789,790,686,687,13,"GE BrightSpeed Excel"
1129150,8,5.09602,48.94965,206,132.433609634848,77,0.309,21.1,10.7,946.7,689,684,600,595,13,"GE BrightSpeed Excel"
1129164,2,4.30079,47.4184,325,190.575194352586,74,0.43,20.6,11.15,810.6,811,803,706,699,13,"GE BrightSpeed Excel"
1129164,3,4.30079,47.4184,325,163.6577940203,70,0.427,18.7,11.15,810.6,799,807,695,702,13,"GE BrightSpeed Excel"
1129175,5,5.94923,48.26096,413,201.342154485501,150,0.509,23.5,9.9,941.8,693,732,603,637,13,"GE BrightSpeed Excel"
1129178,14,3.64347,48.72272,201,200.265458472209,131,0.595,24.2,10.95,778.4,745,736,648,640,13,"GE BrightSpeed Excel"
1129196,11,0.6388,45.87484,189,79.6755049835671,19,0.131,13.5,12.45,932.7,682,654,593,569,13,"GE BrightSpeed Excel"
1129196,24,0.6388,45.87484,189,62.448368770904,19,0.118,12.4,12.45,932.7,708,695,616,605,13,"GE BrightSpeed Excel"
1129201,24,5.79439,49.18329,200,129.203521594974,103,0.36,16,10.65,755.4,767,743,667,646,13,"GE BrightSpeed Excel"
1129201,26,5.79439,49.18329,200,145.353961794345,103,0.414,13.7,10.65,755.4,817,817,711,711,13,"GE BrightSpeed Excel"
1129208,9,-0.02159,43.25391,355,292.861315615274,75,0.618,29.1,12.75,1143.3,890,872,775,759,13,"GE BrightSpeed Excel"
1129218,17,1.62236,45.52551,444,175.501450166506,63,0.36,19.8,11.55,1213.6,770,750,670,653,13,"GE BrightSpeed Excel"
1129259,6,6.70361,47.92916,647,213.185810631707,63,0.414,21.1,9.4,1816.8,700,726,609,632,13,"GE BrightSpeed Excel"
1129283,7,-3.06085,48.35475,222,113.053081395602,18,0.188,9.8,11,1056.3,763,749,664,652,13,"GE BrightSpeed Excel"
1129293,5,4.41228,46.87652,535,291.784619601982,166,0.697,25.6,10.4,1034.7,701,685,610,596,13,"GE BrightSpeed Excel"
1129384,9,4.34108,49.89923,316,162.581098007009,93,0.407,23.6,9.7,1104.8,763,746,664,649,13,"GE BrightSpeed Excel"
1129387,5,2.4018,44.41243,496,292.861315615274,111,0.487,27,11.85,931.3,814,774,708,673,13,"GE BrightSpeed Excel"
1129387,6,2.4018,44.41243,496,307.935059801354,124,0.586,31.8,11.85,931.3,803,766,699,666,13,"GE BrightSpeed Excel"
1129388,1,4.61373,47.91655,331,197.035370432335,83,0.439,22.5,10.85,886.6,714,697,621,607,13,"GE BrightSpeed Excel"
1129424,5,-0.2796,43.51768,217,180.884930232963,114,0.56,24,13.65,1107.1,766,759,667,660,13,"GE BrightSpeed Excel"
1129432,1,0.8932,48.93688,164,281.017659469068,132,0.595,25.7,11.1,686.4,749,728,652,633,13,"GE BrightSpeed Excel"
1129460,1,2.36761,50.75925,11,55.9881926911553,160,0.707,27,11.2,775,706,707,614,615,13,"GE BrightSpeed Excel"
1129460,6,2.36761,50.75925,11,273.480787376028,147,0.554,21.4,11.2,775,728,737,633,642,13,"GE BrightSpeed Excel"
1129520,5,0.93495,42.85731,917,166.887882060174,45,0.366,16.3,9.7,1316.8,788,771,686,671,13,"GE BrightSpeed Excel"
1129542,9,2.391,46.24753,426,237.94981893741,104,0.42,30.2,10.8,842.9,679,645,591,561,13,"GE BrightSpeed Excel"
1129542,10,2.391,46.24753,426,320.855411960851,111,0.551,31.4,10.8,842.9,758,747,660,650,13,"GE BrightSpeed Excel"
1129546,14,1.95907,44.95143,238,189.498498339295,69,0.293,17.5,12.55,1315.2,796,793,693,690,13,"GE BrightSpeed Excel"
1129617,7,3.96657,45.15601,692,206.725634551958,66,0.353,21.5,10.25,748,797,796,694,693,13,"GE BrightSpeed Excel"
1129709,2,1.70451,45.05821,210,171.19466611334,54,0.392,14.7,12.7,1058.8,803,783,699,681,13,"GE BrightSpeed Excel"
1129714,3,3.86493,47.0111,396,122.743345515225,33,0.286,11.8,10.95,1132.7,766,766,667,666,13,"GE BrightSpeed Excel"
1129738,2,0.8811,45.48232,252,205.648938538667,29,0.535,14.4,12.4,1073.6,817,806,711,701,13,"GE BrightSpeed Excel"
1129805,11,5.19617,48.78541,241,185.191714286129,43,0.334,16.8,10.45,1023.4,840,807,731,702,13,"GE BrightSpeed Excel"
1129820,10,1.7183,46.10189,433,282.094355482359,85,0.627,28.2,11.1,1071.9,667,665,580,579,13,"GE BrightSpeed Excel"
1129820,11,1.7183,46.10189,433,239.026514950701,84,0.503,27.9,11.1,1071.9,661,683,575,594,13,"GE BrightSpeed Excel"
1129857,1,0.74286,45.84037,193,176.578146179797,73,0.239,18.4,12.5,935.3,711,685,618,596,13,"GE BrightSpeed Excel"
1129881,5,2.60586,47.74055,156,190.575194352586,48,0.271,18.6,11.55,746.3,745,748,648,651,13,"GE BrightSpeed Excel"
1129881,18,2.60586,47.74055,156,179.808234219672,45,0.255,17.4,11.55,746.3,801,759,697,660,13,"GE BrightSpeed Excel"
1129884,12,1.15158,49.5687,127,217.492594684872,95,0.458,24,11.2,965.4,822,803,715,699,13,"GE BrightSpeed Excel"
1129929,3,5.52634,48.39916,374,181.961626246255,125,0.366,19.5,10.05,1014.7,681,700,592,609,13,"GE BrightSpeed Excel"
1129933,2,4.27466,46.69894,321,250.870171096907,127,0.573,29.6,11.45,913,705,681,614,593,13,"GE BrightSpeed Excel"
1129933,15,4.27466,46.69894,321,249.793475083616,109,0.516,31.5,11.45,913,723,718,629,624,13,"GE BrightSpeed Excel"
1130045,2,0.76079,47.01044,114,131.356913621557,62,0.264,20.5,12.3,717.9,747,739,650,643,13,"GE BrightSpeed Excel"
1130045,13,0.76079,47.01044,114,143.200569767763,63,0.277,18,12.3,717.9,806,783,702,681,13,"GE BrightSpeed Excel"
1130061,13,0.01526,47.21379,93,136.740393688014,59,0.229,17,12.55,662.8,815,863,709,751,13,"GE BrightSpeed Excel"
1130061,15,0.01526,47.21379,93,102.286121262688,57,0.191,16.4,12.55,662.8,871,916,758,797,13,"GE BrightSpeed Excel"
1130067,5,-3.56911,47.82536,64,166.887882060174,17,0.302,15.1,12.3,1040.8,778,750,677,653,13,"GE BrightSpeed Excel"
1130147,6,4.16399,48.06836,180,191.651890365878,78,0.427,21.2,11.1,792.7,770,738,670,642,13,"GE BrightSpeed Excel"
1130147,7,4.16399,48.06836,180,330.545676080474,67,0.551,24.5,11.1,792.7,629,632,548,550,13,"GE BrightSpeed Excel"
1130186,1,-1.0025,45.31581,9,192.728586379169,74,0.392,17.6,13.6,880.2,832,867,724,754,13,"GE BrightSpeed Excel"
1130186,2,-1.0025,45.31581,9,205.648938538667,73,0.414,16.3,13.6,880.2,866,883,754,768,13,"GE BrightSpeed Excel"
1130224,12,5.22227,46.80497,205,192.728586379169,77,0.379,21.6,11.75,949,738,721,642,627,13,"GE BrightSpeed Excel"
1130254,12,6.683,47.35342,662,124.896737541808,64,0.302,15.5,9.3,1324.2,789,774,686,673,13,"GE BrightSpeed Excel"
1130362,8,3.07829,47.19879,194,222.87607475133,97,0.417,28.8,11.8,836.2,664,644,577,561,13,"GE BrightSpeed Excel"
1130370,9,4.78914,49.38785,154,111.976385382311,37,0.261,15.7,10.65,882.2,714,710,621,617,13,"GE BrightSpeed Excel"
1130388,7,2.0286,46.12116,370,120.589953488642,67,0.277,20.7,11.05,958.9,698,687,607,597,13,"GE BrightSpeed Excel"
1130388,12,2.0286,46.12116,370,123.820041528516,70,0.28,15.4,11.05,958.9,819,800,712,696,13,"GE BrightSpeed Excel"
1130436,5,3.9762,48.07114,136,227.182858804495,95,0.439,23.8,11.3,770,648,633,564,551,13,"GE BrightSpeed Excel"
1130439,1,4.42596,46.55228,377,87.2123770766073,36,0.178,10.7,11.05,939.9,799,803,695,698,13,"GE BrightSpeed Excel"
1130477,5,-0.82933,43.17919,406,133.51030564814,67,0.446,27.5,12.5,1440.3,742,729,645,634,13,"GE BrightSpeed Excel"
1130522,3,0.19826,43.29446,270,146.430657807637,70,0.395,23.8,13.4,942.5,824,807,717,702,13,"GE BrightSpeed Excel"
1130532,2,3.27841,49.57084,66,78.5988089702757,22,0.181,17,11.25,694.4,783,774,681,673,13,"GE BrightSpeed Excel"
1130532,3,3.27841,49.57084,66,83.9822890367329,21,0.169,16.2,11.25,694.4,738,733,642,637,13,"GE BrightSpeed Excel"
1130618,12,3.66925,48.66849,197,237.94981893741,98,0.516,26.5,10.95,786.2,706,718,614,624,13,"GE BrightSpeed Excel"
1130635,4,4.6974,47.39299,535,153.967529900677,85,0.299,17,10.1,940.9,827,827,720,719,13,"GE BrightSpeed Excel"
1130635,15,4.6974,47.39299,535,144.277265781054,81,0.315,18.2,10.1,940.9,910,962,791,837,13,"GE BrightSpeed Excel"
1130649,3,-3.3071,48.63162,122,87.2123770766073,15,0.15,9.5,11.4,929.8,709,695,617,605,13,"GE BrightSpeed Excel"
1130649,6,-3.3071,48.63162,122,75.3687209304014,15,0.137,9.3,11.4,929.8,789,786,686,683,13,"GE BrightSpeed Excel"
1130662,5,-3.44575,47.92172,83,270.250699336153,70,0.484,22.5,12.1,1129.7,809,809,704,704,13,"GE BrightSpeed Excel"
1130669,4,4.79665,46.67089,196,91.5191611297731,25,0.175,14.9,11.95,805.1,692,689,602,600,13,"GE BrightSpeed Excel"
1130693,7,5.57884,47.06554,243,194.881978405752,141,0.519,28,11.35,1070.3,758,737,659,641,13,"GE BrightSpeed Excel"
1130729,2,-0.04778,45.07035,29,273.480787376028,80,0.5,19.8,13.6,826.9,706,681,614,593,13,"GE BrightSpeed Excel"
1130741,1,-3.83538,47.81155,21,85.0589850500244,12,0.172,7.3,12.55,942.5,821,801,714,697,13,"GE BrightSpeed Excel"
1130830,1,0.5481,45.49548,179,213.185810631707,52,0.446,21.3,12.75,953.8,879,876,765,762,13,"GE BrightSpeed Excel"
1130830,2,0.5481,45.49548,179,148.58404983422,40,0.325,18.5,12.75,953.8,805,790,700,688,13,"GE BrightSpeed Excel"
1130838,15,2.02592,44.32208,315,150.737441860803,63,0.302,18.2,12.8,916.1,681,661,592,575,13,"GE BrightSpeed Excel"
1130838,16,2.02592,44.32208,315,114.129777408893,63,0.318,19.3,12.8,916.1,706,692,614,602,13,"GE BrightSpeed Excel"
1130856,1,3.60403,49.33428,76,167.964578073466,19,0.325,17.9,11.25,692.6,656,652,571,567,13,"GE BrightSpeed Excel"
1130919,2,5.88363,47.29067,226,187.345106312712,103,0.433,27.3,11.35,1053.3,646,642,562,559,13,"GE BrightSpeed Excel"
1130924,12,1.01867,46.14988,205,78.5988089702757,26,0.166,13.6,12.1,927.2,690,655,600,570,13,"GE BrightSpeed Excel"
1130924,21,1.01867,46.14988,205,93.672553156356,32,0.185,14.7,12.1,927.2,671,663,583,577,13,"GE BrightSpeed Excel"
1130928,17,3.66365,49.51332,116,216.415898671581,78,0.382,18.4,10.9,719.2,803,812,699,706,13,"GE BrightSpeed Excel"
1130981,11,-3.07663,47.72306,26,173.348058139923,46,0.366,20.8,12.55,959.4,765,733,666,638,13,"GE BrightSpeed Excel"
1130987,13,2.11224,44.66402,311,217.492594684872,105,0.376,15.9,12.8,1031.1,697,661,606,575,13,"GE BrightSpeed Excel"
1131041,1,-1.06285,43.3879,43,212.109114618415,58,0.42,14.7,14.45,1329.1,711,698,619,608,13,"GE BrightSpeed Excel"
1131117,4,1.31087,45.75701,329,178.73153820638,36,0.283,21.9,12,1034,688,698,599,607,13,"GE BrightSpeed Excel"
1131135,4,2.52567,47.68675,135,105.516209302562,45,0.194,13.9,11.55,737.7,851,813,740,707,13,"GE BrightSpeed Excel"
1131135,8,2.52567,47.68675,135,122.743345515225,34,0.178,12.7,11.55,737.7,716,713,623,621,13,"GE BrightSpeed Excel"
1131176,1,2.25953,47.50699,142,92.5958571430645,41,0.169,10.6,11.65,798.4,749,739,652,643,13,"GE BrightSpeed Excel"
1131188,6,4.86042,48.03744,337,181.961626246255,115,0.337,22.9,10.6,918.6,724,708,630,616,13,"GE BrightSpeed Excel"
1131201,8,4.32528,47.36399,370,174.424754153215,102,0.347,18.5,10.9,808.7,744,745,648,648,13,"GE BrightSpeed Excel"
1131225,7,5.01939,47.99792,333,219.645986711455,141,0.538,25.1,10.35,943,678,688,590,599,13,"GE BrightSpeed Excel"
1131260,5,1.24555,45.16259,150,64.6017607974869,31,0.185,8.9,12.75,948.7,699,690,608,601,13,"GE BrightSpeed Excel"
1131267,1,4.96421,49.04254,150,175.501450166506,40,0.264,16.4,10.9,857.7,737,712,641,620,13,"GE BrightSpeed Excel"
1200008,1,1.60204,45.12954,219,221.799378738038,75,0.41,22.2,12.6,1050.3,769,745,669,648,13,"GE BrightSpeed Excel"
1200008,7,1.60204,45.12954,219,119.513257475351,59,0.275,17,12.6,1050.3,705,720,613,627,13,"GE BrightSpeed Excel"
1200014,7,1.23121,44.60473,167,286.401139535525,139,0.538,22.6,13.3,890.2,780,735,679,639,13,"GE BrightSpeed Excel"
1200014,16,1.23121,44.60473,167,155.044225913968,69,0.302,23.9,13.3,890.2,794,801,691,697,13,"GE BrightSpeed Excel"
1200068,2,4.2318,45.47575,488,113.053081395602,48,0.23,11,11.45,737.1,712,698,620,607,13,"GE BrightSpeed Excel"
1200068,4,4.2318,45.47575,488,103.362817275979,45,0.174,9.6,11.45,737.1,797,754,693,656,13,"GE BrightSpeed Excel"
1200104,2,4.42518,49.91578,343,163.6577940203,29,0.238,15.3,9.55,1171,756,736,658,640,13,"GE BrightSpeed Excel"
1200131,19,1.85541,45.22089,439,124.896737541808,95,0.307,17.4,11.6,1271.2,780,769,678,669,13,"GE BrightSpeed Excel"
1200134,20,5.78169,45.70884,285,306.858363788063,57,0.375,20,12,1245.9,723,710,629,617,13,"GE BrightSpeed Excel"
1200181,1,4.79925,47.87679,325,155.044225913968,125,0.402,22.5,10.55,946.6,743,730,646,635,13,"GE BrightSpeed Excel"
1200187,13,3.25626,46.80165,215,235.796426910827,120,0.638,23.7,11.75,856.6,678,650,590,566,13,"GE BrightSpeed Excel"
1200213,2,1.99218,47.79432,117,41.9911445183665,10,0.088,5.3,11.75,734,762,772,663,671,13,"GE BrightSpeed Excel"
1200265,4,2.39202,47.25513,218,103.362817275979,29,0.197,18.4,11.5,941.5,765,755,666,656,13,"GE BrightSpeed Excel"
1200265,5,2.39202,47.25513,218,111.976385382311,29,0.24,21.2,11.5,941.5,791,752,688,654,13,"GE BrightSpeed Excel"
1200275,2,0.79333,45.87707,190,180.884930232963,56,0.503,26.3,12.4,934.2,720,713,626,620,13,"GE BrightSpeed Excel"
1200275,5,0.79333,45.87707,190,217.492594684872,84,0.474,25,12.4,934.2,661,652,575,567,13,"GE BrightSpeed Excel"
1200328,4,5.61496,46.36217,506,185.191714286129,64,0.453,16.2,10.55,1517.5,780,770,679,670,13,"GE BrightSpeed Excel"
1200378,6,-2.615,48.50045,50,258.407043189947,88,0.54,18.5,11.85,707,741,742,645,646,13,"GE BrightSpeed Excel"
1200555,5,2.77743,45.92279,622,132.433609634848,71,0.236,13.6,10.05,833.8,831,820,723,714,13,"GE BrightSpeed Excel"
1200654,8,0.18239,44.37327,92,184.115018272838,73,0.386,24.5,13.8,764.8,832,791,724,688,13,"GE BrightSpeed Excel"
1200662,1,2.74291,48.22577,117,229.336250831078,63,0.498,26.8,11.65,713.9,785,774,683,673,13,"GE BrightSpeed Excel"
1200662,7,2.74291,48.22577,117,215.33920265829,65,0.431,25.5,11.65,713.9,927,935,806,813,13,"GE BrightSpeed Excel"
1200682,4,4.98656,46.81067,193,276.710875415902,117,0.527,25.4,11.9,839.3,777,787,676,684,13,"GE BrightSpeed Excel"
1200762,2,6.41062,48.2999,290,143.200569767763,55,0.253,21.5,10.45,924.2,698,684,607,595,13,"GE BrightSpeed Excel"
1200817,13,-0.40895,48.7881,190,95.8259451829389,61,0.314,15.5,11.05,873,771,762,671,663,13,"GE BrightSpeed Excel"
1200864,1,1.91036,48.00989,129,159.351009967134,62,0.264,17.1,11.55,691.7,821,785,714,683,13,"GE BrightSpeed Excel"
1200864,3,1.91036,48.00989,129,103.362817275979,57,0.2,17,11.55,691.7,761,734,662,639,13,"GE BrightSpeed Excel"
1200955,1,5.54235,46.45429,444,130.280217608265,89,0.311,16,10.75,1462.8,750,732,652,637,13,"GE BrightSpeed Excel"
1200955,4,5.54235,46.45429,444,157.197617940551,135,0.408,13.9,10.75,1462.8,705,676,614,588,13,"GE BrightSpeed Excel"
1200995,11,0.30819,45.05944,70,121.666649501934,53,0.293,19.5,13.3,860.8,720,708,626,616,13,"GE BrightSpeed Excel"
1201017,2,0.9705,46.00534,389,94.7492491696474,56,0.202,12.2,11.5,1078.9,748,723,651,629,13,"GE BrightSpeed Excel"
1201079,5,2.06722,48.78353,136,195.958674419043,87,0.449,23,11.5,685.3,713,694,620,604,13,"GE BrightSpeed Excel"
1201079,6,2.06722,48.78353,136,268.097307309571,101,0.501,27,11.5,685.3,820,784,713,682,13,"GE BrightSpeed Excel"
1201107,3,2.6248,46.31915,243,165.811186046883,68,0.401,24.3,12.05,706.9,698,695,607,605,13,"GE BrightSpeed Excel"
1201107,4,2.6248,46.31915,243,198.112066445626,71,0.391,26,12.05,706.9,805,785,701,683,13,"GE BrightSpeed Excel"
1201113,2,-1.48369,43.40978,17,141.04717774118,67,0.312,20.2,14.7,1583,777,753,676,655,13,"GE BrightSpeed Excel"
1201117,4,0.65096,45.47908,218,163.6577940203,79,0.379,22.5,12.6,999.3,759,740,660,644,13,"GE BrightSpeed Excel"
1201117,20,0.65096,45.47908,218,187.345106312712,75,0.431,22.9,12.6,999.3,697,687,606,598,13,"GE BrightSpeed Excel"
1201132,5,4.27826,48.98374,79,234.719730897536,36,0.498,24.5,11.35,628.1,775,781,675,679,13,"GE BrightSpeed Excel"
1201138,11,1.67657,47.41518,113,206.725634551958,64,0.374,19.6,11.9,740,722,716,629,623,13,"GE BrightSpeed Excel"
1201159,1,-3.92147,48.31212,122,180.884930232963,50,0.307,15.6,11.55,1401.1,749,750,652,652,13,"GE BrightSpeed Excel"
1201159,10,-3.92147,48.31212,122,155.044225913968,41,0.256,16.1,11.55,1401.1,716,708,623,616,13,"GE BrightSpeed Excel"
1201225,2,5.10002,46.4659,215,217.492594684872,102,0.518,25,11.9,1017.5,699,685,608,596,13,"GE BrightSpeed Excel"
1201225,3,5.10002,46.4659,215,215.33920265829,105,0.561,24.2,11.9,1017.5,715,709,622,617,13,"GE BrightSpeed Excel"
1201227,2,2.76046,50.3997,90,64.6017607974869,70,0.615,26,10.8,804.9,705,703,613,612,13,"GE BrightSpeed Excel"
1201227,6,2.76046,50.3997,90,223.952770764621,64,0.575,29.5,10.8,804.9,741,728,645,634,13,"GE BrightSpeed Excel"
1201240,6,4.53406,47.28822,504,99.0560332228132,72,0.233,18.3,10.5,882,656,627,570,545,13,"GE BrightSpeed Excel"
1201243,1,-1.03524,48.78998,291,130.280217608265,13,0.24,10.5,10.55,1340.8,776,799,675,695,13,"GE BrightSpeed Excel"
1201275,6,1.99622,47.16469,119,293.938011628565,135,0.65,25.3,12.05,744.3,631,608,549,529,13,"GE BrightSpeed Excel"
1201278,3,2.33919,47.70489,129,269.174003322862,86,0.565,25.1,11.65,739.9,730,729,635,634,13,"GE BrightSpeed Excel"
1201285,9,-3.56999,48.31226,132,167.964578073466,38,0.307,12.4,11.55,1135.6,827,793,720,689,13,"GE BrightSpeed Excel"
1201321,5,3.56112,48.68764,185,268.097307309571,105,0.67,33,10.95,779.5,750,735,653,640,13,"GE BrightSpeed Excel"
1201352,1,1.6992,47.73912,99,164.734490033591,77,0.36,17,11.8,681.8,787,765,685,665,13,"GE BrightSpeed Excel"
1201352,7,1.6992,47.73912,99,146.430657807637,82,0.368,16.8,11.8,681.8,748,724,651,630,13,"GE BrightSpeed Excel"
1201391,16,2.86481,46.96606,201,86.1356810633158,34,0.193,17.2,11.8,812.3,724,701,630,610,13,"GE BrightSpeed Excel"
1201396,4,1.11273,43.11106,401,282.094355482359,47,0.587,28,12.65,952.4,733,726,637,631,13,"GE BrightSpeed Excel"
1201396,6,1.11273,43.11106,401,128.126825581682,31,0.254,19.5,12.65,952.4,752,760,654,661,13,"GE BrightSpeed Excel"
1201426,14,6.03981,48.78012,257,189.498498339295,146,0.389,20,10.55,794.1,695,660,605,575,13,"GE BrightSpeed Excel"
1201434,5,1.71361,48.78221,129,218.569290698164,122,0.559,19.2,11.25,668.8,735,729,640,634,13,"GE BrightSpeed Excel"
1201454,1,4.59061,46.74715,419,282.094355482359,98,0.665,18.8,11.15,859.1,735,719,640,626,13,"GE BrightSpeed Excel"
1201463,1,6.22951,49.49375,223,290.707923588691,151,0.664,24.5,10.75,784.4,642,632,558,550,13,"GE BrightSpeed Excel"
1201474,18,3.39896,48.72516,196,260.56043521653,87,0.565,30.5,11.05,770.2,857,870,746,757,13,"GE BrightSpeed Excel"
1201496,8,5.28818,48.00945,381,195.958674419043,170,0.425,24,10.15,950.3,690,667,600,580,13,"GE BrightSpeed Excel"
1201496,12,5.28818,48.00945,381,173.348058139923,171,0.417,18.5,10.15,950.3,680,654,591,569,13,"GE BrightSpeed Excel"
1201590,6,0.20887,43.67227,179,219.645986711455,87,0.643,26.1,13.75,858.5,748,737,651,641,13,"GE BrightSpeed Excel"
1201656,10,-1.34108,47.34059,69,181.961626246255,51,0.354,20.2,12.55,854.7,708,688,616,599,13,"GE BrightSpeed Excel"
1201656,16,-1.34108,47.34059,69,142.123873754471,49,0.213,20.2,12.55,854.7,707,717,615,624,13,"GE BrightSpeed Excel"
1201675,7,0.89566,46.88625,113,211.032418605124,75,0.498,27,12.35,738.2,733,720,637,626,13,"GE BrightSpeed Excel"
1201675,11,0.89566,46.88625,113,133.51030564814,76,0.343,22.6,12.35,738.2,786,765,684,666,13,"GE BrightSpeed Excel"
1201692,18,1.57128,43.6725,175,235.796426910827,96,0.471,18.6,13.8,737.2,711,703,618,612,13,"GE BrightSpeed Excel"
1201718,1,1.41337,44.24668,153,141.04717774118,117,0.394,22.4,13.55,796.1,675,660,588,574,13,"GE BrightSpeed Excel"
1201718,7,1.41337,44.24668,153,146.430657807637,60,0.279,22.9,13.55,796.1,763,762,663,663,13,"GE BrightSpeed Excel"
1201733,1,3.50847,47.55506,191,165.811186046883,76,0.307,17,11.6,776.5,791,785,688,683,13,"GE BrightSpeed Excel"
1201743,12,3.06487,50.09312,116,325.162196014017,109,0.704,23.5,10.7,751.3,746,758,649,659,13,"GE BrightSpeed Excel"
1201804,15,2.70564,46.75077,196,88.2890730898987,65,0.257,16,12,768.5,717,709,623,617,13,"GE BrightSpeed Excel"
1201820,3,4.88955,49.74521,183,265.943915282988,76,0.638,25.6,10.4,1016.8,710,690,617,600,13,"GE BrightSpeed Excel"
1201833,6,0.34479,45.45604,120,270.250699336153,119,0.501,26.2,12.95,871.7,781,758,679,660,13,"GE BrightSpeed Excel"
1201844,1,2.02901,46.04919,532,217.492594684872,70,0.412,24.5,10.3,1038.8,757,768,658,668,13,"GE BrightSpeed Excel"
1201885,8,1.83044,45.1668,376,111.976385382311,85,0.268,18.5,11.6,1285.4,744,748,648,651,13,"GE BrightSpeed Excel"
1201908,2,-0.33015,48.84385,127,141.04717774118,71,0.313,9.6,11.05,803.9,715,726,622,631,13,"GE BrightSpeed Excel"
1201994,1,1.29404,45.28901,157,192.728586379169,69,0.443,20.5,12.5,1036.8,727,721,632,627,13,"GE BrightSpeed Excel"
1201994,7,1.29404,45.28901,157,264.867219269696,72,0.465,24.2,12.5,1036.8,786,794,684,691,13,"GE BrightSpeed Excel"
1202084,5,2.07934,46.33722,312,187.345106312712,72,0.489,22,11.6,865.3,753,742,655,645,13,"GE BrightSpeed Excel"
1202084,6,2.07934,46.33722,312,146.430657807637,75,0.748,21.6,11.6,865.3,679,671,591,584,13,"GE BrightSpeed Excel"
1202085,5,1.56741,45.79506,329,133.51030564814,46,0.264,19.7,11.7,1148.7,656,669,571,582,13,"GE BrightSpeed Excel"
1202085,7,1.56741,45.79506,329,167.964578073466,49,0.349,22.7,11.7,1148.7,776,782,675,680,13,"GE BrightSpeed Excel"
1202116,2,2.28807,45.34786,568,269.174003322862,77,0.44,23.8,11.15,1121.9,770,783,669,681,13,"GE BrightSpeed Excel"
1202116,11,2.28807,45.34786,568,202.418850498792,62,0.447,22.8,11.15,1121.9,835,835,727,727,13,"GE BrightSpeed Excel"
1202152,9,0.72557,45.55217,234,109.822993355728,27,0.261,15.9,12.4,1075.3,761,753,662,655,13,"GE BrightSpeed Excel"
1202152,24,0.72557,45.55217,234,200.265458472209,26,0.39,18.4,12.4,1075.3,734,729,638,635,13,"GE BrightSpeed Excel"
1202157,3,2.833,49.21416,93,249.793475083616,126,0.585,27.4,11.35,721.8,734,733,639,638,13,"GE BrightSpeed Excel"
1202157,6,2.833,49.21416,93,96.9026411962303,140,0.694,23.7,11.35,721.8,624,620,543,540,13,"GE BrightSpeed Excel"
1202215,2,2.22981,49.08935,72,176.578146179797,120,0.409,21.7,11.85,672.8,682,684,594,595,13,"GE BrightSpeed Excel"
1202215,11,2.22981,49.08935,72,60.2949767443211,170,0.667,26,11.85,672.8,617,614,537,534,13,"GE BrightSpeed Excel"
1202222,7,2.05317,46.37314,345,188.421802326003,70,0.437,26.9,11.4,873.1,725,711,631,618,13,"GE BrightSpeed Excel"
1202256,8,3.38902,46.89048,271,267.020611296279,118,0.53,29,11.65,897.1,728,715,634,622,13,"GE BrightSpeed Excel"
1202256,9,3.38902,46.89048,271,254.100259136782,113,0.489,27,11.65,897.1,673,650,585,565,13,"GE BrightSpeed Excel"
1202261,2,-1.52793,49.18885,26,160.427705980426,58,0.374,14.8,11.8,991.3,792,794,689,691,13,"GE BrightSpeed Excel"
1202285,5,4.49529,46.98298,332,157.197617940551,56,0.429,13.2,11.05,819.6,718,703,625,612,13,"GE BrightSpeed Excel"
1202323,2,-2.2954,47.34231,6,38.7610564784921,8,0.083,6.1,12.8,789.4,810,812,704,706,13,"GE BrightSpeed Excel"
1202349,4,-0.45775,43.11758,408,204.572242525375,103,0.417,26,12.75,1524.3,873,848,760,738,13,"GE BrightSpeed Excel"
1202349,12,-0.45775,43.11758,408,230.41294684437,104,0.459,25,12.75,1524.3,863,860,751,748,13,"GE BrightSpeed Excel"
1202352,1,4.02782,47.17078,575,269.174003322862,119,0.508,23.4,9.9,1359.3,738,726,642,632,13,"GE BrightSpeed Excel"
1202372,4,3.47201,45.84595,348,203.495546512084,137,0.529,19,12.05,844.5,619,603,539,524,13,"GE BrightSpeed Excel"
1202372,5,3.47201,45.84595,348,233.643034884244,136,0.464,19.5,12.05,844.5,631,616,549,536,13,"GE BrightSpeed Excel"
1202374,12,3.05893,47.72064,207,148.58404983422,100,0.51,29,11.3,808.1,684,675,595,587,13,"GE BrightSpeed Excel"
1202397,1,5.51374,47.30143,189,55.9881926911553,17,0.124,11.7,11.45,883.3,669,671,582,584,13,"GE BrightSpeed Excel"
1202397,12,5.51374,47.30143,189,59.2182807310296,15,0.131,11.4,11.45,883.3,621,613,541,533,13,"GE BrightSpeed Excel"
1202419,12,1.83751,50.04041,99,234.719730897536,97,0.471,30,11,825.8,748,741,650,645,13,"GE BrightSpeed Excel"
1202427,9,-1.82134,48.06285,22,124.896737541808,20,0.233,19.4,12.25,697.6,807,797,702,693,13,"GE BrightSpeed Excel"
1202442,3,1.70435,47.30739,100,114.129777408893,57,0.191,17.6,11.95,708.2,759,708,660,616,13,"GE BrightSpeed Excel"
1202442,14,1.70435,47.30739,100,120.589953488642,57,0.251,18.8,11.95,708.2,732,725,637,631,13,"GE BrightSpeed Excel"
1202452,13,6.53554,48.51159,267,204.572242525375,127,0.403,20,10.5,823.1,753,730,655,635,13,"GE BrightSpeed Excel"
1202452,15,6.53554,48.51159,267,270.250699336153,149,0.529,20.9,10.5,823.1,682,642,594,558,13,"GE BrightSpeed Excel"
1202455,11,6.25589,48.03507,286,94.7492491696474,21,0.137,11.6,10.45,1202.4,787,767,685,668,13,"GE BrightSpeed Excel"
1202455,12,6.25589,48.03507,286,223.952770764621,51,0.452,16.6,10.45,1202.4,738,737,642,641,13,"GE BrightSpeed Excel"
1202457,4,4.49097,46.87507,445,292.861315615274,125,0.562,22.2,10.7,952.3,768,749,668,652,13,"GE BrightSpeed Excel"
1202609,7,0.0298,44.42414,132,122.743345515225,76,0.467,21.4,13.55,817.2,789,782,686,680,13,"GE BrightSpeed Excel"
1202748,9,-1.15699,44.1227,43,141.04717774118,39,0.373,16.3,13.9,1122.3,819,816,712,710,13,"GE BrightSpeed Excel"
1202758,4,-2.07446,48.19769,72,363.923252492509,132,0.642,28,11.85,782.8,725,713,631,620,13,"GE BrightSpeed Excel"
1202758,11,-2.07446,48.19769,72,302.551579734897,132,0.506,24.2,11.85,782.8,765,754,666,656,13,"GE BrightSpeed Excel"
1202761,1,1.57736,45.0754,215,93.672553156356,25,0.215,11.6,12.6,1031.3,764,757,664,658,13,"GE BrightSpeed Excel"
1202761,2,1.57736,45.0754,215,76.4454169436928,22,0.175,14,12.6,1031.3,745,741,648,645,13,"GE BrightSpeed Excel"
1202766,1,2.44567,47.65087,160,173.348058139923,56,0.313,23.8,11.55,762.4,785,779,683,677,13,"GE BrightSpeed Excel"
1202766,3,2.44567,47.65087,160,148.58404983422,54,0.326,21.9,11.55,762.4,769,749,669,652,13,"GE BrightSpeed Excel"
1202775,3,1.31986,45.27125,187,71.0619368772356,20,0.125,12,12.55,999.7,719,721,625,627,13,"GE BrightSpeed Excel"
1202775,9,1.31986,45.27125,187,47.3746245848237,22,0.142,12,12.55,999.7,833,821,725,714,13,"GE BrightSpeed Excel"
1202784,5,0.62019,43.1762,433,83.9822890367329,50,0.162,15.4,12.4,902.7,759,744,661,647,13,"GE BrightSpeed Excel"
1202784,7,0.62019,43.1762,433,295.014707641857,90,0.58,24.4,12.4,902.7,729,709,634,617,13,"GE BrightSpeed Excel"
1202816,1,2.82871,48.76485,117,53.8348006645724,210,0.759,33.6,11.55,738.6,626,629,545,547,13,"GE BrightSpeed Excel"
1202869,2,2.49707,47.03914,167,66.7551528240698,22,0.125,13.3,12,778.6,857,880,746,766,13,"GE BrightSpeed Excel"
1202879,2,4.92415,46.05596,270,149.660745847511,62,0.325,22.7,12.05,899.9,682,673,593,585,13,"GE BrightSpeed Excel"
1203003,4,2.44404,46.84128,177,156.12092192726,47,0.315,19.1,12.1,766.9,696,690,605,600,13,"GE BrightSpeed Excel"
1203003,9,2.44404,46.84128,177,123.820041528516,133,0.298,19,12.1,766.9,745,739,648,643,13,"GE BrightSpeed Excel"
1203006,1,6.17931,47.35325,294,97.9793372095217,31,0.153,16,11,1161.5,707,719,615,625,13,"GE BrightSpeed Excel"
1203006,5,6.17931,47.35325,294,85.0589850500244,31,0.174,19.8,11,1161.5,673,670,585,583,13,"GE BrightSpeed Excel"
1203078,12,-3.0291,48.57246,102,250.870171096907,150,0.541,12.6,11.55,816,787,769,684,669,13,"GE BrightSpeed Excel"
1203097,6,4.93057,48.9174,184,151.814137874094,24,0.303,20.5,10.85,879,706,684,614,595,13,"GE BrightSpeed Excel"
1203200,8,-1.84528,48.02597,56,186.26841029942,65,0.406,22.5,12.1,775,745,735,648,639,13,"GE BrightSpeed Excel"
1203200,11,-1.84528,48.02597,56,167.964578073466,65,0.403,19,12.1,775,770,738,670,642,13,"GE BrightSpeed Excel"
1203207,2,2.65046,46.2651,411,181.961626246255,30,0.38,15.1,11.15,811.1,761,754,662,656,13,"GE BrightSpeed Excel"
1203223,9,-0.15009,45.0861,42,61.3716727576125,34,0.131,11.1,13.6,838.3,685,671,596,584,13,"GE BrightSpeed Excel"
1203223,16,-0.15009,45.0861,42,63.5250647841954,33,0.137,12.5,13.6,838.3,784,778,682,677,13,"GE BrightSpeed Excel"
1203389,6,5.90395,48.78427,231,227.182858804495,77,0.415,21.4,10.75,760.1,650,632,566,550,13,"GE BrightSpeed Excel"
1203389,16,5.90395,48.78427,231,167.964578073466,63,0.306,20.2,10.75,760.1,706,663,614,577,13,"GE BrightSpeed Excel"
1203413,1,2.07226,47.79453,126,234.719730897536,56,0.486,22.1,11.75,736.2,747,737,650,641,13,"GE BrightSpeed Excel"
1203417,6,-2.84166,48.59884,27,269.174003322862,53,0.559,19,11.95,741.3,790,774,687,673,13,"GE BrightSpeed Excel"
1203490,1,4.39137,47.70475,327,192.728586379169,97,0.379,18.7,10.9,903.3,790,787,687,685,13,"GE BrightSpeed Excel"
1203490,3,4.39137,47.70475,327,145.353961794345,95,0.289,13,10.9,903.3,779,799,678,696,13,"GE BrightSpeed Excel"
1203550,13,1.90813,44.98722,285,255.176955150073,108,0.471,19.4,12.5,1263.8,753,751,655,653,13,"GE BrightSpeed Excel"
1203608,4,3.8117,47.9474,133,188.421802326003,82,0.379,24.6,11.6,742.1,735,741,640,644,13,"GE BrightSpeed Excel"
1203608,8,3.8117,47.9474,133,165.811186046883,75,0.381,23.8,11.6,742.1,755,767,657,668,13,"GE BrightSpeed Excel"
1203612,3,2.6011,46.78704,173,207.802330565249,114,0.405,18.3,12.05,784,704,681,612,592,13,"GE BrightSpeed Excel"
1203612,5,2.6011,46.78704,173,173.348058139923,101,0.371,23.1,12.05,784,703,704,611,612,13,"GE BrightSpeed Excel"
1203623,24,0.2749,45.95876,113,178.73153820638,37,0.26,18.4,12.6,843.4,819,773,712,673,13,"GE BrightSpeed Excel"
1203628,6,3.74492,49.4585,91,193.805282392461,90,0.436,27.2,10.9,769.7,768,759,668,660,13,"GE BrightSpeed Excel"
1203628,10,3.74492,49.4585,91,200.265458472209,100,0.425,29,10.9,769.7,775,761,674,662,13,"GE BrightSpeed Excel"
1203655,9,5.49861,49.28138,219,292.861315615274,143,0.707,29.7,10.45,861.3,640,657,557,572,13,"GE BrightSpeed Excel"
1203721,1,-0.39686,47.00673,109,57.0648887044467,12,0.116,7.2,12.5,683.6,799,803,695,699,13,"GE BrightSpeed Excel"
1203721,2,-0.39686,47.00673,109,39.8377524917836,10,0.087,6.7,12.5,683.6,823,807,716,702,13,"GE BrightSpeed Excel"
1203738,4,4.11494,45.81963,332,75.3687209304014,42,0.159,12.5,12.2,686,720,695,626,604,13,"GE BrightSpeed Excel"
1203835,3,-4.43872,48.33758,34,152.890833887386,54,0.252,10.5,12.25,1036.5,829,749,721,651,13,"GE BrightSpeed Excel"
1203835,7,-4.43872,48.33758,34,178.73153820638,68,0.349,13.1,12.25,1036.5,855,819,744,712,13,"GE BrightSpeed Excel"
1203942,15,5.84471,46.69752,664,212.109114618415,139,0.445,21.3,9.4,1650.2,777,721,676,628,13,"GE BrightSpeed Excel"
1203946,3,0.01101,48.52727,335,151.814137874094,59,0.276,23.9,10.45,922.1,797,803,693,699,13,"GE BrightSpeed Excel"
1203946,5,0.01101,48.52727,335,144.277265781054,59,0.332,22.9,10.45,922.1,756,762,658,663,13,"GE BrightSpeed Excel"
1203995,8,0.11411,47.37772,82,262.713827243113,99,0.532,25,12.2,735.3,798,783,695,681,13,"GE BrightSpeed Excel"
1204109,12,2.5232,46.98512,164,149.660745847511,46,0.254,14.5,12,779.2,874,846,760,736,13,"GE BrightSpeed Excel"
1204126,6,5.9517,48.29688,357,117.359865448768,28,0.186,14.5,10.2,925.6,748,706,651,614,13,"GE BrightSpeed Excel"
1204170,4,2.80184,48.80091,121,55.9881926911553,210,0.726,25.5,11.55,743.6,640,643,556,559,13,"GE BrightSpeed Excel"
1204170,11,2.80184,48.80091,121,52.7581046512809,210,0.703,28,11.55,743.6,610,614,531,535,13,"GE BrightSpeed Excel"
1204184,1,3.75901,48.97308,220,254.100259136782,55,0.602,25,10.75,785.2,674,671,587,584,13,"GE BrightSpeed Excel"
1204255,6,6.60367,49.01322,260,109.822993355728,35,0.223,18.8,10.5,806.6,716,722,623,628,13,"GE BrightSpeed Excel"
1204255,14,6.60367,49.01322,260,135.663697674722,37,0.263,20.5,10.5,806.6,742,736,646,641,13,"GE BrightSpeed Excel"
1204261,1,2.05401,46.2112,492,225.029466777913,71,0.393,21.9,10.55,965.3,719,700,626,609,13,"GE BrightSpeed Excel"
1204261,26,2.05401,46.2112,492,211.032418605124,70,0.434,26,10.55,965.3,756,749,657,651,13,"GE BrightSpeed Excel"
1204333,5,1.50258,46.67634,156,232.566338870953,115,0.512,23.9,12.2,812.5,778,765,676,665,13,"GE BrightSpeed Excel"
1204337,5,4.77075,46.09537,190,127.050129568391,23,0.223,13.8,12.7,781.9,740,748,644,651,13,"GE BrightSpeed Excel"
1204382,4,1.88632,47.68603,99,131.356913621557,45,0.27,16,11.75,747.1,729,726,635,631,13,"GE BrightSpeed Excel"
1204415,7,2.7511,45.85092,715,214.262506644998,131,0.428,22,9.65,916.6,722,731,628,636,13,"GE BrightSpeed Excel"
1204416,8,1.55399,44.93131,263,159.351009967134,48,0.304,20.4,12.85,951.6,755,746,657,649,13,"GE BrightSpeed Excel"
1204419,2,2.1302,46.62522,221,205.648938538667,94,0.42,18.6,11.95,796.4,807,796,702,692,13,"GE BrightSpeed Excel"
1204459,1,-0.12937,44.61862,58,232.566338870953,92,0.434,22.2,13.7,823.5,740,723,644,629,13,"GE BrightSpeed Excel"
1204459,6,-0.12937,44.61862,58,138.893785714597,58,0.244,22.4,13.7,823.5,764,729,665,634,13,"GE BrightSpeed Excel"
1204468,14,1.91468,47.47026,111,141.04717774118,45,0.284,16.3,11.8,759,840,834,731,726,13,"GE BrightSpeed Excel"
1204476,6,-0.34329,43.8219,102,127.050129568391,54,0.302,13.4,13.95,973.5,730,713,635,620,13,"GE BrightSpeed Excel"
1204487,8,2.41746,46.60739,228,79.6755049835671,46,0.24,15,12,747.2,778,769,676,669,13,"GE BrightSpeed Excel"
1204509,15,1.70222,47.48728,100,204.572242525375,49,0.3,16.3,11.85,725.6,798,749,694,651,13,"GE BrightSpeed Excel"
1204513,7,0.80836,45.33738,196,144.277265781054,49,0.281,18,12.85,956.9,727,709,633,617,13,"GE BrightSpeed Excel"
1204560,3,6.97243,48.24308,461,63.5250647841954,10,0.121,7.5,10.1,1101.7,832,831,724,723,13,"GE BrightSpeed Excel"
1204563,5,3.33254,46.67505,258,137.817089701305,101,0.349,21,11.7,832.6,683,661,595,575,13,"GE BrightSpeed Excel"
1204563,11,3.33254,46.67505,258,194.881978405752,86,0.419,23.8,11.7,832.6,746,727,649,633,13,"GE BrightSpeed Excel"
1204633,1,-3.86832,47.86393,24,219.645986711455,14,0.347,12.1,12.5,1026.5,744,705,648,614,13,"GE BrightSpeed Excel"
1204649,4,2.23788,44.88007,607,117.359865448768,50,0.26,21.8,10.95,1274.9,649,632,565,550,13,"GE BrightSpeed Excel"
1204679,9,-3.45078,47.72308,37,124.896737541808,39,0.203,14.7,12.55,877.7,787,776,684,675,13,"GE BrightSpeed Excel"
1204679,13,-3.45078,47.72308,37,117.359865448768,37,0.173,12,12.55,877.7,784,797,682,693,13,"GE BrightSpeed Excel"
1204758,2,2.47502,48.69388,86,209.955722591832,59,0.45,25,12,658.6,698,684,607,595,13,"GE BrightSpeed Excel"
1204778,3,-3.80876,47.81296,21,135.663697674722,34,0.28,12.1,12.55,951.3,807,797,702,693,13,"GE BrightSpeed Excel"
1204778,4,-3.80876,47.81296,21,206.725634551958,80,0.375,10,12.55,951.3,940,931,818,810,13,"GE BrightSpeed Excel"
1204839,1,6.18503,47.06486,483,200.265458472209,46,0.445,9.6,10.2,1398.6,824,813,717,708,13,"GE BrightSpeed Excel"
1204882,6,0.78709,47.0108,116,117.359865448768,35,0.238,14.8,12.25,723.3,782,772,680,671,13,"GE BrightSpeed Excel"
1204891,8,0.7723,46.61468,131,163.6577940203,57,0.355,21,12.35,777.6,720,700,626,609,13,"GE BrightSpeed Excel"
1204891,13,0.7723,46.61468,131,174.424754153215,72,0.252,21.3,12.35,777.6,761,733,662,638,13,"GE BrightSpeed Excel"
1204894,5,0.38463,46.5007,131,153.967529900677,30,0.258,3.5,12.3,757.5,785,735,683,639,13,"GE BrightSpeed Excel"
1204912,8,-1.07569,43.60339,50,135.663697674722,63,0.299,18.5,14.25,1307.9,815,787,709,685,13,"GE BrightSpeed Excel"
1204931,18,0.78189,47.19069,110,127.050129568391,27,0.237,15.5,12.1,722.5,867,848,755,737,13,"GE BrightSpeed Excel"
1204936,11,0.8712,47.78562,100,263.790523256405,64,0.459,22,11.9,672.8,756,763,658,664,13,"GE BrightSpeed Excel"
1204964,6,-0.22774,47.8746,39,234.719730897536,98,0.507,26.1,12.15,735.5,776,763,675,664,13,"GE BrightSpeed Excel"
1205011,2,-4.67043,48.45037,29,183.038322259546,46,0.339,19,12.1,1052.4,889,856,773,745,13,"GE BrightSpeed Excel"
1205011,18,-4.67043,48.45037,29,203.495546512084,60,0.428,19.6,12.1,1052.4,776,757,675,658,13,"GE BrightSpeed Excel"
1205058,8,0.74044,43.26792,297,131.356913621557,33,0.238,13.9,13.1,829.2,787,795,684,692,13,"GE BrightSpeed Excel"
1205097,5,7.01903,47.55655,383,175.501450166506,105,0.425,25.4,10.5,1017.6,764,771,665,670,13,"GE BrightSpeed Excel"
1205097,9,7.01903,47.55655,383,234.719730897536,125,0.49,31.6,10.5,1017.6,693,669,603,582,13,"GE BrightSpeed Excel"
1205106,6,0.56768,44.88394,66,142.123873754471,70,0.299,18.3,13.4,854.6,725,703,631,612,13,"GE BrightSpeed Excel"
1205141,1,2.85626,48.80068,125,60.2949767443211,136,0.783,24.5,11.5,743.6,581,585,506,509,13,"GE BrightSpeed Excel"
1205141,3,2.85626,48.80068,125,301.474883721605,118,0.66,26.6,11.5,743.6,670,673,583,586,13,"GE BrightSpeed Excel"
1205202,3,0.77423,45.64284,310,183.038322259546,50,0.339,20.7,11.9,1147.5,734,715,639,622,13,"GE BrightSpeed Excel"
1205202,7,0.77423,45.64284,310,92.5958571430645,27,0.194,16.4,11.9,1147.5,756,752,657,655,13,"GE BrightSpeed Excel"
1205207,6,-1.38519,47.2131,5,194.881978405752,90,0.367,16,12.85,810,780,755,679,657,13,"GE BrightSpeed Excel"
1205207,9,-1.38519,47.2131,5,185.191714286129,98,0.363,17.4,12.85,810,694,686,604,597,13,"GE BrightSpeed Excel"
1205220,1,-3.42447,48.46372,231,361.769860465926,114,0.631,20.8,10.95,1217.1,871,848,757,738,13,"GE BrightSpeed Excel"
1205220,9,-3.42447,48.46372,231,227.182858804495,84,0.368,18.9,10.95,1217.1,823,795,716,692,13,"GE BrightSpeed Excel"
1205294,1,2.28608,47.507,152,106.592905315853,68,0.178,20.1,11.65,801.7,799,727,695,632,13,"GE BrightSpeed Excel"
1205374,1,-0.52402,47.41771,24,167.964578073466,25,0.259,16.3,12.75,646.7,835,758,726,659,13,"GE BrightSpeed Excel"
1205379,7,0.13737,43.5989,183,228.259554817787,60,0.465,23.1,13.75,884.1,861,860,749,749,13,"GE BrightSpeed Excel"
1205411,16,5.58847,47.65945,295,237.94981893741,170,0.561,26.7,10.7,964.6,719,694,625,604,13,"GE BrightSpeed Excel"
1205412,11,0.88541,46.29223,181,136.740393688014,29,0.209,18.3,12.25,870,756,756,658,658,13,"GE BrightSpeed Excel"
1205568,11,3.43246,47.73571,180,106.592905315853,28,0.201,11.2,11.5,765.8,709,698,617,607,13,"GE BrightSpeed Excel"
1205581,10,1.46543,47.35981,97,174.424754153215,59,0.289,21.5,12,693.6,765,791,665,689,13,"GE BrightSpeed Excel"
1205581,17,1.46543,47.35981,97,162.581098007009,56,0.267,20.9,12,693.6,722,682,628,593,13,"GE BrightSpeed Excel"
1205597,4,1.36867,46.85523,126,158.274313953843,78,0.396,19.7,12.3,778.4,714,704,621,613,13,"GE BrightSpeed Excel"
1205597,15,1.36867,46.85523,126,134.587001661431,78,0.218,17,12.3,778.4,733,705,637,613,13,"GE BrightSpeed Excel"
1205638,14,1.6619,46.47946,273,133.51030564814,44,0.265,20.6,11.75,872.4,742,717,645,624,13,"GE BrightSpeed Excel"
1205645,4,4.97091,47.02706,199,321.932107974143,96,0.691,26.6,11.8,762.7,614,582,534,506,13,"GE BrightSpeed Excel"
1205681,15,-2.9246,48.61319,92,208.879026578541,120,0.463,17.7,11.7,791,797,779,694,678,13,"GE BrightSpeed Excel"
1205693,1,0.35453,43.0458,645,180.884930232963,86,0.419,20.5,11.65,1121.3,768,720,668,627,13,"GE BrightSpeed Excel"
1205693,9,0.35453,43.0458,645,342.38933222668,85,0.67,25.4,11.65,1121.3,735,724,640,630,13,"GE BrightSpeed Excel"
1205711,17,6.11879,47.24718,443,138.893785714597,122,0.358,16.6,10.35,1268.2,742,714,645,621,13,"GE BrightSpeed Excel"
1205750,22,4.82036,48.32618,241,185.191714286129,65,0.36,23,10.95,878.9,784,779,682,678,13,"GE BrightSpeed Excel"
1205790,1,1.39385,45.41585,368,299.321491695022,75,0.57,23.4,11.75,1131.1,634,621,551,540,13,"GE BrightSpeed Excel"
1205790,6,1.39385,45.41585,368,257.330347176656,82,0.505,24.1,11.75,1131.1,745,737,648,641,13,"GE BrightSpeed Excel"
1205844,4,5.1381,46.69903,202,267.020611296279,114,0.538,24.2,11.85,969.9,694,702,603,611,13,"GE BrightSpeed Excel"
1205844,6,5.1381,46.69903,202,192.728586379169,111,0.418,25.1,11.85,969.9,650,631,566,549,13,"GE BrightSpeed Excel"
1205874,2,5.09973,47.99605,365,205.648938538667,150,0.433,19,10.3,980.3,665,648,578,564,13,"GE BrightSpeed Excel"
1205874,8,5.09973,47.99605,365,222.87607475133,125,0.411,22,10.3,980.3,726,725,631,631,13,"GE BrightSpeed Excel"
1205893,1,0.76987,48.50379,225,292.861315615274,115,0.626,30,10.75,801.2,733,721,638,627,13,"GE BrightSpeed Excel"
1205960,2,6.19148,47.15471,561,151.814137874094,105,0.317,21.2,9.9,1358.8,728,726,633,631,13,"GE BrightSpeed Excel"
1205968,1,2.65908,47.72243,159,342.38933222668,115,0.635,28.1,11.5,749,713,694,621,604,13,"GE BrightSpeed Excel"
1205968,3,2.65908,47.72243,159,219.645986711455,90,0.557,28.2,11.5,749,704,691,613,601,13,"GE BrightSpeed Excel"
1205987,1,2.80672,49.34005,43,50.604712624698,190,0.627,36,11.45,652.4,534,533,465,464,13,"GE BrightSpeed Excel"
1205991,15,1.03979,44.17094,120,235.796426910827,111,0.507,22.5,13.8,741.3,684,663,595,577,13,"GE BrightSpeed Excel"
1205992,11,0.87382,46.724,92,267.020611296279,95,0.534,24.5,12.5,714.1,781,783,680,681,13,"GE BrightSpeed Excel"
1206001,5,-4.28655,48.41843,79,220.722682724747,60,0.327,10.3,11.75,1262.1,706,695,614,605,13,"GE BrightSpeed Excel"
1206007,17,0.00071,45.12538,46,127.050129568391,43,0.277,21.4,13.4,832,739,733,643,638,13,"GE BrightSpeed Excel"
1206022,41,3.03016,47.55891,244,291.784619601982,87,0.457,25.2,11.25,842,765,768,666,668,13,"GE BrightSpeed Excel"
1206160,15,1.06834,47.35613,122,191.651890365878,76,0.344,22.3,12,712.9,748,741,651,645,13,"GE BrightSpeed Excel"
1206365,9,1.71555,48.62042,138,258.407043189947,107,0.5,20.8,11.25,667.5,769,757,669,659,13,"GE BrightSpeed Excel"
1206365,10,1.71555,48.62042,138,203.495546512084,84,0.34,18.4,11.25,667.5,780,759,678,661,13,"GE BrightSpeed Excel"
1206385,2,0.35213,48.10179,81,303.628275748188,81,0.604,20.7,11.85,713.8,763,760,664,661,13,"GE BrightSpeed Excel"
1206385,4,0.35213,48.10179,81,216.415898671581,122,0.442,17.3,11.85,713.8,712,688,619,599,13,"GE BrightSpeed Excel"
1206404,18,2.1861,45.31179,446,237.94981893741,113,0.355,20.6,11.8,1175.2,772,703,672,612,13,"GE BrightSpeed Excel"
1206404,23,2.1861,45.31179,446,226.106162791204,99,0.389,29,11.8,1175.2,767,751,667,653,13,"GE BrightSpeed Excel"
1206437,1,3.49162,50.44885,22,307.935059801354,87,0.46,28.7,11.25,750.9,814,820,708,714,13,"GE BrightSpeed Excel"
1206443,29,-0.42276,48.53594,149,100.132729236105,23,0.201,15.5,11.15,898.5,772,765,672,665,13,"GE BrightSpeed Excel"
1206480,3,2.23409,46.93125,151,115.206473422185,82,0.275,21.6,12.05,743.4,782,769,681,669,13,"GE BrightSpeed Excel"
1206480,11,2.23409,46.93125,151,324.085500000726,130,0.674,21,12.05,743.4,710,690,618,600,13,"GE BrightSpeed Excel"
1206543,7,0.20662,45.72349,130,220.722682724747,105,0.555,23.8,13.15,839.1,735,708,640,616,13,"GE BrightSpeed Excel"
1206543,8,0.20662,45.72349,130,246.563387043742,103,0.565,28.7,13.15,839.1,793,775,690,674,13,"GE BrightSpeed Excel"
1206552,4,6.92496,48.31699,394,220.722682724747,62,0.479,26.1,10.4,1087.6,768,760,668,662,13,"GE BrightSpeed Excel"
1206579,1,3.44335,46.97994,274,203.495546512084,128,0.466,20.5,11.45,961.6,655,642,570,559,13,"GE BrightSpeed Excel"
1206582,3,3.5913,48.81318,202,181.961626246255,23,0.381,16.5,10.9,766.6,887,863,771,751,13,"GE BrightSpeed Excel"
1206643,2,4.65452,47.01588,533,178.73153820638,70,0.336,15.1,10.35,896.4,738,713,642,620,13,"GE BrightSpeed Excel"
1206665,9,4.16892,47.43855,301,163.6577940203,115,0.324,16,11.2,841,741,703,645,612,13,"GE BrightSpeed Excel"
1206678,1,-2.19934,47.14788,18,63.5250647841954,11,0.105,6.1,13.1,763.7,869,867,756,754,13,"GE BrightSpeed Excel"
1206679,9,-1.50952,43.42685,42,203.495546512084,64,0.267,22.1,14.7,1539.5,719,681,626,593,13,"GE BrightSpeed Excel"
1206679,10,-1.50952,43.42685,42,111.976385382311,43,0.217,21.4,14.7,1539.5,754,749,656,651,13,"GE BrightSpeed Excel"
1206688,1,2.18664,45.11388,587,151.814137874094,64,0.245,13,10.9,1267.5,784,755,682,657,13,"GE BrightSpeed Excel"
1206829,2,0.61223,46.72035,68,74.2920249171099,17,0.145,8.6,12.4,726.4,685,682,596,593,13,"GE BrightSpeed Excel"
1206861,1,3.19366,47.80966,213,215.33920265829,137,0.489,24,11.25,772.6,823,818,716,712,13,"GE BrightSpeed Excel"
1206861,5,3.19366,47.80966,213,195.958674419043,127,0.413,22.5,11.25,772.6,716,679,623,590,13,"GE BrightSpeed Excel"
1206931,5,2.45029,49.80795,32,190.575194352586,70,0.342,16.4,11.15,664.2,808,828,703,720,13,"GE BrightSpeed Excel"
1207044,6,5.8497,47.57983,226,237.94981893741,115,0.485,22.5,11.1,951.1,728,704,633,613,13,"GE BrightSpeed Excel"
1207062,13,-1.66367,47.40193,30,59.2182807310296,22,0.136,11.2,12.4,861.9,706,676,614,588,13,"GE BrightSpeed Excel"
1207071,14,5.39204,46.09828,312,219.645986711455,82,0.739,26.1,11.65,1265.9,733,718,638,624,13,"GE BrightSpeed Excel"
1207101,1,5.49475,47.42799,198,73.2153289038184,10,0.08,7.4,11.3,891.1,780,745,679,648,13,"GE BrightSpeed Excel"
1207101,3,5.49475,47.42799,198,60.2949767443211,10,0.081,6.7,11.3,891.1,725,720,631,626,13,"GE BrightSpeed Excel"
1207114,1,-1.46953,48.39887,79,232.566338870953,102,0.494,20.7,11.75,833.5,698,690,608,600,13,"GE BrightSpeed Excel"
1207117,3,2.95994,46.10187,478,81.82889701015,97,0.205,9,10.8,780.4,730,709,635,617,13,"GE BrightSpeed Excel"
1207174,3,-1.79873,46.74856,17,138.893785714597,38,0.242,11,12.85,857.8,744,738,647,642,13,"GE BrightSpeed Excel"
1207174,12,-1.79873,46.74856,17,63.5250647841954,35,0.156,9.3,12.85,857.8,784,772,682,672,13,"GE BrightSpeed Excel"
1207196,10,4.40958,47.48849,348,234.719730897536,130,0.524,21,11.05,863.5,760,746,661,649,13,"GE BrightSpeed Excel"
1207208,2,-0.89714,45.69709,17,71.0619368772356,32,0.159,11.7,13.45,882.6,744,734,647,639,13,"GE BrightSpeed Excel"
1207208,6,-0.89714,45.69709,17,133.51030564814,46,0.2,12.9,13.45,882.6,793,788,690,685,13,"GE BrightSpeed Excel"
1207250,1,5.49146,46.92392,223,157.197617940551,27,0.288,19.3,11.65,1050.7,687,687,598,598,13,"GE BrightSpeed Excel"
1207250,2,5.49146,46.92392,223,94.7492491696474,27,0.194,19.8,11.65,1050.7,672,669,584,582,13,"GE BrightSpeed Excel"
1207261,1,2.3124,48.01066,137,160.427705980426,49,0.293,19.4,11.55,740.3,751,735,653,639,13,"GE BrightSpeed Excel"
1207261,4,2.3124,48.01066,137,170.117970100049,50,0.43,24.1,11.55,740.3,830,817,722,711,13,"GE BrightSpeed Excel"
1207320,15,1.68318,46.87545,160,292.861315615274,152,0.643,21.8,12,768.5,755,762,657,663,13,"GE BrightSpeed Excel"
1207324,6,-1.55022,46.93744,66,234.719730897536,65,0.428,24.5,12.45,869,800,788,696,685,13,"GE BrightSpeed Excel"
1207324,21,-1.55022,46.93744,66,176.578146179797,65,0.337,22,12.45,869,801,780,697,678,13,"GE BrightSpeed Excel"
1207376,5,5.41419,48.33015,394,229.336250831078,105,0.446,15.3,10,1071.2,753,752,655,654,13,"GE BrightSpeed Excel"
1207380,9,6.46724,49.01801,245,289.631227575399,176,0.688,22.6,10.6,776.8,662,623,576,542,13,"GE BrightSpeed Excel"
1207405,10,-1.85242,48.11577,39,230.41294684437,95,0.408,20.5,12.1,707.4,832,841,724,732,13,"GE BrightSpeed Excel"
1207405,11,-1.85242,48.11577,39,186.26841029942,100,0.368,20.7,12.1,707.4,924,911,804,792,13,"GE BrightSpeed Excel"
1207413,3,6.21984,47.91022,261,227.182858804495,135,0.519,30,11,1085.9,776,736,675,640,13,"GE BrightSpeed Excel"
1207413,19,6.21984,47.91022,261,206.725634551958,125,0.413,31.5,11,1085.9,728,744,633,648,13,"GE BrightSpeed Excel"
1207499,3,-0.14608,44.9962,32,155.044225913968,45,0.361,22.4,13.7,820.2,792,804,689,699,13,"GE BrightSpeed Excel"
1207633,2,3.19047,47.61181,229,165.811186046883,82,0.421,27.8,11.15,866.5,738,723,642,629,13,"GE BrightSpeed Excel"
1207633,10,3.19047,47.61181,229,228.259554817787,84,0.529,28.5,11.15,866.5,702,684,611,595,13,"GE BrightSpeed Excel"
1207721,16,2.018,47.93829,108,242.256602990576,83,0.493,26.9,11.7,721.8,747,755,650,657,13,"GE BrightSpeed Excel"
1207721,17,2.018,47.93829,108,261.637131229822,120,0.528,18,11.7,721.8,706,674,614,587,13,"GE BrightSpeed Excel"
1207727,6,0.18063,45.07503,51,180.884930232963,151,0.377,20.3,13.3,857.5,757,738,659,642,13,"GE BrightSpeed Excel"
1207727,11,0.18063,45.07503,51,171.19466611334,182,0.449,18,13.3,857.5,751,728,653,633,13,"GE BrightSpeed Excel"
1207728,1,2.33909,44.98805,644,102.286121262688,55,0.263,18.3,10.95,1241.7,731,717,636,623,13,"GE BrightSpeed Excel"
1207728,6,2.33909,44.98805,644,237.94981893741,54,0.428,23.1,10.95,1241.7,768,788,669,686,13,"GE BrightSpeed Excel"
1207747,9,5.33867,47.95417,442,92.5958571430645,63,0.23,19.1,10.25,915.8,759,745,660,648,13,"GE BrightSpeed Excel"
1207747,14,5.33867,47.95417,442,152.890833887386,73,0.358,19.5,10.25,915.8,738,726,642,631,13,"GE BrightSpeed Excel"
1207900,7,-2.47719,48.18187,170,215.33920265829,63,0.438,24.3,11.25,943.5,871,876,758,762,13,"GE BrightSpeed Excel"
1208039,11,0.73033,44.5086,138,146.430657807637,36,0.316,19.9,13.6,796.8,763,764,664,664,13,"GE BrightSpeed Excel"
1208050,1,0.53616,46.64719,120,78.5988089702757,21,0.154,11.2,12.35,738,798,788,695,685,13,"GE BrightSpeed Excel"
1208050,15,0.53616,46.64719,120,94.7492491696474,24,0.165,11.5,12.35,738,765,755,666,657,13,"GE BrightSpeed Excel"
1208075,24,-0.20192,48.45094,278,95.8259451829389,43,0.259,15.8,10.75,883.6,735,733,639,638,13,"GE BrightSpeed Excel"
1208116,1,-1.37687,43.66544,9,202.418850498792,91,0.469,17.6,14.35,1290.1,863,839,751,730,13,"GE BrightSpeed Excel"
1208116,3,-1.37687,43.66544,9,194.881978405752,97,0.465,21.5,14.35,1290.1,775,759,674,660,13,"GE BrightSpeed Excel"
1208150,5,1.72835,47.5234,89,183.038322259546,53,0.392,23,11.9,718.1,745,724,648,630,13,"GE BrightSpeed Excel"
1208150,7,1.72835,47.5234,89,214.262506644998,63,0.517,24.7,11.9,718.1,755,732,657,637,13,"GE BrightSpeed Excel"
1208182,7,5.73282,48.2494,444,227.182858804495,127,0.453,26,9.85,963.9,676,659,588,573,13,"GE BrightSpeed Excel"
1208198,2,2.41897,47.59693,168,127.050129568391,51,0.277,20.6,11.55,780.1,682,684,593,595,13,"GE BrightSpeed Excel"
1208198,5,2.41897,47.59693,168,191.651890365878,52,0.406,23,11.55,780.1,753,753,655,655,13,"GE BrightSpeed Excel"
1208218,1,2.39249,47.70487,157,176.578146179797,46,0.388,20.2,11.6,735.8,707,698,615,607,13,"GE BrightSpeed Excel"
1208259,2,1.36996,46.78326,112,128.126825581682,55,0.29,14.6,12.35,774,873,852,760,741,13,"GE BrightSpeed Excel"
1208279,5,5.71695,49.25745,244,208.879026578541,96,0.498,23.6,10.4,811.9,711,684,618,595,13,"GE BrightSpeed Excel"
1208295,1,3.66604,48.54266,69,214.262506644998,75,0.482,28.2,11.5,665.5,714,715,621,622,13,"GE BrightSpeed Excel"
1208295,8,3.66604,48.54266,69,237.94981893741,65,0.507,25.1,11.5,665.5,702,702,611,611,13,"GE BrightSpeed Excel"
1208324,4,5.45355,47.17704,207,200.265458472209,43,0.3,20.5,11.5,931,721,769,627,669,13,"GE BrightSpeed Excel"
1208347,18,6.11192,48.27385,346,226.106162791204,90,0.439,23.5,10.25,902.1,788,765,685,666,13,"GE BrightSpeed Excel"
1208349,3,0.20394,45.12947,97,89.3657691031902,44,0.183,16.3,13.2,877.5,743,705,646,613,13,"GE BrightSpeed Excel"
1208349,7,0.20394,45.12947,97,97.9793372095217,60,0.247,14.4,13.2,877.5,758,736,660,640,13,"GE BrightSpeed Excel"
1208387,5,3.14687,48.24166,183,103.362817275979,65,0.278,21.8,11.35,759.1,721,724,628,630,13,"GE BrightSpeed Excel"
1208389,3,0.6612,46.82907,135,165.811186046883,87,0.307,18.2,12.25,748.8,735,721,639,627,13,"GE BrightSpeed Excel"
1208406,3,5.6286,48.30636,360,226.106162791204,150,0.419,22.1,10.2,959.4,661,643,575,559,13,"GE BrightSpeed Excel"
1208426,1,1.14141,46.45718,157,194.881978405752,63,0.366,22.2,12.4,832.3,704,685,613,596,13,"GE BrightSpeed Excel"
1208426,7,1.14141,46.45718,157,217.492594684872,103,0.525,24.5,12.4,832.3,693,678,603,590,13,"GE BrightSpeed Excel"
1208432,3,-1.77922,47.52398,30,284.247747508942,75,0.478,25.3,12.35,869.2,727,707,633,615,13,"GE BrightSpeed Excel"
1208432,8,-1.77922,47.52398,30,155.044225913968,78,0.315,22.5,12.35,869.2,703,675,611,587,13,"GE BrightSpeed Excel"
1208439,3,-1.37588,43.26961,198,185.191714286129,79,0.437,23.5,13.75,1744.5,804,788,700,686,13,"GE BrightSpeed Excel"
1208474,14,2.19774,50.83091,14,295.014707641857,133,0.608,26.8,11.15,812.5,795,789,691,687,13,"GE BrightSpeed Excel"
1208474,16,2.19774,50.83091,14,232.566338870953,132,0.526,25.3,11.15,812.5,677,672,589,585,13,"GE BrightSpeed Excel"
1208524,12,6.38265,47.23822,543,247.640083057033,183,0.552,17.1,9.8,1338.2,649,616,565,536,13,"GE BrightSpeed Excel"
1208530,13,2.49259,45.4917,704,191.651890365878,48,0.379,20.2,10.25,1191,770,763,670,664,13,"GE BrightSpeed Excel"
1208561,1,3.46549,46.78178,239,383.303780731755,91,0.547,20.2,11.8,848,775,783,674,681,13,"GE BrightSpeed Excel"
1208561,8,3.46549,46.78178,239,90.4424651164816,60,0.241,16.2,11.8,848,713,695,620,605,13,"GE BrightSpeed Excel"
1208619,4,-1.34395,48.15083,111,174.424754153215,63,0.301,25.3,11.8,845.3,693,658,603,572,13,"GE BrightSpeed Excel"
1208619,8,-1.34395,48.15083,111,170.117970100049,65,0.343,27.2,11.8,845.3,695,698,605,607,13,"GE BrightSpeed Excel"
1208632,4,1.78033,47.6316,113,147.507353820928,31,0.316,19,11.8,746.1,820,789,714,687,13,"GE BrightSpeed Excel"
1208689,2,-3.53968,48.76452,97,221.799378738038,44,0.415,16.2,11.8,894.4,899,869,782,756,13,"GE BrightSpeed Excel"
1208727,9,0.01869,44.69382,83,119.513257475351,36,0.227,14.7,13.55,805.3,820,796,713,692,13,"GE BrightSpeed Excel"
1208731,1,0.12237,44.62398,104,63.5250647841954,14,0.124,8.8,13.6,792.2,816,822,710,715,13,"GE BrightSpeed Excel"
1208833,3,3.53567,46.40316,295,239.026514950701,87,0.46,24,11.8,800.7,768,749,668,652,13,"GE BrightSpeed Excel"
1208833,14,3.53567,46.40316,295,299.321491695022,99,0.548,24.5,11.8,800.7,683,645,594,561,13,"GE BrightSpeed Excel"
1208883,3,1.26222,42.98688,547,311.165147841228,96,0.553,28.4,11.75,1207.2,744,700,647,609,13,"GE BrightSpeed Excel"
1208883,21,1.26222,42.98688,547,218.569290698164,80,0.49,28.1,11.75,1207.2,814,806,709,701,13,"GE BrightSpeed Excel"
1208922,1,3.11648,48.00806,170,171.19466611334,118,0.353,22,11.4,757.9,753,723,655,629,13,"GE BrightSpeed Excel"
1208922,3,3.11648,48.00806,170,138.893785714597,79,0.315,20.8,11.4,757.9,755,740,657,644,13,"GE BrightSpeed Excel"
1208929,2,0.67761,45.44349,178,251.946867110199,94,0.611,19.5,12.75,977.1,797,773,693,673,13,"GE BrightSpeed Excel"
1208998,1,-0.37693,47.13322,96,278.864267442485,117,0.453,17.9,12.6,652.5,802,745,697,649,13,"GE BrightSpeed Excel"
1209044,9,2.10071,47.39883,119,143.200569767763,38,0.268,21.2,11.85,775.3,794,809,690,704,13,"GE BrightSpeed Excel"
1209083,9,0.67709,48.01689,164,217.492594684872,125,0.538,28,11.55,730.9,827,810,719,705,13,"GE BrightSpeed Excel"
1209106,1,5.65514,49.15126,210,170.117970100049,80,0.379,23,10.65,729.8,706,699,615,609,13,"GE BrightSpeed Excel"
1209124,2,2.25974,47.36307,156,197.035370432335,104,0.439,24.4,11.65,829.2,729,698,634,607,13,"GE BrightSpeed Excel"
1209124,3,2.25974,47.36307,156,229.336250831078,109,0.548,23.6,11.65,829.2,816,794,710,691,13,"GE BrightSpeed Excel"
1209134,7,2.36464,45.40185,611,134.587001661431,51,0.274,19.7,10.9,1098.5,756,766,658,666,13,"GE BrightSpeed Excel"
1209151,3,4.76648,46.58153,209,167.964578073466,83,0.394,21.7,11.8,821.7,721,720,627,626,13,"GE BrightSpeed Excel"
1209200,25,4.10396,45.47784,549,85.0589850500244,43,0.173,13.2,10.95,767.3,793,763,690,664,13,"GE BrightSpeed Excel"
1209246,1,1.26981,46.54843,149,159.351009967134,65,0.255,13.8,12.4,820.9,816,805,710,700,13,"GE BrightSpeed Excel"
1209246,2,1.26981,46.54843,149,136.740393688014,66,0.279,15.4,12.4,820.9,748,744,651,647,13,"GE BrightSpeed Excel"
1209276,7,5.41628,49.28352,266,164.734490033591,113,0.378,20.6,10.1,920.5,681,671,593,584,13,"GE BrightSpeed Excel"
1209305,6,3.46888,46.9437,251,277.787571429194,118,0.62,24.7,11.65,942.5,770,751,670,654,13,"GE BrightSpeed Excel"
1209342,4,6.22568,49.08011,221,66.7551528240698,22,0.109,9,10.7,685.2,774,789,673,686,13,"GE BrightSpeed Excel"
1209356,1,0.02539,43.30886,292,368.230036545675,75,0.662,31.9,13.05,1017.1,709,710,617,617,13,"GE BrightSpeed Excel"
1209356,7,0.02539,43.30886,292,359.616468439344,67,0.489,29.6,13.05,1017.1,838,816,729,710,13,"GE BrightSpeed Excel"
1209388,1,1.80891,47.43385,122,202.418850498792,70,0.425,25.2,11.8,754,769,768,669,668,13,"GE BrightSpeed Excel"
1209408,2,3.64272,46.52796,259,311.165147841228,135,0.703,23.5,11.85,810.9,771,750,671,652,13,"GE BrightSpeed Excel"
1209408,17,3.64272,46.52796,259,320.855411960851,130,0.692,22.8,11.85,810.9,809,800,703,696,13,"GE BrightSpeed Excel"
1209493,1,2.65952,47.79438,139,297.16809966844,93,0.597,23,11.55,757.8,738,721,642,627,13,"GE BrightSpeed Excel"
1209493,3,2.65952,47.79438,139,295.014707641857,57,0.57,22.9,11.55,757.8,739,707,643,615,13,"GE BrightSpeed Excel"
1209510,2,5.29644,46.24488,252,203.495546512084,47,0.319,20.5,11.8,1142,860,878,748,764,13,"GE BrightSpeed Excel"
1209538,13,0.0276,45.08994,75,114.129777408893,28,0.226,13,13.35,846.2,952,960,828,835,13,"GE BrightSpeed Excel"
1209540,3,0.70951,45.22801,174,303.628275748188,85,0.613,21.2,13.1,929.9,823,801,716,697,13,"GE BrightSpeed Excel"
1209577,15,0.16731,45.41674,162,240.103210963993,75,0.521,23.2,12.9,881.6,803,788,698,686,13,"GE BrightSpeed Excel"
1209618,8,1.04143,47.37383,115,222.87607475133,93,0.452,25.1,12,714.8,766,748,666,651,13,"GE BrightSpeed Excel"
1209637,5,1.18522,43.16578,330,235.796426910827,55,0.485,36.9,12.85,842.7,722,715,628,622,13,"GE BrightSpeed Excel"
1209643,3,1.89932,49.34017,153,239.026514950701,129,0.461,26.8,10.9,803.8,789,794,687,691,13,"GE BrightSpeed Excel"
1209643,5,1.89932,49.34017,153,189.498498339295,134,0.472,26.5,10.9,803.8,733,727,638,632,13,"GE BrightSpeed Excel"
1209678,6,4.90827,48.46821,179,211.032418605124,65,0.326,25,11.15,864.1,739,675,643,587,13,"GE BrightSpeed Excel"
1209692,5,1.75313,47.68544,98,214.262506644998,68,0.447,24.5,11.75,723.8,804,789,700,687,13,"GE BrightSpeed Excel"
1209759,4,2.62614,46.57106,204,181.961626246255,67,0.395,23,12,712.1,731,709,636,616,13,"GE BrightSpeed Excel"
1209787,1,0.97756,46.76128,112,188.421802326003,36,0.431,13,12.45,730.9,777,755,676,656,13,"GE BrightSpeed Excel"
1209841,2,-0.35313,45.08136,28,142.123873754471,34,0.167,13,13.6,845.6,801,778,697,676,13,"GE BrightSpeed Excel"
1209841,5,-0.35313,45.08136,28,122.743345515225,33,0.143,14.4,13.6,845.6,787,761,685,662,13,"GE BrightSpeed Excel"
1209958,2,0.759,48.86326,194,54.9114966778638,13,0.103,6.8,10.9,702.3,753,765,655,665,13,"GE BrightSpeed Excel"
1209993,10,1.32966,44.7316,222,134.587001661431,23,0.268,17.8,13.3,842.2,645,643,561,560,13,"GE BrightSpeed Excel"
1209999,6,5.52985,47.57106,245,157.197617940551,75,0.188,13.5,10.95,922.4,650,605,566,526,13,"GE BrightSpeed Excel"
1210000,1,4.74199,46.61805,200,169.041274086757,91,0.499,18.5,11.9,797.9,661,647,575,563,13,"GE BrightSpeed Excel"
1210040,4,5.72031,45.75573,250,120.589953488642,31,0.236,14.5,12.2,1183.7,791,775,688,675,13,"GE BrightSpeed Excel"
1210045,7,0.19605,44.01374,105,158.274313953843,101,0.387,19,13.8,798.6,747,748,650,651,13,"GE BrightSpeed Excel"
1210045,11,0.19605,44.01374,105,235.796426910827,105,0.49,22.8,13.8,798.6,721,730,627,635,13,"GE BrightSpeed Excel"
1210100,6,3.03296,45.74156,752,326.238892027309,141,0.619,25.5,9.35,825.7,711,713,618,620,13,"GE BrightSpeed Excel"
1210122,4,3.54366,46.76299,208,159.351009967134,66,0.335,24.1,11.9,837.7,730,722,635,629,13,"GE BrightSpeed Excel"
1210122,12,3.54366,46.76299,208,177.654842193089,61,0.419,22.2,11.9,837.7,698,674,608,586,13,"GE BrightSpeed Excel"
1210173,1,-3.30287,48.09099,178,142.123873754471,20,0.264,14.3,11.3,1235.9,899,916,782,797,13,"GE BrightSpeed Excel"
1210184,16,4.20743,46.2681,425,144.277265781054,89,0.349,20.2,11.15,963.1,671,641,584,558,13,"GE BrightSpeed Excel"
1210192,6,1.78314,47.36177,93,155.044225913968,73,0.368,24.1,11.9,735,792,754,689,656,13,"GE BrightSpeed Excel"
1210207,4,-0.48076,48.60653,262,230.41294684437,96,0.502,31.1,10.65,1022.1,816,809,710,704,13,"GE BrightSpeed Excel"
1210238,11,3.45523,48.81453,181,262.713827243113,77,0.593,26.4,11,773.5,662,650,576,566,13,"GE BrightSpeed Excel"
1210288,7,0.00397,44.44159,105,265.943915282988,121,0.627,25.7,13.55,821.4,793,766,690,666,13,"GE BrightSpeed Excel"
1210288,10,0.00397,44.44159,105,237.94981893741,92,0.53,22.5,13.55,821.4,770,748,670,651,13,"GE BrightSpeed Excel"
1210296,1,4.18676,50.24288,191,221.799378738038,86,0.474,19.7,10.6,898.3,781,773,679,672,13,"GE BrightSpeed Excel"
1210333,8,2.17866,47.92063,123,226.106162791204,70,0.43,19.4,11.65,721.6,704,661,613,575,13,"GE BrightSpeed Excel"
1210353,10,5.12529,45.94314,293,236.873122924119,95,0.543,22.7,12,998.7,751,752,653,654,13,"GE BrightSpeed Excel"
1210358,5,5.32774,47.2884,205,171.19466611334,33,0.251,22.3,11.45,854,719,698,626,607,13,"GE BrightSpeed Excel"
1210358,9,5.32774,47.2884,205,204.572242525375,37,0.312,25,11.45,854,679,691,590,601,13,"GE BrightSpeed Excel"
1210370,9,1.90109,45.88682,668,159.351009967134,82,0.384,16.3,9.9,1400.9,667,677,581,589,13,"GE BrightSpeed Excel"
1210370,11,1.90109,45.88682,668,325.162196014017,149,0.593,20.6,9.9,1400.9,732,688,636,599,13,"GE BrightSpeed Excel"
1210419,10,6.0863,48.29267,334,59.2182807310296,147,0.564,26,10.35,897.3,606,610,527,531,13,"GE BrightSpeed Excel"
1210419,12,6.0863,48.29267,334,217.492594684872,145,0.49,24.5,10.35,897.3,694,664,604,577,13,"GE BrightSpeed Excel"
1210547,9,5.0889,48.30222,283,149.660745847511,115,0.267,14.5,10.5,981,826,829,719,722,13,"GE BrightSpeed Excel"
1210574,15,0.98611,46.41945,134,194.881978405752,67,0.376,28.3,12.45,805.4,738,723,642,629,13,"GE BrightSpeed Excel"
1210602,1,0.86843,44.9963,204,41.9911445183665,8,0.076,7.2,12.75,940.6,751,740,653,644,13,"GE BrightSpeed Excel"
1210609,11,3.266,48.88807,111,195.958674419043,69,0.461,24.5,11.15,775.7,771,764,671,665,13,"GE BrightSpeed Excel"
1210658,1,3.78216,46.8682,225,88.2890730898987,63,0.159,19.4,11.65,968.7,735,755,639,657,13,"GE BrightSpeed Excel"
1210664,6,4.73433,49.98193,305,194.881978405752,90,0.4,19.2,9.75,1046.1,755,736,657,640,13,"GE BrightSpeed Excel"
1210682,6,0.51708,44.88312,60,133.51030564814,57,0.302,20.7,13.45,838.7,865,861,752,749,13,"GE BrightSpeed Excel"
1210688,7,6.94225,48.82058,246,262.713827243113,173,0.477,29.6,10.5,885.6,689,690,600,601,13,"GE BrightSpeed Excel"
1210843,2,4.49617,48.31457,143,49.5280166114066,11,0.115,10.2,11.35,797.8,695,707,605,615,13,"GE BrightSpeed Excel"
1210843,3,4.49617,48.31457,143,52.7581046512809,12,0.114,11,11.35,797.8,714,711,621,619,13,"GE BrightSpeed Excel"
1211011,1,1.75035,47.93725,120,264.867219269696,88,0.43,21.8,11.6,670.6,736,700,640,609,13,"GE BrightSpeed Excel"
1211011,4,1.75035,47.93725,120,141.04717774118,79,0.327,20.4,11.6,670.6,744,712,647,619,13,"GE BrightSpeed Excel"
1211018,4,2.13123,46.35532,356,77.5221129569842,19,0.16,12.5,11.35,878,651,654,566,569,13,"GE BrightSpeed Excel"
1211018,16,2.13123,46.35532,356,63.5250647841954,17,0.168,10.6,11.35,878,651,647,566,563,13,"GE BrightSpeed Excel"
1211080,10,-3.15478,48.47658,158,97.9793372095217,21,0.141,14.5,11.15,1001.6,781,790,680,687,13,"GE BrightSpeed Excel"
1211086,7,-0.00023,43.93775,137,217.492594684872,123,0.449,20.3,13.6,903.6,702,692,611,602,13,"GE BrightSpeed Excel"
1211155,6,1.32282,47.89835,122,354.232988372886,125,0.707,24,11.65,660.5,635,626,552,545,13,"GE BrightSpeed Excel"
1211155,11,1.32282,47.89835,122,213.185810631707,68,0.421,24,11.65,660.5,758,723,659,629,13,"GE BrightSpeed Excel"
1211180,3,1.64611,47.72083,92,178.73153820638,79,0.385,17.6,11.8,667.9,677,663,589,577,13,"GE BrightSpeed Excel"
1211246,2,1.80623,47.70368,109,54.9114966778638,11,0.103,7.5,11.75,730.3,774,770,673,670,13,"GE BrightSpeed Excel"
1211246,3,1.80623,47.70368,109,45.2212325582408,11,0.103,7.5,11.75,730.3,822,805,715,701,13,"GE BrightSpeed Excel"
1211271,5,6.13622,48.23706,297,207.802330565249,105,0.358,25.5,10.45,917.2,651,633,567,551,13,"GE BrightSpeed Excel"
1211271,18,6.13622,48.23706,297,318.702019934269,125,0.5,28.5,10.45,917.2,741,699,644,608,13,"GE BrightSpeed Excel"
1211389,2,2.49574,46.58931,228,127.050129568391,72,0.321,20.6,12,737.4,726,703,631,612,13,"GE BrightSpeed Excel"
1211389,6,2.49574,46.58931,228,169.041274086757,80,0.315,17.9,12,737.4,751,746,653,649,13,"GE BrightSpeed Excel"
1211471,3,3.19221,47.71973,259,318.702019934269,105,0.608,27.5,11.15,823.8,675,662,587,576,13,"GE BrightSpeed Excel"
1211543,3,4.49914,48.38647,146,222.87607475133,95,0.434,27.5,11.4,758.2,725,717,631,624,13,"GE BrightSpeed Excel"
1211560,6,0.04937,48.88771,254,109.822993355728,42,0.256,14.2,10.8,751,828,834,720,725,13,"GE BrightSpeed Excel"
1211560,7,0.04937,48.88771,254,157.197617940551,88,0.439,14.8,10.8,751,811,808,705,703,13,"GE BrightSpeed Excel"
1211604,15,2.94204,44.48272,563,110.899689369019,63,0.195,15.7,11.75,1099.7,738,697,642,606,13,"GE BrightSpeed Excel"
1211697,12,2.41911,47.68687,157,115.206473422185,38,0.174,13.7,11.6,746.8,702,647,611,563,13,"GE BrightSpeed Excel"
1211697,19,2.41911,47.68687,157,83.9822890367329,39,0.176,15.1,11.6,746.8,751,713,653,620,13,"GE BrightSpeed Excel"
1211722,6,5.97264,49.37588,303,180.884930232963,180,0.563,21.5,10.1,948.9,702,691,611,601,13,"GE BrightSpeed Excel"
1211851,4,3.1676,44.44528,601,180.884930232963,71,0.302,20,11.05,942.9,835,861,727,749,13,"GE BrightSpeed Excel"
1211851,8,3.1676,44.44528,601,328.392284053892,97,0.615,19.2,11.05,942.9,803,781,699,679,13,"GE BrightSpeed Excel"
1211910,3,4.96651,46.93715,205,162.581098007009,65,0.371,22.9,11.85,782.3,698,683,607,594,13,"GE BrightSpeed Excel"
1211937,2,0.05784,43.1118,408,204.572242525375,34,0.339,20.2,12.6,1223.4,724,713,630,620,13,"GE BrightSpeed Excel"
1211949,17,3.6532,46.95973,226,205.648938538667,102,0.486,24.5,11.65,961.4,712,701,619,610,13,"GE BrightSpeed Excel"
1211949,29,3.6532,46.95973,226,276.710875415902,80,0.573,21,11.65,961.4,676,664,588,578,13,"GE BrightSpeed Excel"
1211963,13,4.8886,46.95691,202,256.253651163365,160,0.602,31.8,11.9,730.2,625,622,543,541,13,"GE BrightSpeed Excel"
1212005,2,0.1841,44.98511,96,76.4454169436928,20,0.137,9.7,13.35,826.4,557,563,485,490,13,"GE BrightSpeed Excel"
1212005,4,0.1841,44.98511,96,69.9852408639441,19,0.175,13.3,13.35,826.4,782,770,681,670,13,"GE BrightSpeed Excel"
1212007,4,1.59781,47.36073,87,105.516209302562,27,0.18,14.6,11.95,708.3,811,832,706,724,13,"GE BrightSpeed Excel"
1212141,13,1.47048,45.41647,384,175.501450166506,113,0.409,22.5,11.6,1152.2,693,664,603,577,13,"GE BrightSpeed Excel"
1212207,6,0.35766,45.09632,110,133.51030564814,34,0.256,10.5,13.1,882.8,815,792,709,689,13,"GE BrightSpeed Excel"
1212220,7,0.32941,43.06331,504,235.796426910827,89,0.497,25.8,11.85,1103.1,682,679,593,590,13,"GE BrightSpeed Excel"
1212250,8,1.39363,46.92741,115,204.572242525375,35,0.36,19.2,12.3,772.1,784,775,682,675,13,"GE BrightSpeed Excel"
1212250,10,1.39363,46.92741,115,127.050129568391,36,0.279,20,12.3,772.1,770,761,670,662,13,"GE BrightSpeed Excel"
1212251,6,0.00665,47.4116,38,135.663697674722,76,0.411,27.8,12.45,685.4,776,769,675,669,13,"GE BrightSpeed Excel"
1212291,1,-0.70739,45.0542,15,180.884930232963,58,0.431,17.6,13.9,864.3,737,719,641,625,13,"GE BrightSpeed Excel"
1212304,1,1.75134,47.84732,89,118.436561462059,38,0.224,19.6,11.8,673.7,707,708,615,616,13,"GE BrightSpeed Excel"
1212316,5,4.81209,48.72209,138,237.94981893741,65,0.463,28,11.3,849.3,750,761,652,662,13,"GE BrightSpeed Excel"
1212316,6,4.81209,48.72209,138,198.112066445626,65,0.376,24,11.3,849.3,732,740,637,644,13,"GE BrightSpeed Excel"
1212326,1,-1.97736,48.32736,80,267.020611296279,95,0.529,19.4,11.85,759.2,743,731,647,636,13,"GE BrightSpeed Excel"
1212326,6,-1.97736,48.32736,80,170.117970100049,107,0.514,18.3,11.85,759.2,940,920,818,800,13,"GE BrightSpeed Excel"
1212519,5,2.31257,47.65092,153,228.259554817787,45,0.396,19.7,11.55,768.9,716,733,623,638,13,"GE BrightSpeed Excel"
1212519,6,2.31257,47.65092,153,259.483739203239,50,0.505,19.1,11.55,768.9,747,728,649,633,13,"GE BrightSpeed Excel"
1212527,1,0.20738,45.03955,40,187.345106312712,33,0.404,12.6,13.35,847.1,876,871,762,758,13,"GE BrightSpeed Excel"
1212527,2,0.20738,45.03955,40,156.12092192726,28,0.315,10.3,13.35,847.1,884,891,769,775,13,"GE BrightSpeed Excel"
1212563,6,6.46871,48.00974,551,200.265458472209,60,0.38,17.5,9.5,1495.9,794,782,690,681,13,"GE BrightSpeed Excel"
1212582,9,2.23545,46.21151,376,100.132729236105,41,0.256,21.5,11.1,849.7,684,678,595,590,13,"GE BrightSpeed Excel"
1212582,17,2.23545,46.21151,376,87.2123770766073,39,0.267,22,11.1,849.7,663,650,577,565,13,"GE BrightSpeed Excel"
1212597,5,5.29455,49.55626,273,253.02356312349,86,0.862,23,10.15,951.8,626,624,545,543,13,"GE BrightSpeed Excel"
1212600,5,2.15395,47.32697,134,118.436561462059,48,0.244,17.9,11.8,814.5,739,732,643,637,13,"GE BrightSpeed Excel"
1212600,9,2.15395,47.32697,134,106.592905315853,32,0.234,20,11.8,814.5,824,809,717,703,13,"GE BrightSpeed Excel"
1212657,3,0.84253,43.12561,355,149.660745847511,73,0.385,26.3,12.75,862.8,752,733,654,638,13,"GE BrightSpeed Excel"
1212657,18,0.84253,43.12561,355,163.6577940203,47,0.278,24,12.75,862.8,805,777,700,676,13,"GE BrightSpeed Excel"
1212694,5,2.89539,47.37973,144,116.283169435476,65,0.268,16.6,11.85,758,706,687,614,598,13,"GE BrightSpeed Excel"
1212711,2,7.5742,48.86648,184,133.51030564814,18,0.184,14.3,11,795.8,683,666,594,580,13,"GE BrightSpeed Excel"
1212711,5,7.5742,48.86648,184,109.822993355728,16,0.232,14.5,11,795.8,693,691,603,601,13,"GE BrightSpeed Excel"
1212753,4,1.84747,46.12052,531,211.032418605124,95,0.421,11.7,10.65,1108.5,761,749,662,651,13,"GE BrightSpeed Excel"
1212765,10,4.3408,47.7776,276,46.2979285715323,19,0.109,10,11.05,866.8,852,853,741,742,13,"GE BrightSpeed Excel"
1212772,7,2.67969,46.78684,198,215.33920265829,107,0.434,20,12,778.8,641,620,557,539,13,"GE BrightSpeed Excel"
1212772,10,2.67969,46.78684,198,235.796426910827,97,0.488,25.2,12,778.8,716,692,623,602,13,"GE BrightSpeed Excel"
1212787,8,2.79083,47.5421,165,343.466028239972,115,0.689,27.8,11.55,735.8,726,711,632,619,13,"GE BrightSpeed Excel"
1212787,11,2.79083,47.5421,165,253.02356312349,125,0.451,21.4,11.55,735.8,740,701,644,610,13,"GE BrightSpeed Excel"
1212815,2,2.13082,46.46328,341,239.026514950701,68,0.451,24.4,11.4,871.6,755,747,657,650,13,"GE BrightSpeed Excel"
1212888,4,-3.33706,47.90902,70,173.348058139923,48,0.334,15.5,12,1132.2,835,786,726,684,13,"GE BrightSpeed Excel"
1212888,11,-3.33706,47.90902,70,183.038322259546,86,0.29,17.6,12,1132.2,859,813,747,708,13,"GE BrightSpeed Excel"
1212893,4,1.39842,45.146,178,150.737441860803,96,0.351,16.8,12.95,902.8,685,653,596,568,13,"GE BrightSpeed Excel"
1212893,6,1.39842,45.146,178,180.884930232963,104,0.314,17.8,12.95,902.8,706,674,614,586,13,"GE BrightSpeed Excel"
1212934,8,0.51778,45.63897,204,271.327395349445,71,0.469,30.6,12.6,953.6,744,726,647,632,13,"GE BrightSpeed Excel"
1212934,18,0.51778,45.63897,204,176.578146179797,76,0.52,25,12.6,953.6,824,811,717,706,13,"GE BrightSpeed Excel"
1212942,5,6.59462,48.23936,337,187.345106312712,47,0.385,23.6,10.35,1018.3,689,685,599,596,13,"GE BrightSpeed Excel"
1213025,2,3.48517,46.47567,282,229.336250831078,89,0.566,27.8,11.7,798.9,740,747,644,650,13,"GE BrightSpeed Excel"
1213041,3,1.38259,49.03167,98,35.5309684386178,200,0.814,38.5,11.4,651.3,661,660,575,575,13,"GE BrightSpeed Excel"
1213094,6,0.21833,44.75183,122,259.483739203239,96,0.534,23.5,13.45,824,768,753,668,655,13,"GE BrightSpeed Excel"
1213139,3,3.46065,47.8074,153,144.277265781054,92,0.315,23.2,11.65,715.3,813,814,707,708,13,"GE BrightSpeed Excel"
1213150,6,3.03962,46.26336,400,85.0589850500244,32,0.193,10.5,11.3,775.5,788,798,686,694,13,"GE BrightSpeed Excel"
1213209,4,3.7862,49.94303,184,354.232988372886,148,0.774,32.8,10.3,896.2,690,674,600,587,13,"GE BrightSpeed Excel"
1213215,1,1.0034,43.59508,186,217.492594684872,70,0.47,21.5,13.55,700.8,748,781,650,679,13,"GE BrightSpeed Excel"
1213255,12,0.07033,47.16089,108,158.274313953843,35,0.316,19,12.45,682.4,784,777,682,676,13,"GE BrightSpeed Excel"
1213268,14,-2.30332,47.73844,88,185.191714286129,39,0.307,20.3,12.05,919.3,760,752,661,654,13,"GE BrightSpeed Excel"
1213296,18,1.03814,46.42005,143,223.952770764621,76,0.567,21.5,12.45,813.4,712,695,619,605,13,"GE BrightSpeed Excel"
1213307,1,2.15333,47.50687,117,386.53386877163,70,0.714,30,11.75,782.7,698,696,608,606,13,"GE BrightSpeed Excel"
1213307,10,2.15333,47.50687,117,234.719730897536,50,0.505,23,11.75,782.7,693,668,603,581,13,"GE BrightSpeed Excel"
1213342,6,3.30866,46.80122,226,268.097307309571,101,0.563,25.2,11.7,868.7,793,802,690,698,13,"GE BrightSpeed Excel"
1213342,7,3.30866,46.80122,226,267.020611296279,66,0.512,23.3,11.7,868.7,844,829,734,722,13,"GE BrightSpeed Excel"
1213371,10,-0.58369,46.56999,125,225.029466777913,73,0.433,16.1,12.5,968,737,722,642,628,13,"GE BrightSpeed Excel"
1213397,7,4.54223,47.48604,486,152.890833887386,70,0.317,25,10.5,936.3,745,739,648,643,13,"GE BrightSpeed Excel"
1213472,4,-3.07198,48.46238,152,214.262506644998,105,0.454,19.8,11.15,916.4,702,698,611,608,13,"GE BrightSpeed Excel"
1213472,9,-3.07198,48.46238,152,239.026514950701,145,0.46,21,11.15,916.4,686,672,597,585,13,"GE BrightSpeed Excel"
1213502,4,5.9411,48.9271,262,152.890833887386,105,0.277,19,10.25,872.8,704,695,612,604,13,"GE BrightSpeed Excel"
1213508,2,-0.93563,43.75166,9,160.427705980426,54,0.396,24.8,14.35,1177,733,739,638,643,13,"GE BrightSpeed Excel"
1213508,5,-0.93563,43.75166,9,167.964578073466,58,0.467,24.9,14.35,1177,885,882,770,767,13,"GE BrightSpeed Excel"
1213575,1,-0.36786,46.9534,142,58.1415847177382,12,0.11,6.6,12.45,684.3,745,755,648,657,13,"GE BrightSpeed Excel"
1213575,2,-0.36786,46.9534,142,52.7581046512809,12,0.089,6.1,12.45,684.3,768,773,668,672,13,"GE BrightSpeed Excel"
1213586,4,2.20392,48.5141,150,197.035370432335,69,0.482,20.9,11.5,683,812,792,707,689,13,"GE BrightSpeed Excel"
1213586,17,2.20392,48.5141,150,235.796426910827,85,0.453,21.7,11.5,683,699,668,608,582,13,"GE BrightSpeed Excel"
1213636,4,2.12565,47.79463,118,185.191714286129,59,0.306,25.3,11.75,727.9,760,750,661,653,13,"GE BrightSpeed Excel"
1213636,7,2.12565,47.79463,118,217.492594684872,74,0.439,23.6,11.75,727.9,730,722,636,628,13,"GE BrightSpeed Excel"
1213755,5,0.32728,47.34563,104,97.9793372095217,18,0.198,11.5,12.05,740.8,844,829,734,721,13,"GE BrightSpeed Excel"
1213762,4,-1.11108,49.11163,32,141.04717774118,38,0.242,9.5,11.6,973.7,881,873,767,760,13,"GE BrightSpeed Excel"
1213789,1,4.38627,48.26257,159,254.100259136782,125,0.495,31.2,11.3,781.2,667,663,580,577,13,"GE BrightSpeed Excel"
1213789,12,4.38627,48.26257,159,287.477835548817,109,0.707,32,11.3,781.2,816,803,710,699,13,"GE BrightSpeed Excel"
1213925,3,-0.19045,43.17815,314,217.492594684872,71,0.504,29,13.3,1303.2,761,744,662,647,13,"GE BrightSpeed Excel"
1213925,8,-0.19045,43.17815,314,267.020611296279,55,0.498,18.5,13.3,1303.2,751,742,653,645,13,"GE BrightSpeed Excel"
1213955,8,-0.62608,43.52671,79,175.501450166506,109,0.478,23.2,14.15,1120.9,880,854,766,743,13,"GE BrightSpeed Excel"
1213955,10,-0.62608,43.52671,79,152.890833887386,103,0.408,20.6,14.15,1120.9,840,839,731,730,13,"GE BrightSpeed Excel"
1214040,3,0.77627,45.57089,280,232.566338870953,65,0.42,27.5,12.1,1118.3,807,823,702,716,13,"GE BrightSpeed Excel"
1214059,2,-2.01501,47.155,7,186.26841029942,60,0.351,18,13,843.2,845,844,736,734,13,"GE BrightSpeed Excel"
1214059,3,-2.01501,47.155,7,153.967529900677,55,0.255,18.6,13,843.2,788,774,685,673,13,"GE BrightSpeed Excel"
1214121,5,4.25362,46.10533,480,90.4424651164816,59,0.148,7.5,11.35,983,704,707,613,615,13,"GE BrightSpeed Excel"
1214134,9,1.55304,46.80266,154,206.725634551958,95,0.357,19.7,12.15,788.2,684,644,595,560,13,"GE BrightSpeed Excel"
1214140,1,7.41948,47.84612,222,142.123873754471,97,0.328,18.2,11.25,695.3,766,738,666,642,13,"GE BrightSpeed Excel"
1214156,11,2.13872,44.30435,554,165.811186046883,84,0.525,21.6,11.6,1087,722,716,628,623,13,"GE BrightSpeed Excel"
1214156,14,2.13872,44.30435,554,138.893785714597,80,0.244,17.3,11.6,1087,779,766,678,666,13,"GE BrightSpeed Excel"
1214182,3,-2.13496,48.59162,18,207.802330565249,68,0.393,21.5,12.1,716.3,869,857,756,746,13,"GE BrightSpeed Excel"
1214182,6,-2.13496,48.59162,18,232.566338870953,70,0.489,25,12.1,716.3,807,794,702,690,13,"GE BrightSpeed Excel"
1214215,3,3.49772,49.49707,60,116.283169435476,44,0.294,17,11.25,735.1,754,750,656,652,13,"GE BrightSpeed Excel"
1214232,4,-0.41474,43.24456,268,269.174003322862,158,0.856,24.6,13.5,1299.8,832,823,724,716,13,"GE BrightSpeed Excel"
1214257,6,5.49032,46.45575,492,229.336250831078,86,0.603,20,10.4,1434.1,675,668,588,581,13,"GE BrightSpeed Excel"
1214294,13,4.35645,46.78752,375,134.587001661431,45,0.327,18.9,11,982.3,689,687,600,598,13,"GE BrightSpeed Excel"
1214294,18,4.35645,46.78752,375,110.899689369019,47,0.242,15.2,11,982.3,755,751,657,654,13,"GE BrightSpeed Excel"
1214339,6,0.69056,47.58529,136,177.654842193089,81,0.302,17.5,11.75,734.5,814,751,708,653,13,"GE BrightSpeed Excel"
1214339,9,0.69056,47.58529,136,180.884930232963,75,0.342,18.7,11.75,734.5,759,764,660,665,13,"GE BrightSpeed Excel"
1214367,5,1.41135,42.84454,1102,172.271362126632,53,0.282,19.9,8.6,1602.3,722,703,628,612,13,"GE BrightSpeed Excel"
1214416,13,-1.24866,43.59779,74,122.743345515225,17,0.195,12.3,14.2,1384.3,763,742,664,646,13,"GE BrightSpeed Excel"
1214501,16,0.95964,46.43713,127,205.648938538667,49,0.303,23.3,12.5,789.6,746,722,649,628,13,"GE BrightSpeed Excel"
1214501,19,0.95964,46.43713,127,206.725634551958,56,0.269,22.2,12.5,789.6,841,746,731,649,13,"GE BrightSpeed Excel"
1214557,3,0.58224,45.22607,158,189.498498339295,108,0.383,19,13,934.4,710,699,618,608,13,"GE BrightSpeed Excel"
1214658,12,-0.26701,47.58577,54,191.651890365878,70,0.409,21.6,12.3,719.3,828,813,720,707,13,"GE BrightSpeed Excel"
1214658,26,-0.26701,47.58577,54,192.728586379169,69,0.4,26,12.3,719.3,826,808,718,703,13,"GE BrightSpeed Excel"
1214660,2,-2.18129,48.49982,48,131.356913621557,17,0.154,10.5,11.9,770.4,775,769,674,669,13,"GE BrightSpeed Excel"
1214660,4,-2.18129,48.49982,48,85.0589850500244,17,0.173,9.8,11.9,770.4,761,795,662,692,13,"GE BrightSpeed Excel"
1214682,1,-1.94224,46.90546,29,230.41294684437,53,0.471,16.3,12.85,844.9,719,725,626,631,13,"GE BrightSpeed Excel"
1214682,2,-1.94224,46.90546,29,187.345106312712,50,0.44,17.1,12.85,844.9,882,873,767,759,13,"GE BrightSpeed Excel"
1214685,1,2.04743,47.45268,115,160.427705980426,48,0.344,21,11.9,769.1,784,779,682,678,13,"GE BrightSpeed Excel"
1214685,2,2.04743,47.45268,115,181.961626246255,40,0.372,21.5,11.9,769.1,845,803,735,699,13,"GE BrightSpeed Excel"
1214721,1,0.55332,45.33359,142,86.1356810633158,41,0.195,17.8,13,932.2,747,732,650,637,13,"GE BrightSpeed Excel"
1214721,20,0.55332,45.33359,142,161.504401993717,42,0.298,20.4,13,932.2,830,819,722,712,13,"GE BrightSpeed Excel"
1214784,5,-1.44497,46.56266,80,198.112066445626,65,0.357,12.1,12.7,940.4,833,777,725,676,13,"GE BrightSpeed Excel"
1214830,8,1.00759,43.41536,254,291.784619601982,121,0.534,22.5,13.35,744,725,720,630,627,13,"GE BrightSpeed Excel"
1214833,3,-1.06985,46.82664,96,159.351009967134,45,0.304,19.6,12.5,892.1,772,768,671,669,13,"GE BrightSpeed Excel"
1214833,7,-1.06985,46.82664,96,99.0560332228132,43,0.186,14.4,12.5,892.1,807,815,702,709,13,"GE BrightSpeed Excel"
1214890,5,2.4195,47.93869,123,329.468980067183,109,0.655,27.2,11.6,725.3,817,800,710,696,13,"GE BrightSpeed Excel"
1214890,11,2.4195,47.93869,123,178.73153820638,66,0.337,25,11.6,725.3,762,754,663,656,13,"GE BrightSpeed Excel"
1214913,8,4.3133,47.04025,320,327.3155880406,99,0.634,28.8,11.1,847.8,722,704,628,612,13,"GE BrightSpeed Excel"
1214937,12,-0.79989,43.09014,344,305.781667774771,46,0.472,17.5,12.8,1530.9,830,800,722,696,13,"GE BrightSpeed Excel"
1214949,2,0.84667,46.75964,59,93.672553156356,11,0.122,10.9,12.5,721.7,733,702,638,611,13,"GE BrightSpeed Excel"
1214949,7,0.84667,46.75964,59,128.126825581682,27,0.223,13.6,12.5,721.7,812,747,707,650,13,"GE BrightSpeed Excel"
1214977,2,-2.17086,47.43733,13,189.498498339295,46,0.354,17.1,12.6,855.5,820,817,713,710,13,"GE BrightSpeed Excel"
1214977,8,-2.17086,47.43733,13,206.725634551958,48,0.329,18.1,12.6,855.5,753,743,655,646,13,"GE BrightSpeed Excel"
1215041,1,2.03242,45.43742,686,299.321491695022,74,0.532,27.6,10.1,1449,796,772,692,671,13,"GE BrightSpeed Excel"
1215077,15,1.85877,50.74039,80,60.2949767443211,143,0.726,21,10.65,1070.2,582,584,506,508,13,"GE BrightSpeed Excel"
1215177,27,-0.42531,45.51166,59,181.961626246255,73,0.401,18.2,13.45,874.6,713,708,620,616,13,"GE BrightSpeed Excel"
1215196,4,2.80597,46.24657,495,232.566338870953,113,0.681,30.6,10.65,850.1,759,747,660,650,13,"GE BrightSpeed Excel"
1215262,3,4.61734,49.85844,331,239.026514950701,120,0.44,24.1,9.75,1085.1,728,690,634,600,13,"GE BrightSpeed Excel"
1215320,2,-0.62557,44.9484,15,47.3746245848237,29,0.119,8.3,14.05,861.5,741,728,645,633,13,"GE BrightSpeed Excel"
1215326,7,1.14413,47.51887,91,132.433609634848,70,0.377,21.6,12.05,690.3,688,666,599,579,13,"GE BrightSpeed Excel"
1215326,11,1.14413,47.51887,91,212.109114618415,65,0.498,21.1,12.05,690.3,680,657,592,572,13,"GE BrightSpeed Excel"
1215362,3,3.66664,45.37593,889,265.943915282988,151,0.671,25.5,8.5,960.1,731,722,636,628,13,"GE BrightSpeed Excel"
1215424,3,3.7322,48.99138,236,205.648938538667,75,0.475,28.5,10.65,805.6,750,741,652,645,13,"GE BrightSpeed Excel"
1215440,1,3.40227,48.88693,193,291.784619601982,102,0.531,30.2,10.95,786.9,753,749,655,652,13,"GE BrightSpeed Excel"
1215440,6,3.40227,48.88693,193,293.938011628565,103,0.604,33.1,10.95,786.9,641,624,557,543,13,"GE BrightSpeed Excel"
1215474,7,5.93888,47.32497,232,265.943915282988,98,0.62,20.4,11.45,1063.3,805,803,701,698,13,"GE BrightSpeed Excel"
1215474,9,5.93888,47.32497,232,398.377524917836,97,0.62,17.3,11.45,1063.3,782,770,681,670,13,"GE BrightSpeed Excel"
1215492,3,-0.09817,43.89963,123,137.817089701305,29,0.245,21.1,13.7,922.4,788,784,685,682,13,"GE BrightSpeed Excel"
1215492,7,-0.09817,43.89963,123,97.9793372095217,29,0.231,18.1,13.7,922.4,709,698,616,608,13,"GE BrightSpeed Excel"
1215581,16,1.34598,45.2355,206,152.890833887386,71,0.26,17.2,12.65,970.3,787,761,684,662,13,"GE BrightSpeed Excel"
1215581,18,1.34598,45.2355,206,150.737441860803,67,0.269,15.4,12.65,970.3,776,755,675,657,13,"GE BrightSpeed Excel"
1215589,18,5.92816,47.55942,239,151.814137874094,23,0.171,13.5,11.1,994.8,721,723,627,629,13,"GE BrightSpeed Excel"
1215589,19,5.92816,47.55942,239,165.811186046883,25,0.18,14.3,11.1,994.8,722,708,628,616,13,"GE BrightSpeed Excel"
1215607,1,-0.06578,47.84205,62,97.9793372095217,41,0.24,13.3,12.05,723.3,721,715,627,622,13,"GE BrightSpeed Excel"
1215696,12,1.02183,49.24392,88,198.112066445626,68,0.365,19.9,11.4,779.9,791,784,688,682,13,"GE BrightSpeed Excel"
1215751,4,6.98936,47.52171,411,226.106162791204,130,0.486,26.5,10.4,1039.1,770,731,669,636,13,"GE BrightSpeed Excel"
1215765,3,3.62521,45.79031,702,180.884930232963,114,0.549,25.2,9.85,1114.8,754,732,656,637,13,"GE BrightSpeed Excel"
1215814,2,-0.18458,48.09148,132,228.259554817787,97,0.521,29,11.6,852.7,812,801,706,697,13,"GE BrightSpeed Excel"
1215819,2,0.60038,45.46031,195,191.651890365878,72,0.41,17.3,12.7,978.8,761,749,662,652,13,"GE BrightSpeed Excel"
1215877,2,-0.65448,45.48775,51,120.589953488642,61,0.294,13.7,13.4,921.3,690,683,600,595,13,"GE BrightSpeed Excel"
1215877,3,-0.65448,45.48775,51,187.345106312712,73,0.402,17.8,13.4,921.3,765,748,665,651,13,"GE BrightSpeed Excel"
1215882,10,3.28183,46.76545,249,223.952770764621,101,0.52,27.4,11.65,862.2,828,807,720,702,13,"GE BrightSpeed Excel"
1215930,3,3.16471,47.66596,250,183.038322259546,91,0.401,25.3,11.1,853.6,798,786,694,684,13,"GE BrightSpeed Excel"
1215940,14,1.01547,43.07396,400,172.271362126632,73,0.34,22.5,12.4,950.2,820,791,713,688,13,"GE BrightSpeed Excel"
1215991,5,3.42195,45.91843,321,131.356913621557,37,0.218,23.5,12.1,826.1,750,739,653,643,13,"GE BrightSpeed Excel"
1216006,1,1.72114,45.84999,501,111.976385382311,21,0.226,10.7,10.75,1275.5,792,791,689,688,13,"GE BrightSpeed Excel"
1216006,2,1.72114,45.84999,501,144.277265781054,20,0.251,10.9,10.75,1275.5,764,773,665,672,13,"GE BrightSpeed Excel"
1216039,4,0.80538,45.44532,206,141.04717774118,34,0.223,14.5,12.65,1010.8,770,773,670,672,13,"GE BrightSpeed Excel"
1216042,5,0.31081,44.9875,73,203.495546512084,54,0.48,23.6,13.3,851,750,726,652,632,13,"GE BrightSpeed Excel"
1216042,8,0.31081,44.9875,73,286.401139535525,78,0.543,23.3,13.3,851,807,816,702,710,13,"GE BrightSpeed Excel"
1216076,1,0.56933,46.43173,117,157.197617940551,63,0.242,22.9,12.45,779,845,830,735,722,13,"GE BrightSpeed Excel"
1216076,12,0.56933,46.43173,117,144.277265781054,65,0.3,22.1,12.45,779,866,828,754,721,13,"GE BrightSpeed Excel"
1216174,5,3.03474,49.9317,64,236.873122924119,59,0.422,18.8,10.9,715.6,784,774,682,673,13,"GE BrightSpeed Excel"
1216174,6,3.03474,49.9317,64,204.572242525375,59,0.478,18.8,10.9,715.6,754,756,656,657,13,"GE BrightSpeed Excel"
1216191,1,-0.28921,48.0352,91,217.492594684872,102,0.47,26.7,11.8,816.4,754,747,656,650,13,"GE BrightSpeed Excel"
1216206,3,5.17588,47.41825,238,71.0619368772356,10,0.082,9.5,11.3,801.6,772,759,672,660,13,"GE BrightSpeed Excel"
1216206,5,5.17588,47.41825,238,83.9822890367329,11,0.087,9.3,11.3,801.6,717,695,624,604,13,"GE BrightSpeed Excel"
1216212,10,2.23775,44.95203,524,307.935059801354,101,0.613,21.6,11.25,1178.6,770,752,670,654,13,"GE BrightSpeed Excel"
1216312,1,1.51527,44.1216,143,200.265458472209,100,0.54,26.7,13.85,739.5,825,813,717,707,13,"GE BrightSpeed Excel"
1216312,4,1.51527,44.1216,143,211.032418605124,74,0.422,24.3,13.85,739.5,762,767,663,667,13,"GE BrightSpeed Excel"
1216345,7,2.0035,45.99513,532,180.884930232963,38,0.354,18,10.35,1099.3,823,811,716,706,13,"GE BrightSpeed Excel"
1216345,10,2.0035,45.99513,532,179.808234219672,37,0.336,22,10.35,1099.3,783,758,681,660,13,"GE BrightSpeed Excel"
1216357,9,2.5187,45.6536,724,135.663697674722,79,0.302,17.3,9.8,1078.1,668,656,581,571,13,"GE BrightSpeed Excel"
1216381,10,0.81084,45.24744,160,155.044225913968,113,0.336,18.9,13,940,797,746,694,649,13,"GE BrightSpeed Excel"
1216394,26,5.73482,45.78231,305,248.716779070324,106,0.516,24,11.8,1172.5,705,683,613,595,13,"GE BrightSpeed Excel"
1216395,4,5.86848,46.66077,678,171.19466611334,148,0.369,22.7,9.35,1702.8,754,709,656,617,13,"GE BrightSpeed Excel"
1216404,8,-0.00763,45.3232,122,176.578146179797,85,0.351,16.7,12.9,873.4,818,785,711,683,13,"GE BrightSpeed Excel"
1216426,1,2.53675,43.54919,686,169.041274086757,57,0.321,20.3,11.05,1511.6,758,747,659,650,13,"GE BrightSpeed Excel"
1216426,17,2.53675,43.54919,686,186.26841029942,69,0.403,20.7,11.05,1511.6,779,740,677,644,13,"GE BrightSpeed Excel"
1216431,2,0.45791,45.88997,113,234.719730897536,62,0.526,19.9,12.55,933.8,782,775,680,675,13,"GE BrightSpeed Excel"
1216437,16,0.95172,47.76861,116,170.117970100049,60,0.265,23.2,11.85,671,745,715,648,622,13,"GE BrightSpeed Excel"
1216518,1,3.27312,47.77308,243,242.256602990576,132,0.508,28.4,11.2,796.6,748,723,651,629,13,"GE BrightSpeed Excel"
1216532,16,1.54713,48.99692,133,250.870171096907,124,0.595,31,11.3,701.5,701,681,610,593,13,"GE BrightSpeed Excel"
1216615,18,0.12603,47.08998,49,116.283169435476,52,0.253,24,12.55,640.3,726,722,632,628,13,"GE BrightSpeed Excel"
1216628,6,1.45207,46.56799,175,227.182858804495,93,0.48,23.1,12.15,839.7,686,677,597,589,13,"GE BrightSpeed Excel"
1216628,8,1.45207,46.56799,175,146.430657807637,55,0.245,20,12.15,839.7,826,810,719,704,13,"GE BrightSpeed Excel"
1216633,9,3.10567,49.1049,70,176.578146179797,59,0.364,23.3,11.5,728.9,749,737,651,641,13,"GE BrightSpeed Excel"
1216642,13,0.5173,46.43091,133,117.359865448768,18,0.202,13.9,12.4,790.5,852,820,741,714,13,"GE BrightSpeed Excel"
1216658,15,4.03475,49.88594,152,306.858363788063,94,0.611,23.4,10.55,917.2,686,677,597,589,13,"GE BrightSpeed Excel"
1216680,2,0.65646,48.66408,248,178.73153820638,67,0.422,21.3,10.6,826.9,801,784,697,682,13,"GE BrightSpeed Excel"
1216680,8,0.65646,48.66408,248,150.737441860803,65,0.291,21.3,10.6,826.9,761,766,662,666,13,"GE BrightSpeed Excel"
1216693,1,-3.40671,48.30232,156,181.961626246255,19,0.258,10.7,11.25,1115.9,900,874,783,761,13,"GE BrightSpeed Excel"
1216695,2,1.50329,43.2406,257,158.274313953843,45,0.277,15.2,13.45,783.1,739,692,643,602,13,"GE BrightSpeed Excel"
1216701,4,2.55334,47.93852,105,302.551579734897,74,0.626,26.4,11.7,688.2,737,694,641,603,13,"GE BrightSpeed Excel"
1216819,22,0.22798,45.16592,65,71.0619368772356,52,0.192,28.1,13.3,870.6,728,720,634,626,13,"GE BrightSpeed Excel"
1216819,24,0.22798,45.16592,65,184.115018272838,153,0.533,25,13.3,870.6,754,745,656,648,13,"GE BrightSpeed Excel"
1216828,22,1.67849,45.11203,239,217.492594684872,96,0.414,23,12.2,1158.9,710,696,618,605,13,"GE BrightSpeed Excel"
1216838,15,0.70445,47.99929,168,95.8259451829389,28,0.187,14.7,11.5,743.5,804,795,700,692,13,"GE BrightSpeed Excel"
1216838,19,0.70445,47.99929,168,119.513257475351,28,0.228,12.9,11.5,743.5,770,748,670,651,13,"GE BrightSpeed Excel"
1216858,11,7.44441,47.82701,227,111.976385382311,70,0.228,17.7,11.15,723.2,768,755,668,657,13,"GE BrightSpeed Excel"
1216901,9,1.12461,46.04309,291,227.182858804495,68,0.46,20.8,11.85,997.7,769,771,669,671,13,"GE BrightSpeed Excel"
1217020,4,-0.43016,45.09747,38,131.356913621557,25,0.138,10,13.7,845.5,820,819,713,712,13,"GE BrightSpeed Excel"
1217020,6,-0.43016,45.09747,38,107.669601329145,13,0.115,10.3,13.7,845.5,841,833,732,725,13,"GE BrightSpeed Excel"
1217048,7,4.47056,47.68533,342,160.427705980426,127,0.333,21.2,10.7,945.2,847,788,737,686,13,"GE BrightSpeed Excel"
1217061,22,4.26404,47.86886,300,100.132729236105,45,0.186,19,10.9,910.1,752,764,654,665,13,"GE BrightSpeed Excel"
1217113,1,1.10697,43.38059,279,227.182858804495,38,0.362,26.5,13.3,745.3,813,797,707,694,13,"GE BrightSpeed Excel"
1217113,15,1.10697,43.38059,279,235.796426910827,37,0.406,28.2,13.3,745.3,768,756,668,658,13,"GE BrightSpeed Excel"
1217125,27,1.60441,44.94965,263,181.961626246255,57,0.374,18,12.85,944.2,753,749,655,652,13,"GE BrightSpeed Excel"
1217206,9,-0.47188,45.42048,65,267.020611296279,78,0.541,21.9,13.4,919.1,749,741,652,645,13,"GE BrightSpeed Excel"
1217209,3,4.84283,45.4097,236,36.6076644519092,12,0.178,8.9,12.85,850.1,771,759,670,661,13,"GE BrightSpeed Excel"
1217209,6,4.84283,45.4097,236,97.9793372095217,15,0.173,7.5,12.85,850.1,867,872,754,758,13,"GE BrightSpeed Excel"
1217211,4,1.91325,47.65015,120,220.722682724747,79,0.495,19.6,11.7,766.4,846,807,736,702,13,"GE BrightSpeed Excel"
1217211,9,1.91325,47.65015,120,237.94981893741,139,0.477,26.7,11.7,766.4,825,785,718,683,13,"GE BrightSpeed Excel"
1217235,1,4.94636,47.06363,210,355.309684386178,122,0.663,29.2,11.75,759.4,740,715,644,622,13,"GE BrightSpeed Excel"
1217236,7,0.35727,46.53623,116,183.038322259546,60,0.38,16.3,12.35,741.5,702,662,611,576,13,"GE BrightSpeed Excel"
1217281,15,5.56729,46.43558,361,195.958674419043,100,0.4,20,11.05,1459.3,756,741,658,645,13,"GE BrightSpeed Excel"
1217321,8,6.96609,48.17127,620,169.041274086757,49,0.413,19.9,9.35,1375.8,756,745,658,648,13,"GE BrightSpeed Excel"
1217335,2,3.80009,46.56204,290,310.088451827937,149,0.719,22.9,11.7,846.4,725,711,630,619,13,"GE BrightSpeed Excel"
1217368,2,0.49379,44.05516,110,253.02356312349,149,0.506,23.3,13.95,780.4,715,700,622,609,13,"GE BrightSpeed Excel"
1217421,2,0.92096,44.92502,90,131.356913621557,59,0.361,24,13.15,880.8,844,819,734,713,13,"GE BrightSpeed Excel"
1217421,7,0.92096,44.92502,90,290.707923588691,69,0.562,25,13.15,880.8,841,825,731,718,13,"GE BrightSpeed Excel"
1217431,1,0.75177,47.31624,90,171.19466611334,39,0.336,14.8,12.2,710,795,768,691,668,13,"GE BrightSpeed Excel"
1217482,2,2.20665,47.41699,145,82.9055930234415,38,0.163,12.1,11.7,794.7,713,711,621,619,13,"GE BrightSpeed Excel"
1217598,1,3.60659,47.21217,267,340.235940200098,102,0.725,26.8,11.45,859.3,694,672,603,585,13,"GE BrightSpeed Excel"
1217609,4,0.94984,47.84055,133,166.887882060174,43,0.211,21.5,11.7,709.5,726,738,631,642,13,"GE BrightSpeed Excel"
1217609,9,0.94984,47.84055,133,119.513257475351,44,0.207,20.4,11.7,709.5,706,706,614,615,13,"GE BrightSpeed Excel"
1217629,2,3.41454,46.85425,197,302.551579734897,131,0.537,24.5,11.85,872.1,755,722,657,628,13,"GE BrightSpeed Excel"
1217629,3,3.41454,46.85425,197,290.707923588691,142,0.577,25.9,11.85,872.1,647,620,563,540,13,"GE BrightSpeed Excel"
1217646,1,2.18156,46.93119,159,277.787571429194,141,0.591,19.5,12.05,739,699,668,608,581,13,"GE BrightSpeed Excel"
1217646,10,2.18156,46.93119,159,228.259554817787,83,0.464,19,12.05,739,770,748,670,651,13,"GE BrightSpeed Excel"
1217657,1,3.2644,48.7982,132,325.162196014017,119,0.677,29,11.2,750.3,795,807,692,702,13,"GE BrightSpeed Excel"
1217670,7,-0.9009,43.14108,288,225.029466777913,141,0.545,26.6,13.45,1408.8,722,702,628,611,13,"GE BrightSpeed Excel"
1217699,2,2.83825,49.75309,81,313.318539867811,107,0.537,32.5,11,695.3,727,738,632,642,13,"GE BrightSpeed Excel"
1217709,1,-0.16166,43.64636,114,289.631227575399,52,0.578,24,14.1,956.1,793,786,690,683,13,"GE BrightSpeed Excel"
1217720,3,2.54518,45.86948,717,236.873122924119,68,0.43,28.2,9.7,945.6,749,752,652,654,13,"GE BrightSpeed Excel"
1217720,12,2.54518,45.86948,717,203.495546512084,59,0.464,24.9,9.7,945.6,782,765,680,666,13,"GE BrightSpeed Excel"
1217740,1,-3.97521,48.30925,106,149.660745847511,51,0.266,18.7,11.65,1353,838,875,729,761,13,"GE BrightSpeed Excel"
1217740,2,-3.97521,48.30925,106,117.359865448768,50,0.223,16.6,11.65,1353,867,832,755,724,13,"GE BrightSpeed Excel"
1217771,12,0.81883,44.02421,139,122.743345515225,51,0.264,18,13.95,736.7,723,716,629,623,13,"GE BrightSpeed Excel"
1217783,27,0.48343,48.94919,191,200.265458472209,86,0.409,17.2,10.9,783,772,783,672,681,13,"GE BrightSpeed Excel"
1217869,2,1.13504,46.74504,99,188.421802326003,86,0.387,20.2,12.55,750.2,791,769,688,669,13,"GE BrightSpeed Excel"
1217869,4,1.13504,46.74504,99,170.117970100049,85,0.385,22.4,12.55,750.2,735,720,639,626,13,"GE BrightSpeed Excel"
1217897,1,5.82243,48.78669,238,296.091403655148,169,0.601,30.2,10.6,796.6,701,727,610,633,13,"GE BrightSpeed Excel"
1217897,4,5.82243,48.78669,238,342.38933222668,163,0.773,28.8,10.6,796.6,717,733,623,638,13,"GE BrightSpeed Excel"
1217918,2,6.31583,46.33975,423,185.191714286129,85,0.416,20.8,11.15,1031.9,852,879,741,765,13,"GE BrightSpeed Excel"
1217918,7,6.31583,46.33975,423,131.356913621557,75,0.353,18.9,11.15,1031.9,749,757,651,658,13,"GE BrightSpeed Excel"
1217928,3,-1.31819,43.52348,3,124.896737541808,69,0.297,15.1,14.55,1443.9,784,778,682,677,13,"GE BrightSpeed Excel"
1217928,7,-1.31819,43.52348,3,96.9026411962303,33,0.214,16.8,14.55,1443.9,700,679,609,591,13,"GE BrightSpeed Excel"
1217946,15,3.60492,49.37021,132,181.961626246255,93,0.439,29.4,11.05,741.1,734,725,639,631,13,"GE BrightSpeed Excel"
1218008,8,-3.73767,48.59227,80,193.805282392461,61,0.48,19.1,11.6,1004.9,820,801,713,697,13,"GE BrightSpeed Excel"
1218008,13,-3.73767,48.59227,80,221.799378738038,59,0.503,21.7,11.6,1004.9,811,788,706,685,13,"GE BrightSpeed Excel"
1218047,1,0.40582,48.10268,110,148.58404983422,66,0.313,16,11.8,722,767,755,667,657,13,"GE BrightSpeed Excel"
1218047,2,0.40582,48.10268,110,200.265458472209,69,0.397,26,11.8,722,797,766,693,667,13,"GE BrightSpeed Excel"
1218066,4,2.76368,47.47025,215,249.793475083616,82,0.538,29.5,11.4,781.9,688,657,598,572,13,"GE BrightSpeed Excel"
1218072,5,1.56361,46.06495,452,223.952770764621,105,0.418,21.2,11.1,1130,725,721,631,627,13,"GE BrightSpeed Excel"
1218135,10,7.64981,48.5388,149,141.04717774118,36,0.347,12.4,11.4,656,680,679,592,591,13,"GE BrightSpeed Excel"
1218139,6,-0.79758,45.75394,25,289.631227575399,54,0.569,12.6,13.35,906.4,895,907,779,789,13,"GE BrightSpeed Excel"
1218166,18,0.01572,44.76574,87,106.592905315853,63,0.259,20.7,13.55,815.1,775,759,674,660,13,"GE BrightSpeed Excel"
1218187,1,1.4773,46.62217,104,205.648938538667,40,0.438,17.8,12.4,806.1,738,731,642,636,13,"GE BrightSpeed Excel"
1218187,2,1.4773,46.62217,104,153.967529900677,32,0.282,16.1,12.4,806.1,716,728,623,633,13,"GE BrightSpeed Excel"
1218192,5,1.57341,45.36325,402,291.784619601982,104,0.592,26.2,11.6,1196.7,675,679,587,590,13,"GE BrightSpeed Excel"
1218192,19,1.57341,45.36325,402,270.250699336153,119,0.534,26.5,11.6,1196.7,662,646,576,562,13,"GE BrightSpeed Excel"
1218197,8,3.17486,46.62233,261,232.566338870953,152,0.476,31.8,11.75,775,763,739,663,643,13,"GE BrightSpeed Excel"
1218238,7,1.13743,44.27997,140,152.890833887386,75,0.385,22.5,13.7,782.8,746,740,649,644,13,"GE BrightSpeed Excel"
1218351,8,0.51742,47.20481,101,264.867219269696,91,0.534,23.8,12.1,744.3,745,735,648,640,13,"GE BrightSpeed Excel"
1218425,6,2.08476,45.16767,565,226.106162791204,50,0.491,25.3,11,1299.3,668,658,581,572,13,"GE BrightSpeed Excel"
1218478,8,-0.91104,43.32063,132,106.592905315853,49,0.319,17.4,14.05,1305.1,765,760,666,661,13,"GE BrightSpeed Excel"
1218478,10,-0.91104,43.32063,132,111.976385382311,46,0.278,18.5,14.05,1305.1,680,672,591,584,13,"GE BrightSpeed Excel"
1218584,7,-0.5759,45.45382,49,162.581098007009,56,0.328,22,13.4,927.4,713,691,621,601,13,"GE BrightSpeed Excel"
1218593,2,2.33916,47.1472,159,166.887882060174,37,0.423,19.1,11.95,823.4,814,795,708,692,13,"GE BrightSpeed Excel"
1218593,3,2.33916,47.1472,159,173.348058139923,35,0.353,18.5,11.95,823.4,754,748,656,651,13,"GE BrightSpeed Excel"
1218649,1,1.22766,44.78459,258,116.283169435476,30,0.273,15.9,13.25,854.2,856,824,745,716,13,"GE BrightSpeed Excel"
1218649,2,1.22766,44.78459,258,273.480787376028,82,0.523,17.7,13.25,854.2,782,756,680,658,13,"GE BrightSpeed Excel"
1218662,1,-1.31245,43.43371,21,157.197617940551,55,0.379,18.5,14.55,1543.4,764,737,665,641,13,"GE BrightSpeed Excel"
1218662,5,-1.31245,43.43371,21,144.277265781054,53,0.332,17.3,14.55,1543.4,792,779,689,678,13,"GE BrightSpeed Excel"
1218667,3,-0.38684,46.80892,152,116.283169435476,20,0.187,15.8,12.25,777.2,726,686,631,597,13,"GE BrightSpeed Excel"
1218667,5,-0.38684,46.80892,152,122.743345515225,25,0.187,13.8,12.25,777.2,700,703,609,612,13,"GE BrightSpeed Excel"
1218831,4,1.33306,47.35874,99,83.9822890367329,35,0.152,8.1,12.05,687.3,728,711,633,619,13,"GE BrightSpeed Excel"
1218865,3,1.78846,44.26719,246,194.881978405752,64,0.651,25.2,13,904.2,791,779,688,678,13,"GE BrightSpeed Excel"
1218922,20,0.7074,45.29996,161,177.654842193089,114,0.469,18.6,12.95,955,788,785,685,683,13,"GE BrightSpeed Excel"
1218965,7,1.28439,43.11288,347,99.0560332228132,35,0.237,18,12.85,898.3,832,839,724,730,13,"GE BrightSpeed Excel"
1218999,10,1.00009,47.96706,206,321.932107974143,134,0.522,23,11.3,755.7,730,709,635,617,13,"GE BrightSpeed Excel"
1219004,4,1.93191,45.2032,520,263.790523256405,100,0.478,28,11.05,1306.3,841,834,731,725,13,"GE BrightSpeed Excel"
1219004,7,1.93191,45.2032,520,320.855411960851,98,0.747,32.4,11.05,1306.3,768,751,668,653,13,"GE BrightSpeed Excel"
1219057,8,2.23253,47.74082,147,128.126825581682,53,0.321,19.5,11.65,746.6,878,851,764,740,13,"GE BrightSpeed Excel"
1219057,13,2.23253,47.74082,147,174.424754153215,52,0.358,20.3,11.65,746.6,841,823,732,716,13,"GE BrightSpeed Excel"
1219067,11,7.05144,48.22192,473,82.9055930234415,13,0.19,10.8,9.45,1220.7,721,730,628,635,13,"GE BrightSpeed Excel"
1219190,3,4.93508,49.00721,164,234.719730897536,60,0.521,30.4,10.85,848.3,697,686,606,597,13,"GE BrightSpeed Excel"
1219287,2,-0.31695,45.38826,72,230.41294684437,85,0.529,24.8,13.2,865.6,794,775,691,675,13,"GE BrightSpeed Excel"
1219303,1,7.68478,48.87957,179,167.964578073466,54,0.371,28.4,11.05,812.2,670,668,583,581,13,"GE BrightSpeed Excel"
1219303,7,7.68478,48.87957,179,173.348058139923,55,0.383,26.1,11.05,812.2,637,634,554,551,13,"GE BrightSpeed Excel"
1219400,3,1.33894,49.87574,153,217.492594684872,56,0.454,21.6,10.75,981.5,836,847,727,737,13,"GE BrightSpeed Excel"
1219420,11,5.20352,48.42543,272,230.41294684437,135,0.508,28.5,10.65,972,710,677,617,589,13,"GE BrightSpeed Excel"
1219450,9,7.13349,49.11914,248,304.70497176148,75,0.671,26,10.65,856.2,729,720,634,626,13,"GE BrightSpeed Excel"
1219457,3,2.96636,46.65966,239,104.43951328927,59,0.277,22.2,11.7,767.3,751,743,653,647,13,"GE BrightSpeed Excel"
1219457,5,2.96636,46.65966,239,132.433609634848,66,0.245,19.4,11.7,767.3,686,682,597,593,13,"GE BrightSpeed Excel"
1219467,3,5.71264,47.09771,260,311.165147841228,151,0.609,23,11.35,1134.4,638,624,555,543,13,"GE BrightSpeed Excel"
1219500,8,5.79286,48.75157,239,274.557483389319,120,0.533,27.6,10.55,849.4,735,696,639,606,13,"GE BrightSpeed Excel"
1219573,27,1.72495,45.50813,361,135.663697674722,23,0.272,12.6,11.75,1239.3,755,759,657,660,13,"GE BrightSpeed Excel"
1219585,1,-4.19905,47.93609,50,234.719730897536,45,0.46,15.9,12.3,1099.3,786,758,684,659,13,"GE BrightSpeed Excel"
1219607,1,4.18607,45.63849,349,149.660745847511,80,0.327,11.5,12.05,632.9,786,766,684,666,13,"GE BrightSpeed Excel"
1219607,5,4.18607,45.63849,349,61.3716727576125,18,0.125,9,12.05,632.9,682,687,593,598,13,"GE BrightSpeed Excel"
1219647,2,3.14276,44.46345,844,114.129777408893,23,0.172,10.1,10.3,1034.2,910,907,791,789,13,"GE BrightSpeed Excel"
1219647,3,3.14276,44.46345,844,127.050129568391,75,0.313,6.6,10.3,1034.2,845,829,735,721,13,"GE BrightSpeed Excel"
1219695,14,0.59183,43.30156,367,178.73153820638,50,0.375,17.8,12.6,889,892,874,776,761,13,"GE BrightSpeed Excel"
1219787,4,1.79767,45.92236,544,160.427705980426,45,0.339,21.5,10.45,1270,656,653,570,568,13,"GE BrightSpeed Excel"
1219787,17,1.79767,45.92236,544,227.182858804495,57,0.472,21.1,10.45,1270,733,731,638,636,13,"GE BrightSpeed Excel"
1219903,8,2.28635,47.21915,167,204.572242525375,83,0.504,24.5,11.65,856.5,721,684,628,595,13,"GE BrightSpeed Excel"
1219940,1,0.21954,43.38477,223,115.206473422185,68,0.265,17.1,13.55,884.4,758,760,659,661,13,"GE BrightSpeed Excel"
1219940,3,0.21954,43.38477,223,130.280217608265,63,0.244,20.6,13.55,884.4,777,760,676,661,13,"GE BrightSpeed Excel"
1219969,5,7.33269,47.77778,235,181.961626246255,71,0.347,19.7,11.2,729.3,773,764,673,665,13,"GE BrightSpeed Excel"
1219970,1,-3.87276,48.58525,48,254.100259136782,29,0.448,16.2,11.85,991.4,818,815,712,709,13,"GE BrightSpeed Excel"
1220018,1,0.56126,47.47542,115,233.643034884244,127,0.527,29.2,11.9,744.2,711,700,619,609,13,"GE BrightSpeed Excel"
1220018,3,0.56126,47.47542,115,255.176955150073,143,0.551,28.1,11.9,744.2,617,574,537,500,13,"GE BrightSpeed Excel"
1220026,3,-0.48546,48.1926,103,216.415898671581,115,0.434,27.8,11.65,813.8,752,749,654,652,13,"GE BrightSpeed Excel"
1220041,16,1.02248,47.06772,128,239.026514950701,63,0.422,23,12.15,741.1,724,724,630,630,13,"GE BrightSpeed Excel"
1220041,18,1.02248,47.06772,128,92.5958571430645,45,0.218,22,12.15,741.1,698,689,608,600,13,"GE BrightSpeed Excel"
1220084,7,-1.12539,45.24002,34,64.6017607974869,36,0.186,8.6,13.65,888.3,860,831,748,723,13,"GE BrightSpeed Excel"
1220084,8,-1.12539,45.24002,34,74.2920249171099,36,0.163,7.4,13.65,888.3,869,850,756,740,13,"GE BrightSpeed Excel"
1220133,6,1.12332,47.26676,110,189.498498339295,93,0.53,24.8,12.05,714,738,714,642,621,13,"GE BrightSpeed Excel"
1220203,1,0.31587,46.2475,146,191.651890365878,51,0.326,20.5,12.4,813.9,750,720,653,627,13,"GE BrightSpeed Excel"
1220286,11,2.71176,47.63233,132,230.41294684437,87,0.497,29,11.6,726.2,750,737,653,641,13,"GE BrightSpeed Excel"
1220326,18,3.90585,49.31275,143,296.091403655148,203,0.739,22.8,10.8,718.8,680,657,592,572,13,"GE BrightSpeed Excel"
1220351,15,1.96396,48.01007,129,201.342154485501,81,0.396,24,11.6,702.3,803,770,698,670,13,"GE BrightSpeed Excel"
1220448,3,2.28627,47.30911,161,141.04717774118,32,0.283,20,11.65,858.8,837,819,728,713,13,"GE BrightSpeed Excel"
1220448,7,2.28627,47.30911,161,74.2920249171099,33,0.181,17.5,11.65,858.8,693,681,603,593,13,"GE BrightSpeed Excel"
1220466,4,-0.3269,45.064,26,157.197617940551,57,0.321,22.6,13.7,841.7,761,738,662,642,13,"GE BrightSpeed Excel"
1220466,8,-0.3269,45.064,26,195.958674419043,55,0.37,21.2,13.7,841.7,779,755,678,657,13,"GE BrightSpeed Excel"
1220501,5,5.74325,48.82497,251,190.575194352586,95,0.332,21.8,10.6,807.4,781,763,679,664,13,"GE BrightSpeed Excel"
1220580,12,5.05517,46.61102,197,244.409995017159,159,0.509,21.5,11.95,948.6,668,650,581,566,13,"GE BrightSpeed Excel"
1220585,12,2.16106,45.16782,600,231.489642857661,54,0.476,18.3,10.75,1299.4,729,719,634,626,13,"GE BrightSpeed Excel"
1220700,8,0.50568,48.32014,143,160.427705980426,123,0.342,20,11.35,754.9,768,739,668,643,13,"GE BrightSpeed Excel"
1220702,2,4.09823,45.29797,596,127.050129568391,45,0.237,13.5,11.25,741.4,749,747,652,650,13,"GE BrightSpeed Excel"
1220725,1,4.4418,45.61598,527,249.793475083616,92,0.512,21.4,11.2,833.8,679,669,591,582,13,"GE BrightSpeed Excel"
1220725,7,4.4418,45.61598,527,180.884930232963,92,0.372,19.5,11.2,833.8,707,684,615,595,13,"GE BrightSpeed Excel"
1220752,17,3.09148,48.13413,175,213.185810631707,125,0.434,22.8,11.3,753.5,704,678,612,590,13,"GE BrightSpeed Excel"
1220752,20,3.09148,48.13413,175,173.348058139923,106,0.337,22.5,11.3,753.5,759,730,660,635,13,"GE BrightSpeed Excel"
1220760,8,1.79521,48.78261,182,173.348058139923,71,0.33,27.2,11.2,692.2,752,729,654,634,13,"GE BrightSpeed Excel"
1220865,5,5.76688,48.77031,237,198.112066445626,115,0.464,25,10.55,843.4,706,698,614,607,13,"GE BrightSpeed Excel"
1220882,12,0.5203,43.22848,420,232.566338870953,55,0.387,27.1,12.35,942.4,807,826,702,718,13,"GE BrightSpeed Excel"
1220882,19,0.5203,43.22848,420,216.415898671581,52,0.402,29.2,12.35,942.4,804,795,700,691,13,"GE BrightSpeed Excel"
1220884,6,-3.11206,48.58669,116,212.109114618415,85,0.434,20.2,11.5,853.9,909,897,791,780,13,"GE BrightSpeed Excel"
1221005,10,2.85376,45.8145,747,275.634179402611,90,0.402,19.2,9.55,944.1,700,684,609,595,13,"GE BrightSpeed Excel"
1221032,1,1.8715,49.376,199,300.398187708314,146,0.599,27,10.6,854,735,746,640,649,13,"GE BrightSpeed Excel"
1221032,3,1.8715,49.376,199,194.881978405752,139,0.526,24.5,10.6,854,628,617,547,537,13,"GE BrightSpeed Excel"
1221033,2,1.1278,44.72957,175,208.879026578541,81,0.399,21.5,13.1,922.9,787,760,684,661,13,"GE BrightSpeed Excel"
1221033,9,1.1278,44.72957,175,214.262506644998,84,0.404,28.7,13.1,922.9,756,737,657,641,13,"GE BrightSpeed Excel"
1221119,12,5.11013,48.19375,243,178.73153820638,55,0.333,17,10.85,947.8,734,730,638,635,13,"GE BrightSpeed Excel"
1221134,2,1.08935,45.32289,242,257.330347176656,70,0.471,26.5,12.45,1010.3,714,702,622,611,13,"GE BrightSpeed Excel"
1221143,13,0.72864,46.32611,157,100.132729236105,21,0.155,16.2,12.35,801.4,732,710,637,618,13,"GE BrightSpeed Excel"
1221152,2,5.15262,49.48775,196,189.498498339295,117,0.379,22.5,10.5,870.7,724,720,630,627,13,"GE BrightSpeed Excel"
1221152,6,5.15262,49.48775,196,144.277265781054,109,0.371,22.9,10.5,870.7,706,684,615,595,13,"GE BrightSpeed Excel"
1221202,1,2.28584,47.75884,148,105.516209302562,28,0.264,12.2,11.7,727.8,731,707,636,615,13,"GE BrightSpeed Excel"
1221317,1,1.40895,49.08579,124,184.115018272838,75,0.421,25.7,11.35,716.3,688,686,599,597,13,"GE BrightSpeed Excel"
1221352,3,6.5134,49.25035,233,288.554531562108,107,0.55,23,10.55,772.6,745,721,648,628,13,"GE BrightSpeed Excel"
1221352,4,6.5134,49.25035,233,302.551579734897,123,0.577,25.8,10.55,772.6,702,667,611,580,13,"GE BrightSpeed Excel"
1221372,2,2.53585,50.40027,168,207.802330565249,85,0.506,17.9,10.35,901.9,794,795,690,692,13,"GE BrightSpeed Excel"
1221435,6,1.8735,46.10264,632,227.182858804495,89,0.419,16.8,10.55,1124.5,664,665,578,579,13,"GE BrightSpeed Excel"
1221442,15,2.15881,45.86953,547,131.356913621557,63,0.244,13.7,10.15,1059.4,719,697,626,606,13,"GE BrightSpeed Excel"
1221457,11,4.715,48.38232,162,325.162196014017,96,0.58,26.6,11.35,796.7,726,698,631,607,13,"GE BrightSpeed Excel"
1221457,20,4.715,48.38232,162,296.091403655148,112,0.547,30.1,11.35,796.7,784,763,682,664,13,"GE BrightSpeed Excel"
1221502,11,2.28601,47.57896,145,141.04717774118,51,0.277,21,11.6,786.7,654,636,569,553,13,"GE BrightSpeed Excel"
1221502,13,2.28601,47.57896,145,132.433609634848,50,0.305,21,11.6,786.7,799,791,695,688,13,"GE BrightSpeed Excel"
1221538,3,4.18136,47.79823,265,211.032418605124,100,0.442,19.8,11.2,828.3,712,700,619,609,13,"GE BrightSpeed Excel"
1221593,2,-0.6745,43.50738,138,127.050129568391,94,0.488,26.2,14.05,1164.9,817,807,710,702,13,"GE BrightSpeed Excel"
1221616,10,0.55852,45.17171,98,251.946867110199,123,0.53,25,13.3,898.4,751,739,654,643,13,"GE BrightSpeed Excel"
1221648,15,-1.23653,47.36188,29,178.73153820638,54,0.326,19.5,12.65,800.3,744,736,647,640,13,"GE BrightSpeed Excel"
1221671,2,1.81796,43.78183,191,169.041274086757,70,0.325,18.7,13.6,735.6,797,777,694,676,13,"GE BrightSpeed Excel"
1221671,5,1.81796,43.78183,191,187.345106312712,75,0.333,22.5,13.6,735.6,796,784,693,682,13,"GE BrightSpeed Excel"
1221680,2,-0.63197,47.451,59,239.026514950701,115,0.459,23.6,12.55,714.6,703,675,612,587,13,"GE BrightSpeed Excel"
1221680,14,-0.63197,47.451,59,225.029466777913,117,0.419,23.1,12.55,714.6,666,656,579,570,13,"GE BrightSpeed Excel"
1221735,3,4.61148,46.62073,369,109.822993355728,33,0.201,14.5,11.35,854.6,738,718,642,625,13,"GE BrightSpeed Excel"
1221735,12,4.61148,46.62073,369,83.9822890367329,32,0.212,14,11.35,854.6,725,703,631,612,13,"GE BrightSpeed Excel"
1221759,5,4.06814,47.60205,321,287.477835548817,148,0.605,22.4,11.1,880.1,790,763,687,664,13,"GE BrightSpeed Excel"
1221759,8,4.06814,47.60205,321,297.16809966844,152,0.59,24.8,11.1,880.1,699,683,608,594,13,"GE BrightSpeed Excel"
1221783,1,-3.06916,48.69678,46,194.881978405752,81,0.398,15.6,11.85,840.1,782,758,680,659,13,"GE BrightSpeed Excel"
1221783,12,-3.06916,48.69678,46,189.498498339295,86,0.456,17.4,11.85,840.1,782,751,681,653,13,"GE BrightSpeed Excel"
1221820,20,3.02266,44.91397,828,103.362817275979,53,0.216,17.2,9.25,814.2,727,733,633,638,13,"GE BrightSpeed Excel"
1221830,19,3.04821,48.90754,169,41.9911445183665,190,0.738,30.8,11.3,772,664,667,578,580,13,"GE BrightSpeed Excel"
1221863,6,0.65784,46.937,105,200.265458472209,57,0.396,23.7,12.35,697.3,760,757,662,659,13,"GE BrightSpeed Excel"
1221863,9,0.65784,46.937,105,186.26841029942,63,0.394,20.3,12.35,697.3,787,767,685,667,13,"GE BrightSpeed Excel"
1221883,6,0.94605,45.95105,254,195.958674419043,108,0.516,24,11.9,1024.8,696,700,605,609,13,"GE BrightSpeed Excel"
1221883,12,0.94605,45.95105,254,195.958674419043,45,0.348,23.1,11.9,1024.8,894,864,778,752,13,"GE BrightSpeed Excel"
1221937,9,-1.28531,48.08064,74,341.312636213389,76,0.517,21.2,11.9,810.5,746,724,649,630,13,"GE BrightSpeed Excel"
1221960,32,4.18771,49.50642,64,189.498498339295,30,0.37,22.9,11.05,749.5,750,764,652,665,13,"GE BrightSpeed Excel"
1222026,7,5.78477,49.03966,216,179.808234219672,102,0.447,25.6,10.65,730.1,781,773,679,673,13,"GE BrightSpeed Excel"
1222026,11,5.78477,49.03966,216,176.578146179797,73,0.427,25.1,10.65,730.1,730,731,635,636,13,"GE BrightSpeed Excel"
1222065,6,1.12156,45.01736,123,209.955722591832,102,0.522,23.3,13.2,867.4,736,714,640,621,13,"GE BrightSpeed Excel"
1222087,2,0.95782,45.48329,250,230.41294684437,82,0.618,23.2,12.3,1099.6,737,736,642,640,13,"GE BrightSpeed Excel"
1222105,5,4.90065,48.86409,144,157.197617940551,90,0.401,24.5,11,865.7,687,675,598,587,13,"GE BrightSpeed Excel"
1222155,3,-2.25442,48.40694,109,225.029466777913,70,0.421,21,11.65,789.2,858,835,746,726,13,"GE BrightSpeed Excel"
1222155,4,-2.25442,48.40694,109,262.713827243113,75,0.481,16,11.65,789.2,830,815,722,709,13,"GE BrightSpeed Excel"
1222188,2,1.0294,44.62051,223,274.557483389319,74,0.564,26.5,13,913.9,800,784,696,682,13,"GE BrightSpeed Excel"
1222194,6,0.04807,43.97476,109,218.569290698164,118,0.484,29.6,13.65,861.5,709,697,617,607,13,"GE BrightSpeed Excel"
1222202,5,-0.19425,46.05721,138,107.669601329145,32,0.152,12.3,12.65,886,801,794,697,691,13,"GE BrightSpeed Excel"
1222274,19,2.02005,47.59652,120,161.504401993717,68,0.27,22,11.75,770,793,745,690,649,13,"GE BrightSpeed Excel"
1222329,15,0.95454,47.6607,116,209.955722591832,58,0.403,20.1,11.85,699.3,786,765,684,665,13,"GE BrightSpeed Excel"
1222329,38,0.95454,47.6607,116,223.952770764621,75,0.486,20.3,11.85,699.3,678,671,590,584,13,"GE BrightSpeed Excel"
1222333,1,6.10801,45.96855,703,235.796426910827,65,0.501,21,10.05,1327.6,730,728,635,634,13,"GE BrightSpeed Excel"
1222404,4,4.54859,46.99997,366,134.587001661431,64,0.356,12.8,10.8,801.9,681,666,593,579,13,"GE BrightSpeed Excel"
1222410,7,1.56106,46.24488,385,139.970481727888,53,0.269,20.3,11.4,1012.2,797,797,693,693,13,"GE BrightSpeed Excel"
1222419,5,3.60032,45.82659,644,272.404091362736,85,0.673,26.2,10.25,1112.9,697,685,607,596,13,"GE BrightSpeed Excel"
1222419,7,3.60032,45.82659,644,170.117970100049,79,0.414,25,10.25,1112.9,789,763,686,664,13,"GE BrightSpeed Excel"
1222442,6,1.99392,47.52449,111,127.050129568391,58,0.258,21.6,11.85,762.3,743,727,647,633,13,"GE BrightSpeed Excel"
1222442,7,1.99392,47.52449,111,211.032418605124,58,0.505,27.1,11.85,762.3,800,778,696,677,13,"GE BrightSpeed Excel"
1222482,4,6.4338,47.56068,281,254.100259136782,165,0.549,31.1,11.05,1061.3,712,704,620,613,13,"GE BrightSpeed Excel"
1222492,7,5.62297,48.21653,450,185.191714286129,113,0.335,14.3,9.8,967.8,758,716,659,623,13,"GE BrightSpeed Excel"
1222503,9,1.01958,42.89433,957,152.890833887386,60,0.309,14,10.8,1162.4,870,863,757,751,13,"GE BrightSpeed Excel"
1222537,9,-1.19837,43.18565,306,178.73153820638,71,0.36,23.7,13.75,1429.1,855,841,744,732,13,"GE BrightSpeed Excel"
1222566,5,1.89836,46.2287,341,272.404091362736,59,0.533,29,11.55,928.9,716,700,623,609,13,"GE BrightSpeed Excel"
1222573,1,4.44179,47.63187,359,81.82889701015,65,0.175,13.1,10.8,912.8,731,714,636,621,13,"GE BrightSpeed Excel"
1222578,12,2.56346,44.05254,504,225.029466777913,92,0.464,23.5,11.95,1031,771,736,670,640,13,"GE BrightSpeed Excel"
1222578,16,2.56346,44.05254,504,138.893785714597,54,0.398,19.1,11.95,1031,735,715,639,622,13,"GE BrightSpeed Excel"
1222582,2,-1.82722,48.47681,51,105.516209302562,28,0.154,14.2,11.8,835.7,729,740,634,643,13,"GE BrightSpeed Excel"
1222592,11,2.85699,46.15638,503,273.480787376028,79,0.447,24.1,10.6,853.7,705,719,614,625,13,"GE BrightSpeed Excel"
1222609,22,1.75257,42.90085,811,187.345106312712,163,0.437,17,10.65,1345.2,831,813,723,707,13,"GE BrightSpeed Excel"
1222632,6,-2.71952,48.45998,131,321.932107974143,107,0.514,19.3,11.45,773.5,880,868,766,755,13,"GE BrightSpeed Excel"
1222638,1,1.38557,48.86992,69,219.645986711455,86,0.454,24,11.45,629.2,794,778,691,677,13,"GE BrightSpeed Excel"
1222677,9,4.28124,48.33631,123,184.115018272838,70,0.328,21.5,11.45,756.3,803,805,699,700,13,"GE BrightSpeed Excel"
1222706,2,0.79213,48.66592,202,159.351009967134,58,0.431,21.7,10.8,746.6,725,729,631,634,13,"GE BrightSpeed Excel"
1222737,10,2.18025,47.38098,130,227.182858804495,29,0.42,23.8,11.75,795.6,763,766,664,666,13,"GE BrightSpeed Excel"
1222741,12,1.57236,47.2886,91,332.699068107057,90,0.555,23.3,12.1,676.7,683,675,595,587,13,"GE BrightSpeed Excel"
1222753,6,-2.09112,48.39518,90,162.581098007009,38,0.214,13.6,11.8,828.1,777,759,676,661,13,"GE BrightSpeed Excel"
1222798,4,1.6937,45.99379,427,162.581098007009,61,0.307,19.8,10.9,1158.2,812,811,706,706,13,"GE BrightSpeed Excel"
1222804,17,3.08381,47.59455,230,346.696116279846,111,0.65,33.2,11.15,873.9,724,738,630,642,13,"GE BrightSpeed Excel"
1222842,3,1.07893,46.9064,128,139.970481727888,46,0.286,20.7,12.2,776.3,713,701,621,610,13,"GE BrightSpeed Excel"
1222842,8,1.07893,46.9064,128,192.728586379169,39,0.361,19.8,12.2,776.3,755,743,656,646,13,"GE BrightSpeed Excel"
1222852,5,-4.0858,47.88824,11,199.188762458918,45,0.305,21.8,12.5,993.6,768,722,668,628,13,"GE BrightSpeed Excel"
1222870,10,2.21128,45.45576,622,106.592905315853,75,0.205,19.5,10.35,1235.9,685,693,596,603,13,"GE BrightSpeed Excel"
1222870,12,2.21128,45.45576,622,107.669601329145,73,0.207,20.8,10.35,1235.9,751,721,653,627,13,"GE BrightSpeed Excel"
1222872,2,-0.08019,45.23164,95,269.174003322862,63,0.478,20.8,13.05,868.8,768,754,669,656,13,"GE BrightSpeed Excel"
1222872,6,-0.08019,45.23164,95,179.808234219672,66,0.464,18.3,13.05,868.8,777,743,676,647,13,"GE BrightSpeed Excel"
1222923,1,3.84038,48.95411,235,277.787571429194,135,0.514,35.1,10.7,804.7,713,707,620,615,13,"GE BrightSpeed Excel"
1222955,9,3.85831,46.77723,272,149.660745847511,70,0.302,13.7,11.65,959,760,728,661,634,13,"GE BrightSpeed Excel"
1223051,12,2.94691,44.9324,850,176.578146179797,71,0.378,15.9,9.1,996.1,722,703,628,612,13,"GE BrightSpeed Excel"
1223136,12,0.12863,43.18519,416,239.026514950701,67,0.481,27.7,12.7,1100.5,806,799,701,695,13,"GE BrightSpeed Excel"
1223164,5,-0.74621,45.75536,41,135.663697674722,70,0.286,17.4,13.3,911.3,739,715,643,622,13,"GE BrightSpeed Excel"
1223184,3,-1.02689,45.29707,14,95.8259451829389,54,0.256,13.7,13.6,881.1,814,818,708,712,13,"GE BrightSpeed Excel"
1223205,5,1.50563,43.07889,483,206.725634551958,45,0.405,18.1,12.4,974.6,858,829,747,721,13,"GE BrightSpeed Excel"
1223225,3,2.79237,47.72198,168,60.2949767443211,17,0.099,8.8,11.5,766.7,773,772,672,672,13,"GE BrightSpeed Excel"
1223225,5,2.79237,47.72198,168,111.976385382311,18,0.139,7.9,11.5,766.7,779,744,677,647,13,"GE BrightSpeed Excel"
1223231,2,0.34005,47.0039,68,190.575194352586,110,0.493,17.8,12.5,648.8,734,722,638,628,13,"GE BrightSpeed Excel"
1223231,3,0.34005,47.0039,68,267.020611296279,123,0.614,24,12.5,648.8,733,711,638,619,13,"GE BrightSpeed Excel"
1223236,2,2.54349,45.41965,665,163.6577940203,50,0.352,22,10.5,1137.8,695,672,605,585,13,"GE BrightSpeed Excel"
1223236,6,2.54349,45.41965,665,178.73153820638,49,0.335,20.5,10.5,1137.8,783,776,681,675,13,"GE BrightSpeed Excel"
1223258,4,1.95809,45.09535,408,151.814137874094,81,0.297,22.1,12.05,1184.8,692,685,602,596,13,"GE BrightSpeed Excel"
1223286,6,5.43264,48.1857,387,159.351009967134,85,0.35,25.5,9.95,1016,766,751,666,654,13,"GE BrightSpeed Excel"
1223338,10,0.45732,49.66769,119,256.253651163365,182,0.677,25,11.05,1050.8,806,799,702,695,13,"GE BrightSpeed Excel"
1223344,4,2.766,47.75806,157,80.7522009968586,25,0.189,17.5,11.5,763.7,776,760,675,661,13,"GE BrightSpeed Excel"
1223344,7,2.766,47.75806,157,100.132729236105,25,0.204,17.8,11.5,763.7,792,776,689,675,13,"GE BrightSpeed Excel"
1223362,2,1.67545,47.50513,97,106.592905315853,47,0.202,19,11.95,713.5,671,666,584,579,13,"GE BrightSpeed Excel"
1223406,5,2.92149,47.34362,182,99.0560332228132,28,0.151,10.4,11.75,769.9,775,727,674,632,13,"GE BrightSpeed Excel"
1223406,9,2.92149,47.34362,182,95.8259451829389,29,0.325,16.9,11.75,769.9,721,736,627,640,13,"GE BrightSpeed Excel"
1223408,3,3.66225,49.45944,80,128.126825581682,62,0.289,14.7,11.1,749.1,718,716,625,623,13,"GE BrightSpeed Excel"
1223467,3,5.96409,47.30618,234,236.873122924119,72,0.457,26.4,11.4,1089.6,725,692,631,602,13,"GE BrightSpeed Excel"
1223467,8,5.96409,47.30618,234,321.932107974143,74,0.636,29.3,11.4,1089.6,684,651,595,566,13,"GE BrightSpeed Excel"
1223490,11,2.33905,43.56735,229,205.648938538667,88,0.485,21.2,13.4,915.7,783,788,681,686,13,"GE BrightSpeed Excel"
1223634,1,0.59945,43.05005,644,178.73153820638,56,0.314,19.5,12.05,928.6,810,802,705,697,13,"GE BrightSpeed Excel"
1223661,14,-0.20763,46.34497,146,347.772812293138,148,0.621,20.7,12.6,928.7,722,680,629,592,13,"GE BrightSpeed Excel"
1223661,16,-0.20763,46.34497,146,303.628275748188,135,0.596,24.6,12.6,928.7,822,829,715,721,13,"GE BrightSpeed Excel"
1223669,5,-1.01256,43.37149,80,63.5250647841954,13,0.077,8.5,14.4,1281.1,670,675,583,587,13,"GE BrightSpeed Excel"
1223716,11,4.33159,46.82396,435,181.961626246255,57,0.5,21.5,10.9,1008.2,766,742,666,645,13,"GE BrightSpeed Excel"
1223717,3,2.59186,44.82586,505,75.3687209304014,41,0.123,13,11.05,1193.9,655,664,570,577,13,"GE BrightSpeed Excel"
1223734,2,-0.66113,43.72362,77,213.185810631707,93,0.465,20.6,14.15,1083.9,851,833,741,724,13,"GE BrightSpeed Excel"
1223758,10,0.3551,45.16827,104,131.356913621557,59,0.506,14.2,13.15,913.4,740,732,644,637,13,"GE BrightSpeed Excel"
1223832,9,0.58838,47.45784,89,192.728586379169,88,0.405,28.8,12.05,735,700,682,609,593,13,"GE BrightSpeed Excel"
1223837,5,1.78156,44.96867,332,78.5988089702757,62,0.183,12.7,12.7,1015.6,851,837,740,728,13,"GE BrightSpeed Excel"
1223843,5,-0.22031,46.61473,183,300.398187708314,72,0.537,23.5,12.1,878,732,720,637,626,13,"GE BrightSpeed Excel"
1223843,10,-0.22031,46.61473,183,175.501450166506,41,0.318,19.2,12.1,878,773,776,672,676,13,"GE BrightSpeed Excel"
1223866,7,3.79767,46.47208,266,174.424754153215,51,0.385,18.5,11.85,800.1,816,826,710,719,13,"GE BrightSpeed Excel"
1223867,2,0.88015,45.5183,253,249.793475083616,97,0.509,20.1,12.2,1108.5,745,738,648,642,13,"GE BrightSpeed Excel"
1223867,7,0.88015,45.5183,253,188.421802326003,111,0.469,20.6,12.2,1108.5,738,739,642,643,13,"GE BrightSpeed Excel"
1223909,7,1.89617,46.4986,279,231.489642857661,63,0.413,24.5,11.6,889.3,771,769,671,669,13,"GE BrightSpeed Excel"
1223909,13,1.89617,46.4986,279,273.480787376028,64,0.468,25,11.6,889.3,754,717,656,624,13,"GE BrightSpeed Excel"
1223921,10,3.42726,48.77884,176,230.41294684437,90,0.526,27.9,11.05,770.1,756,747,658,650,13,"GE BrightSpeed Excel"
1223927,2,-0.21658,43.21349,249,223.952770764621,39,0.397,18.3,13.4,1270.8,769,754,669,656,13,"GE BrightSpeed Excel"
1223970,10,2.3894,44.57431,537,233.643034884244,59,0.247,17.9,11.7,1031.9,857,815,745,709,13,"GE BrightSpeed Excel"
1223976,2,2.04927,47.11086,146,105.516209302562,12,0.152,7.8,12.1,727.7,796,806,692,701,13,"GE BrightSpeed Excel"
1223982,11,-0.65184,44.9657,20,44.1445365449494,21,0.161,16.1,14.05,869,764,764,665,665,13,"GE BrightSpeed Excel"
1223982,15,-0.65184,44.9657,20,50.604712624698,21,0.139,15.8,14.05,869,724,711,630,618,13,"GE BrightSpeed Excel"
1224014,3,-3.28377,48.16403,238,125.973433555099,19,0.253,10.5,11.05,1211.9,715,714,622,622,13,"GE BrightSpeed Excel"
1224014,7,-3.28377,48.16403,238,130.280217608265,14,0.207,9.1,11.05,1211.9,835,809,727,704,13,"GE BrightSpeed Excel"
1224018,2,-0.00683,46.51131,149,133.51030564814,43,0.264,20,12.35,871.1,788,780,686,679,13,"GE BrightSpeed Excel"
1224018,3,-0.00683,46.51131,149,181.961626246255,45,0.424,23.5,12.35,871.1,715,710,622,618,13,"GE BrightSpeed Excel"
1224052,5,2.99512,46.87542,209,170.117970100049,112,0.361,18,11.8,808.4,809,794,704,691,13,"GE BrightSpeed Excel"
1224052,6,2.99512,46.87542,209,169.041274086757,89,0.391,17.4,11.8,808.4,766,757,666,659,13,"GE BrightSpeed Excel"
1224118,1,0.56809,48.06926,84,332.699068107057,185,0.691,28,11.85,699.8,722,693,628,602,13,"GE BrightSpeed Excel"
1224118,12,0.56809,48.06926,84,229.336250831078,182,0.842,29.8,11.85,699.8,800,796,696,693,13,"GE BrightSpeed Excel"
1224129,3,5.24353,48.17253,337,185.191714286129,55,0.264,14.5,10.4,994.2,844,834,734,726,13,"GE BrightSpeed Excel"
1224168,10,1.98497,44.86156,434,300.398187708314,158,0.786,21.5,11.65,1302.7,749,729,652,635,13,"GE BrightSpeed Excel"
1224178,4,2.53168,49.32284,78,290.707923588691,150,0.56,26.8,11.4,680,736,767,641,667,13,"GE BrightSpeed Excel"
1224189,6,4.6948,49.73119,180,232.566338870953,150,0.525,29.2,10.45,957.1,650,625,565,544,13,"GE BrightSpeed Excel"
1224251,3,2.38965,44.84412,625,228.259554817787,73,0.357,18.7,10.85,1239.6,696,649,606,565,13,"GE BrightSpeed Excel"
1224251,5,2.38965,44.84412,625,152.890833887386,78,0.344,19.5,10.85,1239.6,688,655,599,570,13,"GE BrightSpeed Excel"
1224287,5,-0.11239,48.84853,166,176.578146179797,94,0.4,19.7,10.95,781.9,807,777,702,676,13,"GE BrightSpeed Excel"
1224301,4,-1.2099,47.75887,68,97.9793372095217,15,0.142,8.4,12.15,772.5,885,871,770,758,13,"GE BrightSpeed Excel"
1224301,8,-1.2099,47.75887,68,74.2920249171099,16,0.085,5.4,12.15,772.5,780,751,679,653,13,"GE BrightSpeed Excel"
1224323,6,2.46863,46.17549,388,160.427705980426,64,0.349,16,11,835.5,747,739,650,643,13,"GE BrightSpeed Excel"
1224323,10,2.46863,46.17549,388,114.129777408893,62,0.245,13.4,11,835.5,743,705,646,613,13,"GE BrightSpeed Excel"
1224342,16,0.13267,46.92811,70,74.2920249171099,29,0.138,17.4,12.5,638.8,713,687,621,598,13,"GE BrightSpeed Excel"
1224342,22,0.13267,46.92811,70,227.182858804495,97,0.46,22.6,12.5,638.8,732,718,637,624,13,"GE BrightSpeed Excel"
1224353,3,2.46731,45.61769,672,192.728586379169,78,0.46,23.3,10,1130.2,758,747,659,650,13,"GE BrightSpeed Excel"
1224353,4,2.46731,45.61769,672,52.7581046512809,27,0.127,9.9,10,1130.2,794,786,691,684,13,"GE BrightSpeed Excel"
1224396,10,-1.76052,48.3171,73,231.489642857661,115,0.538,28.5,11.8,787.1,719,690,626,600,13,"GE BrightSpeed Excel"
1224410,7,3.03727,48.09849,156,200.265458472209,110,0.504,24.5,11.4,748.7,671,658,584,572,13,"GE BrightSpeed Excel"
1224410,17,3.03727,48.09849,156,172.271362126632,78,0.438,26.2,11.4,748.7,707,673,615,586,13,"GE BrightSpeed Excel"
1224520,4,2.96846,46.83959,216,221.799378738038,123,0.514,24.4,11.8,794.7,825,793,718,690,13,"GE BrightSpeed Excel"
1224520,7,2.96846,46.83959,216,207.802330565249,92,0.443,27,11.8,794.7,766,746,666,649,13,"GE BrightSpeed Excel"
1224526,2,-1.04353,43.47846,38,189.498498339295,67,0.414,22.7,14.4,1334.4,831,821,723,715,13,"GE BrightSpeed Excel"
1224526,11,-1.04353,43.47846,38,195.958674419043,85,0.522,23.1,14.4,1334.4,923,908,803,790,13,"GE BrightSpeed Excel"
1224669,12,3.34258,47.21478,286,293.938011628565,107,0.636,26.1,11.3,933.6,773,770,673,670,13,"GE BrightSpeed Excel"
1224719,14,1.3215,45.18131,246,187.345106312712,126,0.478,32.2,12.5,948.3,687,670,597,583,13,"GE BrightSpeed Excel"
1224719,17,1.3215,45.18131,246,176.578146179797,118,0.456,31.5,12.5,948.3,703,698,611,608,13,"GE BrightSpeed Excel"
1224736,8,-1.05853,46.64688,70,109.822993355728,32,0.228,13,12.8,907.4,774,768,673,668,13,"GE BrightSpeed Excel"
1224802,1,5.57018,46.92172,226,329.468980067183,138,0.848,25.7,11.7,1125.4,729,706,635,614,13,"GE BrightSpeed Excel"
1224805,4,0.87138,46.81395,94,213.185810631707,67,0.443,31,12.4,730.3,748,727,651,633,13,"GE BrightSpeed Excel"
1224805,12,0.87138,46.81395,94,221.799378738038,74,0.455,27.6,12.4,730.3,754,733,656,638,13,"GE BrightSpeed Excel"
1224842,9,7.83456,48.74661,140,183.038322259546,35,0.405,21,11.3,758.2,810,809,705,704,13,"GE BrightSpeed Excel"
1224906,3,2.4396,44.50233,303,318.702019934269,64,0.545,26.4,12.75,892.1,729,733,634,638,13,"GE BrightSpeed Excel"
1224906,9,2.4396,44.50233,303,246.563387043742,46,0.344,25,12.75,892.1,748,751,651,653,13,"GE BrightSpeed Excel"
1224908,2,1.94301,50.81243,139,313.318539867811,175,0.68,30,10.35,1046.6,698,715,608,622,13,"GE BrightSpeed Excel"
1224932,5,2.41771,46.76933,172,203.495546512084,125,0.468,21.4,12.2,758.2,692,687,602,598,13,"GE BrightSpeed Excel"
1224935,1,1.83576,47.39799,95,108.746297342436,49,0.248,20.5,11.95,749.5,746,738,649,642,13,"GE BrightSpeed Excel"
1224935,2,1.83576,47.39799,95,116.283169435476,45,0.275,21,11.95,749.5,803,812,699,706,13,"GE BrightSpeed Excel"
1224947,5,2.01293,48.76542,168,259.483739203239,138,0.538,22.4,11.4,685.9,751,696,653,605,13,"GE BrightSpeed Excel"
1224956,2,0.03188,43.1472,383,209.955722591832,44,0.35,25.7,12.8,1200.1,882,894,768,778,13,"GE BrightSpeed Excel"
1224956,8,0.03188,43.1472,383,316.548627907686,44,0.652,26,12.8,1200.1,808,759,703,660,13,"GE BrightSpeed Excel"
1224994,10,3.98375,46.59552,293,125.973433555099,75,0.286,19.8,11.45,934.1,684,689,595,600,13,"GE BrightSpeed Excel"
1224994,11,3.98375,46.59552,293,226.106162791204,104,0.518,23.1,11.45,934.1,651,649,567,564,13,"GE BrightSpeed Excel"
1225075,4,1.85871,47.79385,107,263.790523256405,105,0.58,25.9,11.75,715.9,749,723,652,629,13,"GE BrightSpeed Excel"
1225100,20,3.08429,49.51831,113,200.265458472209,90,0.38,18.7,11.15,726.7,784,752,682,654,13,"GE BrightSpeed Excel"
1225199,1,1.95199,45.97697,577,258.407043189947,88,0.636,32.3,10.2,1132.5,815,818,709,711,13,"GE BrightSpeed Excel"
1225228,8,0.39138,43.40599,216,165.811186046883,52,0.304,23.8,13.5,849,764,720,664,626,13,"GE BrightSpeed Excel"
1225228,11,0.39138,43.40599,216,148.58404983422,50,0.285,21.3,13.5,849,803,810,699,705,13,"GE BrightSpeed Excel"
1225231,3,-3.55183,48.15087,171,151.814137874094,13,0.233,13.5,11.4,1293.8,806,804,701,699,13,"GE BrightSpeed Excel"
1225231,7,-3.55183,48.15087,171,163.6577940203,24,0.268,13.8,11.4,1293.8,794,754,690,656,13,"GE BrightSpeed Excel"
1225293,2,4.45905,47.39761,387,189.498498339295,74,0.395,29,10.85,857.7,752,744,655,647,13,"GE BrightSpeed Excel"
1225317,5,6.39765,47.43586,452,331.622372093766,149,0.687,24.1,10.2,1189,730,716,635,623,13,"GE BrightSpeed Excel"
1225327,5,4.33797,45.58189,456,141.04717774118,65,0.264,16,11.4,761.3,826,816,719,710,13,"GE BrightSpeed Excel"
1225327,13,4.33797,45.58189,456,129.203521594974,67,0.229,15,11.4,761.3,755,725,657,631,13,"GE BrightSpeed Excel"
1225338,4,2.33918,47.50701,162,203.495546512084,65,0.379,24.7,11.55,803.2,735,697,639,606,13,"GE BrightSpeed Excel"
1225338,8,2.33918,47.50701,162,235.796426910827,85,0.512,23.2,11.55,803.2,687,674,598,587,13,"GE BrightSpeed Excel"
1225490,6,2.02123,47.39864,103,116.283169435476,42,0.259,21.4,11.95,761.1,750,738,653,642,13,"GE BrightSpeed Excel"
1225490,11,2.02123,47.39864,103,66.7551528240698,26,0.142,16,11.95,761.1,713,692,620,602,13,"GE BrightSpeed Excel"
1225546,1,-3.39822,47.97816,67,121.666649501934,52,0.193,15.6,11.95,1184.1,747,707,650,615,13,"GE BrightSpeed Excel"
1225546,4,-3.39822,47.97816,67,178.73153820638,55,0.314,17.6,11.95,1184.1,851,827,740,719,13,"GE BrightSpeed Excel"
1225585,19,0.78183,43.55616,176,208.879026578541,119,0.503,20,13.45,722.5,696,671,606,584,13,"GE BrightSpeed Excel"
1225587,1,1.06095,45.44853,312,189.498498339295,59,0.319,19.7,12.1,1116.2,804,811,700,705,13,"GE BrightSpeed Excel"
1225714,10,-1.55644,49.56569,134,219.645986711455,124,0.486,20.1,11.05,1137,929,921,808,801,13,"GE BrightSpeed Excel"
1225717,1,-0.17089,47.80385,44,141.04717774118,61,0.301,21.6,12.15,724.3,734,722,639,629,13,"GE BrightSpeed Excel"
1225717,4,-0.17089,47.80385,44,138.893785714597,77,0.319,20.4,12.15,724.3,657,651,572,567,13,"GE BrightSpeed Excel"
1225736,1,2.63263,47.75847,150,346.696116279846,95,0.689,25.5,11.5,755.1,723,704,629,613,13,"GE BrightSpeed Excel"
1225776,14,1.26905,43.93964,113,99.0560332228132,35,0.254,17.1,13.9,696.8,786,772,684,672,13,"GE BrightSpeed Excel"
1225878,10,3.12003,46.44278,389,237.94981893741,89,0.46,23.7,11.15,859.3,715,720,622,626,13,"GE BrightSpeed Excel"
1225900,2,5.58548,49.35099,239,160.427705980426,144,0.433,21.8,10.4,835.8,740,728,644,634,13,"GE BrightSpeed Excel"
1225919,13,4.25974,49.95443,295,232.566338870953,95,0.42,23.7,9.8,1090.8,757,741,659,644,13,"GE BrightSpeed Excel"
1225944,3,2.52833,48.42412,70,185.191714286129,67,0.362,25.2,11.65,671.7,719,701,626,610,13,"GE BrightSpeed Excel"
1225944,5,2.52833,48.42412,70,286.401139535525,99,0.5,24.6,11.65,671.7,731,704,636,612,13,"GE BrightSpeed Excel"
1225948,2,1.10202,45.89888,303,127.050129568391,29,0.27,17.5,11.95,1015.5,741,728,644,633,13,"GE BrightSpeed Excel"
1225948,10,1.10202,45.89888,303,87.2123770766073,34,0.202,15.8,11.95,1015.5,809,792,703,689,13,"GE BrightSpeed Excel"
1225949,7,4.48482,47.37914,387,299.321491695022,113,0.56,28.8,10.8,861.4,710,709,617,617,13,"GE BrightSpeed Excel"
1225949,13,4.48482,47.37914,387,302.551579734897,180,0.559,29.5,10.8,861.4,739,727,643,632,13,"GE BrightSpeed Excel"
1225992,15,5.37665,47.68318,292,175.501450166506,95,0.292,16.3,10.8,893.7,743,699,646,608,13,"GE BrightSpeed Excel"
1226055,2,1.9535,49.44815,119,273.480787376028,117,0.724,31.9,10.8,772.3,736,731,641,636,13,"GE BrightSpeed Excel"
1226055,3,1.9535,49.44815,119,235.796426910827,152,0.534,29.4,10.8,772.3,663,658,577,572,13,"GE BrightSpeed Excel"
1226141,1,-0.36235,47.36759,63,213.185810631707,62,0.678,27,12.65,673.1,757,747,659,650,13,"GE BrightSpeed Excel"
1226152,16,3.627,49.15433,221,181.961626246255,85,0.503,24.6,10.5,783.1,715,711,622,618,13,"GE BrightSpeed Excel"
1226204,11,-2.29547,47.64866,79,289.631227575399,160,0.439,19.5,12.15,984.7,779,844,678,734,13,"GE BrightSpeed Excel"
1226208,8,2.59635,45.7974,715,229.336250831078,108,0.541,26.5,9.75,959.5,740,736,643,641,13,"GE BrightSpeed Excel"
1226321,2,4.90956,49.04373,167,184.115018272838,109,0.452,20,10.85,829.3,736,745,641,648,13,"GE BrightSpeed Excel"
1226326,6,6.24257,47.85543,237,228.259554817787,95,0.42,32.5,11,1057.4,730,724,635,630,13,"GE BrightSpeed Excel"
1226326,7,6.24257,47.85543,237,229.336250831078,105,0.436,29,11,1057.4,726,691,632,602,13,"GE BrightSpeed Excel"
1226327,15,-0.70858,45.54031,30,131.356913621557,46,0.251,16.4,13.45,902.2,718,709,625,617,13,"GE BrightSpeed Excel"
1226347,3,5.20001,47.86766,433,160.427705980426,55,0.289,17.3,10,997.7,718,706,625,614,13,"GE BrightSpeed Excel"
1226425,2,0.38319,45.8167,113,152.890833887386,43,0.313,17.4,12.8,871.7,778,786,677,684,13,"GE BrightSpeed Excel"
1226435,4,-0.71405,46.56658,96,139.970481727888,49,0.25,18.8,12.7,940.7,715,693,622,603,13,"GE BrightSpeed Excel"
1226453,12,3.33453,46.783,243,295.014707641857,120,0.541,21.9,11.7,870.6,778,752,677,654,13,"GE BrightSpeed Excel"
1226453,17,3.33453,46.783,243,297.16809966844,129,0.636,27,11.7,870.6,715,688,622,598,13,"GE BrightSpeed Excel"
1226463,2,2.55679,48.76566,102,49.5280166114066,140,0.791,26.7,12.05,696.1,638,641,555,558,13,"GE BrightSpeed Excel"
1226536,7,3.13999,47.79206,195,159.351009967134,85,0.36,24.3,11.3,771.9,769,748,669,651,13,"GE BrightSpeed Excel"
1226566,1,-0.2282,45.67838,34,213.185810631707,98,0.635,21.6,13.5,791.8,731,740,636,644,13,"GE BrightSpeed Excel"
1226566,3,-0.2282,45.67838,34,208.879026578541,96,0.568,24.3,13.5,791.8,822,815,716,709,13,"GE BrightSpeed Excel"
1226582,5,0.44271,45.58373,117,142.123873754471,75,0.244,16.6,12.9,886.9,761,759,662,661,13,"GE BrightSpeed Excel"
1226617,4,6.11348,48.66981,338,311.165147841228,177,0.625,23.3,10.1,876.4,695,660,605,574,13,"GE BrightSpeed Excel"
1226641,3,2.0859,44.91581,609,183.038322259546,78,0.328,16.3,10.95,1450.9,737,696,641,605,13,"GE BrightSpeed Excel"
1226651,10,1.9161,47.29036,123,57.0648887044467,52,0.139,12.3,11.95,748,704,698,612,607,13,"GE BrightSpeed Excel"
1226656,2,-0.86457,46.9046,146,319.77871594756,74,0.503,26.7,12.15,947.2,787,761,685,662,13,"GE BrightSpeed Excel"
1226658,1,0.8536,45.55394,284,173.348058139923,121,0.422,14.5,12.05,1143.2,733,716,638,623,13,"GE BrightSpeed Excel"
1226673,18,2.9672,46.73163,221,157.197617940551,65,0.343,19.4,11.85,760.6,787,761,685,662,13,"GE BrightSpeed Excel"
1226673,24,2.9672,46.73163,221,184.115018272838,66,0.321,21.2,11.85,760.6,774,751,673,653,13,"GE BrightSpeed Excel"
1226718,20,4.90338,46.16445,237,187.345106312712,57,0.344,18.4,12.25,876.6,762,762,663,663,13,"GE BrightSpeed Excel"
1226761,3,2.6395,44.28614,619,277.787571429194,170,0.471,18.8,11.1,906.4,727,681,632,593,13,"GE BrightSpeed Excel"
1226785,16,3.48899,46.65558,231,114.129777408893,54,0.268,21,11.85,817.6,791,776,688,675,13,"GE BrightSpeed Excel"
1226787,1,0.80198,46.4891,131,119.513257475351,58,0.183,19.6,12.4,794.3,780,757,679,658,13,"GE BrightSpeed Excel"
1226787,8,0.80198,46.4891,131,118.436561462059,73,0.215,21,12.4,794.3,805,773,701,672,13,"GE BrightSpeed Excel"
1226834,5,3.82729,47.55141,260,251.946867110199,112,0.52,24,11.35,831.5,711,693,618,603,13,"GE BrightSpeed Excel"
1226841,4,1.77976,45.14857,502,114.129777408893,40,0.257,21.8,11.25,1333,729,736,634,641,13,"GE BrightSpeed Excel"
1226859,1,1.28578,47.07043,134,264.867219269696,46,0.437,24.3,12.05,753.6,711,732,618,637,13,"GE BrightSpeed Excel"
1226859,3,1.28578,47.07043,134,195.958674419043,62,0.452,28,12.05,753.6,745,733,648,638,13,"GE BrightSpeed Excel"
1226880,11,3.08141,49.32069,101,209.955722591832,73,0.463,24.5,11.15,768.3,786,794,684,691,13,"GE BrightSpeed Excel"
1226951,2,1.59656,47.45068,114,136.740393688014,92,0.327,18.3,11.85,725.1,639,617,556,536,13,"GE BrightSpeed Excel"
1226951,4,1.59656,47.45068,114,159.351009967134,73,0.339,7,11.85,725.1,748,744,651,648,13,"GE BrightSpeed Excel"
1226985,1,-0.9951,44.34377,49,223.952770764621,73,0.497,17.8,13.85,1057.6,812,802,706,698,13,"GE BrightSpeed Excel"
1226985,5,-0.9951,44.34377,49,148.58404983422,76,0.361,13,13.85,1057.6,792,788,689,686,13,"GE BrightSpeed Excel"
1227131,1,1.54539,47.3244,95,152.890833887386,24,0.261,13.6,12,692,759,703,660,612,13,"GE BrightSpeed Excel"
1227131,2,1.54539,47.3244,95,139.970481727888,22,0.227,12.6,12,692,724,699,630,608,13,"GE BrightSpeed Excel"
1227157,5,0.09216,44.74933,86,200.265458472209,60,0.396,23.6,13.55,813.1,809,820,703,713,13,"GE BrightSpeed Excel"
1227268,7,-1.44875,49.60508,90,167.964578073466,85,0.347,16.4,11.2,1040.8,814,803,708,698,13,"GE BrightSpeed Excel"
1227300,4,4.7698,48.39919,170,205.648938538667,125,0.404,26.5,11.25,810.1,748,734,650,638,13,"GE BrightSpeed Excel"
1227326,6,-0.89974,46.61548,85,188.421802326003,46,0.32,13.5,12.75,930.9,781,720,679,626,13,"GE BrightSpeed Excel"
1227326,10,-0.89974,46.61548,85,171.19466611334,32,0.227,14.5,12.75,930.9,805,801,700,697,13,"GE BrightSpeed Excel"
1227394,13,-0.35619,43.56975,172,167.964578073466,73,0.453,19.5,13.85,1065.3,861,842,749,733,13,"GE BrightSpeed Excel"
1227412,2,-3.17133,47.86287,86,174.424754153215,37,0.311,18.5,12.1,1102.2,774,764,674,665,13,"GE BrightSpeed Excel"
1227505,12,-3.66296,48.41576,135,316.548627907686,52,0.436,20.5,11.3,1281.7,827,818,720,711,13,"GE BrightSpeed Excel"
1227548,2,-0.22623,45.08437,54,111.976385382311,17,0.225,13.7,13.5,855.1,780,779,678,677,13,"GE BrightSpeed Excel"
1227548,4,-0.22623,45.08437,54,77.5221129569842,42,0.289,16.2,13.5,855.1,798,800,694,696,13,"GE BrightSpeed Excel"
1227557,4,1.42118,45.30812,291,127.050129568391,80,0.288,17.3,12.4,1058.8,851,820,740,713,13,"GE BrightSpeed Excel"
1227577,5,1.57217,45.4532,367,250.870171096907,53,0.54,26.7,11.85,1161.6,752,755,655,657,13,"GE BrightSpeed Excel"
1227613,7,0.20881,44.3378,69,180.884930232963,69,0.392,23.9,13.85,775.9,857,842,745,733,13,"GE BrightSpeed Excel"
1227615,8,-0.00508,43.45205,227,355.309684386178,70,0.385,21.2,13.45,979.1,812,776,706,675,13,"GE BrightSpeed Excel"
1227615,11,-0.00508,43.45205,227,221.799378738038,113,0.611,22.5,13.45,979.1,738,729,642,634,13,"GE BrightSpeed Excel"
1227706,1,0.17083,45.32681,126,146.430657807637,70,0.404,19,13.05,849.2,785,776,683,676,13,"GE BrightSpeed Excel"
1227706,3,0.17083,45.32681,126,103.362817275979,35,0.274,13.1,13.05,849.2,853,848,742,738,13,"GE BrightSpeed Excel"
1227722,3,1.71067,46.76764,165,156.12092192726,17,0.292,11.6,12.1,812.6,795,788,692,686,13,"GE BrightSpeed Excel"
1227826,1,2.38998,45.18594,633,331.622372093766,118,0.649,21.5,10.85,1337.2,700,699,609,608,13,"GE BrightSpeed Excel"
1227826,5,2.38998,45.18594,633,331.622372093766,134,0.608,24.4,10.85,1337.2,773,764,672,665,13,"GE BrightSpeed Excel"
1227938,9,1.39552,46.81946,132,151.814137874094,82,0.329,19.5,12.25,781.9,650,619,565,539,13,"GE BrightSpeed Excel"
1227938,12,1.39552,46.81946,132,176.578146179797,85,0.29,18.5,12.25,781.9,776,745,675,648,13,"GE BrightSpeed Excel"
1227956,5,4.25103,47.50921,261,201.342154485501,70,0.467,22.3,11.35,819.2,728,714,633,621,13,"GE BrightSpeed Excel"
1227969,3,4.85355,47.89363,351,149.660745847511,135,0.342,21.8,10.4,945.6,717,685,624,596,13,"GE BrightSpeed Excel"
1227969,4,4.85355,47.89363,351,234.719730897536,170,0.501,23.5,10.4,945.6,660,638,574,555,13,"GE BrightSpeed Excel"
1228076,13,-3.22254,48.09483,181,272.404091362736,70,0.505,13.3,11.4,1182,822,842,715,732,13,"GE BrightSpeed Excel"
1228082,1,0.18343,43.68975,211,164.734490033591,68,0.354,22.3,13.65,870.3,823,813,716,708,13,"GE BrightSpeed Excel"
1228185,5,6.28597,46.28675,434,220.722682724747,58,0.304,25,11.1,1045.6,791,844,688,734,13,"GE BrightSpeed Excel"
1228446,2,2.28901,44.26856,544,161.504401993717,47,0.255,15.3,11.75,1055.2,774,802,674,698,13,"GE BrightSpeed Excel"
1228498,3,5.46808,48.32873,424,241.179906977284,115,0.687,30,9.85,1073.2,688,676,598,588,13,"GE BrightSpeed Excel"
1228510,4,0.86368,45.17618,185,230.41294684437,101,0.484,21.5,13.1,908.4,783,769,681,669,13,"GE BrightSpeed Excel"
1228530,17,3.62311,45.70036,439,165.811186046883,137,0.38,20.5,11.05,951.8,742,714,646,621,13,"GE BrightSpeed Excel"
1228613,5,0.37105,43.27978,337,227.182858804495,75,0.447,24.9,13,950.9,805,794,701,691,13,"GE BrightSpeed Excel"
1228617,7,3.77601,49.5839,76,198.112066445626,150,0.498,25.9,11.05,708,760,752,661,654,13,"GE BrightSpeed Excel"
1228617,16,3.77601,49.5839,76,180.884930232963,100,0.393,22.9,11.05,708,782,763,681,664,13,"GE BrightSpeed Excel"
1228625,1,2.60742,48.04632,88,114.129777408893,41,0.252,20.5,11.75,664.9,773,762,673,663,13,"GE BrightSpeed Excel"
1228627,9,4.81501,47.64251,427,166.887882060174,113,0.335,18.4,10.2,977.5,775,764,675,664,13,"GE BrightSpeed Excel"
1228746,8,-0.30895,44.68644,73,179.808234219672,62,0.448,21.6,13.65,877.5,779,762,678,663,13,"GE BrightSpeed Excel"
1228746,10,-0.30895,44.68644,73,163.6577940203,60,0.259,17.3,13.65,877.5,806,805,701,700,13,"GE BrightSpeed Excel"
1228750,8,-0.33408,47.33224,86,184.115018272838,98,0.351,18.3,12.55,670.9,751,723,653,629,13,"GE BrightSpeed Excel"
1228751,2,4.98912,49.52741,194,176.578146179797,60,0.232,23.4,10.45,974.7,680,676,591,588,13,"GE BrightSpeed Excel"
1228800,3,4.29485,47.25653,477,368.230036545675,148,0.725,28.8,10.45,922.7,684,667,595,580,13,"GE BrightSpeed Excel"
1228858,3,2.44245,46.03156,684,256.253651163365,139,0.57,25.4,9.9,932.2,694,680,603,592,13,"GE BrightSpeed Excel"
1228865,3,-0.22923,44.59834,33,183.038322259546,96,0.517,21.1,13.7,850.7,871,853,758,742,13,"GE BrightSpeed Excel"
1228865,38,-0.22923,44.59834,33,263.790523256405,56,0.336,22.4,13.7,850.7,969,1024,843,891,13,"GE BrightSpeed Excel"
1228885,7,5.75509,49.00454,225,371.460124585549,149,0.768,25.4,10.6,774.7,641,655,558,570,13,"GE BrightSpeed Excel"
1228894,1,1.0692,45.08875,225,59.2182807310296,9,0.112,8.9,12.8,927.4,783,785,682,683,13,"GE BrightSpeed Excel"
1228894,2,1.0692,45.08875,225,40.914448505075,9,0.078,5.8,12.8,927.4,839,802,730,698,13,"GE BrightSpeed Excel"
1228938,13,6.57422,48.65424,230,195.958674419043,181,0.46,26.1,10.6,801.4,698,682,607,594,13,"GE BrightSpeed Excel"
1228962,4,7.80679,49.00015,267,173.348058139923,66,0.37,25.8,10.75,929.5,703,697,612,606,13,"GE BrightSpeed Excel"
1228967,26,0.47477,47.672,112,199.188762458918,114,0.459,16.1,12,693.6,753,748,655,651,13,"GE BrightSpeed Excel"
1229029,1,2.75535,46.40872,278,95.8259451829389,34,0.222,13,11.85,770,771,761,671,662,13,"GE BrightSpeed Excel"
1229029,2,2.75535,46.40872,278,108.746297342436,31,0.232,11.3,11.85,770,787,763,685,664,13,"GE BrightSpeed Excel"
1229036,4,3.59184,46.58252,245,282.094355482359,109,0.545,20.5,11.85,808,706,695,614,604,13,"GE BrightSpeed Excel"
1229036,15,3.59184,46.58252,245,225.029466777913,94,0.453,22.8,11.85,808,693,684,603,595,13,"GE BrightSpeed Excel"
1229092,1,1.83236,47.75776,115,47.3746245848237,17,0.088,6,11.75,725.7,764,765,665,665,13,"GE BrightSpeed Excel"
1229092,4,1.83236,47.75776,115,53.8348006645724,17,0.126,9.8,11.75,725.7,696,684,606,595,13,"GE BrightSpeed Excel"
1229151,9,1.96824,47.39848,98,185.191714286129,85,0.378,24.8,11.95,753.6,847,824,737,716,13,"GE BrightSpeed Excel"
1229151,10,1.96824,47.39848,98,228.259554817787,84,0.389,22.3,11.95,753.6,866,891,753,775,13,"GE BrightSpeed Excel"
1229152,13,0.64821,45.56903,239,149.660745847511,81,0.379,20.4,12.45,1032.9,741,717,645,624,13,"GE BrightSpeed Excel"
1229181,6,4.64211,47.34011,534,315.471931894394,124,0.604,22.8,10.2,973.9,696,703,606,612,13,"GE BrightSpeed Excel"
1229206,31,5.71133,45.81904,385,142.123873754471,70,0.328,20,11.65,1186.3,690,694,600,604,13,"GE BrightSpeed Excel"
1229245,5,3.24582,47.73732,240,157.197617940551,66,0.423,26.2,11.2,814.4,814,785,708,683,13,"GE BrightSpeed Excel"
1229245,18,3.24582,47.73732,240,172.271362126632,64,0.384,26.5,11.2,814.4,756,739,658,643,13,"GE BrightSpeed Excel"
1229253,13,1.03265,43.39769,305,213.185810631707,58,0.483,20.8,12.95,763.2,817,794,711,691,13,"GE BrightSpeed Excel"
1229334,2,0.74962,45.6065,243,169.041274086757,72,0.358,23.9,12.2,1121.2,740,702,644,611,13,"GE BrightSpeed Excel"
1229366,1,3.44451,49.5874,169,375.766908638715,115,0.817,39.6,10.7,801,746,725,649,630,13,"GE BrightSpeed Excel"
1229436,3,-2.37304,48.22212,133,146.430657807637,19,0.228,15.5,11.45,893.2,723,721,629,627,13,"GE BrightSpeed Excel"
1229508,2,2.63404,48.01028,92,86.1356810633158,54,0.201,14.9,11.75,673.5,796,788,692,686,13,"GE BrightSpeed Excel"
1229578,2,0.16678,49.33935,130,189.498498339295,106,0.44,26.6,11.3,910.5,715,696,622,605,13,"GE BrightSpeed Excel"
1229676,7,-0.81216,47.35621,32,155.044225913968,46,0.325,15.5,12.55,691.6,803,785,699,683,13,"GE BrightSpeed Excel"
1229716,5,1.41775,47.05357,180,214.262506644998,110,0.486,22.1,11.95,790.5,742,698,646,607,13,"GE BrightSpeed Excel"
1229776,2,4.68676,47.75315,373,205.648938538667,115,0.438,24.5,10.65,945.8,696,676,605,588,13,"GE BrightSpeed Excel"
1229791,14,1.19098,45.34198,204,202.418850498792,76,0.394,21.2,12.35,1083.3,773,771,672,671,13,"GE BrightSpeed Excel"
1229806,3,2.80505,46.13861,629,223.952770764621,59,0.403,18.4,10.4,894.4,792,787,689,684,13,"GE BrightSpeed Excel"
1229913,5,-3.18486,47.73601,9,142.123873754471,45,0.267,11.4,12.65,941.2,819,806,713,701,13,"GE BrightSpeed Excel"
1229918,5,-3.4884,48.55072,172,213.185810631707,45,0.411,17.5,11.15,1119.8,926,924,806,804,13,"GE BrightSpeed Excel"
1229918,11,-3.4884,48.55072,172,227.182858804495,61,0.494,21.5,11.15,1119.8,752,737,654,641,13,"GE BrightSpeed Excel"
1229920,4,2.1368,44.84395,674,260.56043521653,95,0.507,25,10.6,1441.3,693,683,603,594,13,"GE BrightSpeed Excel"
1230014,1,1.49105,47.41397,116,198.112066445626,47,0.412,21,11.9,715.2,706,696,614,606,13,"GE BrightSpeed Excel"
1230018,16,3.81036,46.93983,246,178.73153820638,98,0.428,23.9,11.55,1021.5,763,751,663,653,13,"GE BrightSpeed Excel"
1230131,1,1.51998,45.52481,435,273.480787376028,101,0.598,22.8,11.35,1199.3,664,654,577,569,13,"GE BrightSpeed Excel"
1230164,6,5.06994,49.48965,184,228.259554817787,119,0.506,32.5,10.45,914.2,735,728,639,634,13,"GE BrightSpeed Excel"
1230164,7,5.06994,49.48965,184,302.551579734897,131,0.598,32.2,10.45,914.2,667,670,580,583,13,"GE BrightSpeed Excel"
1230181,13,5.52508,45.71643,209,123.820041528516,37,0.277,20,12.4,1120.1,792,802,689,698,13,"GE BrightSpeed Excel"
1230249,2,5.79016,46.66316,590,202.418850498792,61,0.448,20.9,10.25,1588.7,765,734,665,639,13,"GE BrightSpeed Excel"
1230252,3,3.34477,46.62996,238,46.2979285715323,12,0.078,6.8,11.85,797.2,799,788,695,685,13,"GE BrightSpeed Excel"
1230253,2,5.06685,48.91435,195,251.946867110199,114,0.534,31.4,10.8,934.3,607,605,528,527,13,"GE BrightSpeed Excel"
1230253,6,5.06685,48.91435,195,267.020611296279,122,0.555,31,10.8,934.3,704,704,613,612,13,"GE BrightSpeed Excel"
1230316,1,-0.44519,43.8733,86,187.345106312712,74,0.425,16.4,13.85,966.8,768,752,668,654,13,"GE BrightSpeed Excel"
1230316,2,-0.44519,43.8733,86,139.970481727888,35,0.3,15.6,13.85,966.8,885,885,770,770,13,"GE BrightSpeed Excel"
1230319,4,1.48977,44.15738,131,209.955722591832,62,0.494,22.3,13.9,748.8,775,767,674,667,13,"GE BrightSpeed Excel"
1230327,17,1.98429,44.9695,502,189.498498339295,67,0.412,20,11.6,1376.7,826,807,718,702,13,"GE BrightSpeed Excel"
1230337,17,-4.29525,48.27358,79,146.430657807637,40,0.267,14.7,12,1155.2,801,751,697,654,13,"GE BrightSpeed Excel"
1230420,12,0.18042,43.11434,450,192.728586379169,111,0.474,31.8,12,1146.2,718,703,625,611,13,"GE BrightSpeed Excel"
1230457,2,0.44058,44.89983,94,41.9911445183665,23,0.163,9.9,13.4,842.3,864,853,752,743,13,"GE BrightSpeed Excel"
1230457,4,0.44058,44.89983,94,87.2123770766073,22,0.197,11.7,13.4,842.3,831,817,723,710,13,"GE BrightSpeed Excel"
1230463,20,-0.04235,46.7266,148,104.43951328927,39,0.202,14.9,12.25,704.4,730,721,635,627,13,"GE BrightSpeed Excel"
1230474,7,0.22695,46.53389,149,67.8318488373612,15,0.117,11.8,12.25,766.8,767,748,668,651,13,"GE BrightSpeed Excel"
1230474,10,0.22695,46.53389,149,73.2153289038184,17,0.134,12,12.25,766.8,715,695,622,605,13,"GE BrightSpeed Excel"
1230537,2,2.93943,46.58783,238,295.014707641857,43,0.622,20.3,11.65,816.4,772,784,672,682,13,"GE BrightSpeed Excel"
1230537,6,2.93943,46.58783,238,237.94981893741,43,0.465,25.5,11.65,816.4,787,788,685,686,13,"GE BrightSpeed Excel"
1230538,3,0.48124,45.96235,188,338.082548173515,105,0.78,27.8,12.25,961.4,701,685,610,596,13,"GE BrightSpeed Excel"
1230538,10,0.48124,45.96235,188,307.935059801354,73,0.639,29.5,12.25,961.4,684,669,595,582,13,"GE BrightSpeed Excel"
1230559,13,5.87778,49.19885,229,332.699068107057,173,0.726,18.3,10.55,808.5,630,646,548,562,13,"GE BrightSpeed Excel"
1230586,7,5.52905,45.56325,381,301.474883721605,122,0.782,21.5,11.5,1146.1,683,674,594,587,13,"GE BrightSpeed Excel"
1230613,11,1.03455,45.48422,249,234.719730897536,47,0.394,23.2,12.3,1102.9,743,753,646,655,13,"GE BrightSpeed Excel"
1230627,3,2.13285,45.92346,546,76.4454169436928,27,0.178,13.8,10.3,1037.8,728,712,633,620,13,"GE BrightSpeed Excel"
1230627,5,2.13285,45.92346,546,78.5988089702757,32,0.151,14,10.3,1037.8,734,729,639,634,13,"GE BrightSpeed Excel"
1230637,11,-0.19198,43.77157,117,265.943915282988,68,0.567,21.5,13.85,953.4,873,844,760,734,13,"GE BrightSpeed Excel"
1230651,13,0.65969,45.19128,90,335.929156146932,82,0.703,26.8,13.35,911.4,764,762,665,663,13,"GE BrightSpeed Excel"
1230780,1,1.47217,45.30853,274,118.436561462059,33,0.192,15,12.15,1125.9,785,766,683,666,13,"GE BrightSpeed Excel"
1230780,3,1.47217,45.30853,274,133.51030564814,38,0.358,19.1,12.15,1125.9,833,827,725,720,13,"GE BrightSpeed Excel"
1230822,17,0.01979,48.32957,145,132.433609634848,35,0.244,15.4,11.5,744.7,758,741,659,645,13,"GE BrightSpeed Excel"
1230830,21,1.32641,44.91147,174,260.56043521653,63,0.422,27.2,13.1,908.4,773,760,673,661,13,"GE BrightSpeed Excel"
1230839,6,4.25042,46.75335,327,167.964578073466,86,0.358,17.9,11.25,966.7,788,762,685,663,13,"GE BrightSpeed Excel"
1230851,1,-1.27565,43.63288,27,167.964578073466,29,0.306,22.4,14.35,1358,736,715,640,622,13,"GE BrightSpeed Excel"
1230911,10,0.7749,46.52472,128,173.348058139923,54,0.321,20.2,12.4,785.7,805,793,700,690,13,"GE BrightSpeed Excel"
1230915,9,5.25809,46.49796,205,309.011755814646,125,0.54,20.7,11.85,1094.5,724,732,630,637,13,"GE BrightSpeed Excel"
1230926,4,1.87953,45.38292,550,130.280217608265,65,0.294,16.4,11.1,1377.7,774,772,673,672,13,"GE BrightSpeed Excel"
1230985,5,3.00175,49.53675,46,114.129777408893,33,0.212,18.9,11.4,691,679,669,591,582,13,"GE BrightSpeed Excel"
1230985,10,3.00175,49.53675,46,91.5191611297731,33,0.197,19.9,11.4,691,778,773,677,672,13,"GE BrightSpeed Excel"
1231016,3,0.24052,45.50813,205,138.893785714597,62,0.462,22,12.7,922.1,683,681,594,593,13,"GE BrightSpeed Excel"
1231067,8,4.49891,47.07291,370,167.964578073466,39,0.333,20.8,10.85,834.4,810,805,704,700,13,"GE BrightSpeed Excel"
1231093,3,2.01416,48.56767,116,303.628275748188,57,0.682,21.6,11.5,661.3,760,742,661,645,13,"GE BrightSpeed Excel"
1231093,4,2.01416,48.56767,116,313.318539867811,56,0.571,22,11.5,661.3,774,768,674,668,13,"GE BrightSpeed Excel"
1231127,2,0.41216,49.39744,34,221.799378738038,114,0.459,28.8,11.4,877,787,789,685,686,13,"GE BrightSpeed Excel"
1231160,8,-2.16342,47.97814,76,188.421802326003,37,0.306,20.2,11.7,932.5,750,750,652,652,13,"GE BrightSpeed Excel"
1231160,12,-2.16342,47.97814,76,180.884930232963,62,0.37,22.8,11.7,932.5,813,803,707,699,13,"GE BrightSpeed Excel"
1231188,4,0.03569,48.58172,258,192.728586379169,112,0.462,26.2,10.7,888.3,794,783,691,681,13,"GE BrightSpeed Excel"
1231218,5,7.54914,48.07473,185,135.663697674722,135,0.311,14.8,11.3,704.6,684,658,595,572,13,"GE BrightSpeed Excel"
1231249,5,0.37558,47.47243,101,148.58404983422,36,0.316,18,11.95,730.8,717,710,624,618,13,"GE BrightSpeed Excel"
1231261,5,1.16661,45.28774,239,107.669601329145,65,0.284,18.7,12.5,1008.5,782,779,680,678,13,"GE BrightSpeed Excel"
1231261,18,1.16661,45.28774,239,149.660745847511,60,0.324,18.9,12.5,1008.5,731,733,636,638,13,"GE BrightSpeed Excel"
1231274,7,5.27828,46.3894,221,307.935059801354,125,0.514,27.1,11.9,1123.6,727,678,633,590,13,"GE BrightSpeed Excel"
1231290,1,0.87006,43.97096,184,88.2890730898987,61,0.188,13.7,13.75,735.2,761,736,662,640,13,"GE BrightSpeed Excel"
1231337,6,2.04635,47.65056,140,54.9114966778638,25,0.102,7.5,11.7,773.2,674,634,586,552,13,"GE BrightSpeed Excel"
1231342,1,-3.88264,48.44044,284,127.050129568391,30,0.284,7.8,10.85,1359.2,685,669,596,582,13,"GE BrightSpeed Excel"
1231342,2,-3.88264,48.44044,284,58.1415847177382,12,0.098,4.8,10.85,1359.2,828,882,720,767,13,"GE BrightSpeed Excel"
1231356,11,-3.09063,48.64174,86,221.799378738038,80,0.501,22.1,11.7,843.1,791,767,688,667,13,"GE BrightSpeed Excel"
1231369,1,5.79424,47.54548,229,149.660745847511,25,0.236,18.5,11.15,947.6,746,737,649,641,13,"GE BrightSpeed Excel"
1231369,5,5.79424,47.54548,229,130.280217608265,23,0.177,15,11.15,947.6,796,830,692,722,13,"GE BrightSpeed Excel"
1231395,5,4.41356,46.22851,479,118.436561462059,30,0.251,18.5,10.35,1108.8,835,827,727,719,13,"GE BrightSpeed Excel"
1300165,6,5.16099,48.13856,323,234.719730897536,125,0.448,22.5,10.4,948.4,618,578,537,503,13,"GE BrightSpeed Excel"
1300179,3,0.12761,48.33164,93,137.817089701305,52,0.283,22.7,11.6,726.5,793,781,690,680,13,"GE BrightSpeed Excel"
1300179,13,0.12761,48.33164,93,113.053081395602,48,0.265,22.2,11.6,726.5,778,770,677,670,13,"GE BrightSpeed Excel"
1300209,5,1.41157,45.88385,279,236.873122924119,68,0.473,22.3,11.85,1098.4,743,734,646,639,13,"GE BrightSpeed Excel"
1300430,20,2.73988,47.8301,135,152.890833887386,67,0.304,14.5,11.6,736,751,718,653,625,13,"GE BrightSpeed Excel"
1300480,8,0.95391,46.66201,113,171.19466611334,68,0.331,23,12.5,740.1,723,709,629,617,13,"GE BrightSpeed Excel"
1300500,6,1.55772,46.47879,240,219.645986711455,56,0.401,25.4,11.95,891.5,682,683,593,594,13,"GE BrightSpeed Excel"
1300500,8,1.55772,46.47879,240,245.48669103045,77,0.398,26.8,11.95,891.5,708,661,616,575,13,"GE BrightSpeed Excel"
1300571,24,2.36475,45.61776,821,65.6784568107783,19,0.121,10.8,9.2,1166.8,860,868,749,755,13,"GE BrightSpeed Excel"
1300590,1,0.10593,45.03755,27,205.648938538667,39,0.396,24.8,13.5,841.8,823,829,716,722,13,"GE BrightSpeed Excel"
1300590,13,0.10593,45.03755,27,141.04717774118,45,0.278,22,13.5,841.8,746,737,649,641,13,"GE BrightSpeed Excel"
1300644,9,3.60574,47.1762,270,303.628275748188,123,0.537,22.1,11.45,883.6,598,561,520,488,13,"GE BrightSpeed Excel"
1300895,11,5.73656,47.47516,211,234.719730897536,90,0.409,25,11.2,932.5,745,724,648,630,13,"GE BrightSpeed Excel"
1300910,6,2.96678,46.69565,222,148.58404983422,60,0.294,12.1,11.8,752.3,758,752,659,655,13,"GE BrightSpeed Excel"
1300950,4,4.34028,47.05778,322,164.734490033591,80,0.378,23.2,11.1,846.7,692,679,602,591,13,"GE BrightSpeed Excel"
1300950,6,4.34028,47.05778,322,175.501450166506,82,0.385,23.5,11.1,846.7,734,716,639,622,13,"GE BrightSpeed Excel"
1301010,15,0.7005,45.53381,250,198.112066445626,78,0.438,24.7,12.35,1054,732,717,637,624,13,"GE BrightSpeed Excel"
1301010,20,0.7005,45.53381,250,213.185810631707,73,0.401,16.6,12.35,1054,764,740,665,644,13,"GE BrightSpeed Excel"
1301020,1,1.17305,47.41121,94,198.112066445626,47,0.379,23.6,12.05,710.5,795,793,692,690,13,"GE BrightSpeed Excel"
1301020,9,1.17305,47.41121,94,120.589953488642,49,0.252,22,12.05,710.5,767,745,668,649,13,"GE BrightSpeed Excel"
1301173,10,-0.20815,44.68882,84,130.280217608265,82,0.274,23.1,13.65,836.5,832,819,724,712,13,"GE BrightSpeed Excel"
1301221,1,0.4744,45.40429,182,278.864267442485,132,0.513,26.1,12.85,955.3,834,828,726,720,13,"GE BrightSpeed Excel"
1301221,19,0.4744,45.40429,182,179.808234219672,72,0.393,27.5,12.85,955.3,891,890,775,775,13,"GE BrightSpeed Excel"
1301250,23,5.1203,46.86151,189,217.492594684872,112,0.49,27.9,11.9,877.8,655,637,569,554,13,"GE BrightSpeed Excel"
1301254,1,3.22576,44.94851,838,179.808234219672,106,0.436,20.6,9.35,752.8,714,688,621,599,13,"GE BrightSpeed Excel"
1301266,1,-1.69421,47.45491,20,106.592905315853,51,0.253,18.7,12.4,824.1,727,715,633,622,13,"GE BrightSpeed Excel"
1301266,9,-1.69421,47.45491,20,164.734490033591,52,0.411,18.4,12.4,824.1,843,824,733,716,13,"GE BrightSpeed Excel"
1301417,12,1.85353,45.43678,609,137.817089701305,82,0.319,15.7,10.55,1464.5,755,730,657,635,13,"GE BrightSpeed Excel"
1301417,13,1.85353,45.43678,609,119.513257475351,76,0.262,13,10.55,1464.5,683,645,594,561,13,"GE BrightSpeed Excel"
1301467,4,5.70142,45.65724,237,358.539772426052,103,0.764,25.8,12.2,1268,730,717,635,624,13,"GE BrightSpeed Excel"
1301467,7,5.70142,45.65724,237,364.999948505801,87,0.725,27.6,12.2,1268,782,767,680,667,13,"GE BrightSpeed Excel"
1301567,2,5.83378,47.74236,252,335.929156146932,95,0.489,19,10.85,971.1,729,717,634,624,13,"GE BrightSpeed Excel"
1301712,2,1.78352,49.87857,168,291.784619601982,141,0.593,26.1,10.75,825.1,783,781,681,679,13,"GE BrightSpeed Excel"
1301753,16,3.58784,48.66938,186,281.017659469068,120,0.639,29.3,11,784.1,732,720,636,626,13,"GE BrightSpeed Excel"
1301808,12,1.32566,46.351,277,124.896737541808,24,0.212,13,11.95,922.4,749,747,651,650,13,"GE BrightSpeed Excel"
1301808,30,1.32566,46.351,277,159.351009967134,31,0.217,16.6,11.95,922.4,758,758,660,659,13,"GE BrightSpeed Excel"
1301876,11,-1.50711,43.39095,114,123.820041528516,54,0.236,13.5,14.55,1597.5,915,831,796,723,13,"GE BrightSpeed Excel"
1301880,7,2.12615,47.66872,134,127.050129568391,26,0.224,15.9,11.65,771.8,795,813,692,707,13,"GE BrightSpeed Excel"
1301940,1,2.51678,45.05987,904,170.117970100049,52,0.351,16.5,9.5,1733.8,731,723,636,629,13,"GE BrightSpeed Excel"
1301940,5,2.51678,45.05987,904,133.51030564814,30,0.301,10.2,9.5,1733.8,758,748,659,651,13,"GE BrightSpeed Excel"
1301962,19,2.1141,44.1964,206,142.123873754471,41,0.291,19,12.8,971.6,774,752,673,654,13,"GE BrightSpeed Excel"
1301962,26,2.1141,44.1964,206,137.817089701305,36,0.234,22,12.8,971.6,762,741,663,644,13,"GE BrightSpeed Excel"
1301988,17,4.34149,47.79558,253,158.274313953843,112,0.418,18,11.15,861.3,710,685,618,596,13,"GE BrightSpeed Excel"
1301988,21,4.34149,47.79558,253,239.026514950701,120,0.465,20.1,11.15,861.3,764,750,665,652,13,"GE BrightSpeed Excel"
1302102,10,1.79177,46.51614,343,206.725634551958,31,0.308,15.7,11.45,909.2,721,715,627,622,13,"GE BrightSpeed Excel"
1302264,11,3.60577,48.29156,212,232.566338870953,106,0.501,26,11.05,762.3,697,681,606,592,13,"GE BrightSpeed Excel"
1302270,2,-1.08448,45.40337,8,85.0589850500244,33,0.178,11.8,13.55,864.5,734,717,639,624,13,"GE BrightSpeed Excel"
1302436,9,1.62216,43.56499,192,155.044225913968,64,0.314,19.2,13.7,726.2,702,696,611,606,13,"GE BrightSpeed Excel"
1302436,14,1.62216,43.56499,192,130.280217608265,66,0.299,15.6,13.7,726.2,732,703,637,612,13,"GE BrightSpeed Excel"
1302446,17,0.54441,47.18724,111,256.253651163365,78,0.521,22.5,12.1,741,650,641,565,558,13,"GE BrightSpeed Excel"
1302462,11,5.31906,46.65844,201,254.100259136782,110,0.547,24,11.9,1074.4,751,739,654,643,13,"GE BrightSpeed Excel"
1302518,7,-2.24052,47.93912,146,118.436561462059,29,0.14,10.2,11.7,890.3,768,760,668,661,13,"GE BrightSpeed Excel"
1302521,1,2.39125,46.49944,341,244.409995017159,153,0.51,26.8,11.45,787.2,688,655,599,569,13,"GE BrightSpeed Excel"
1302538,9,-2.47657,47.58723,19,169.041274086757,37,0.238,17.2,12.4,953.5,842,824,732,717,13,"GE BrightSpeed Excel"
1302598,13,-0.84224,43.41263,155,162.581098007009,91,0.447,26.7,13.95,1306.5,760,749,661,652,13,"GE BrightSpeed Excel"
1302604,1,-0.43843,43.22597,320,219.645986711455,110,0.516,22.5,13.35,1324.8,803,767,699,667,13,"GE BrightSpeed Excel"
1302604,5,-0.43843,43.22597,320,205.648938538667,50,0.396,23.6,13.35,1324.8,866,867,753,754,13,"GE BrightSpeed Excel"
1302609,2,2.50361,49.14319,66,155.044225913968,136,0.323,19.7,11.7,688.8,744,714,648,621,13,"GE BrightSpeed Excel"
1302609,3,2.50361,49.14319,66,128.126825581682,136,0.309,16.6,11.7,688.8,763,766,664,666,13,"GE BrightSpeed Excel"
1302626,1,0.25526,48.51384,144,216.415898671581,114,0.492,27.9,11.15,755.6,743,733,647,637,13,"GE BrightSpeed Excel"
1302626,4,0.25526,48.51384,144,219.645986711455,127,0.506,29.1,11.15,755.6,733,719,637,625,13,"GE BrightSpeed Excel"
1302679,16,6.23576,48.12577,391,241.179906977284,115,0.498,21.5,10.15,1090.4,686,670,597,583,13,"GE BrightSpeed Excel"
1302862,4,1.86241,47.38011,91,275.634179402611,117,0.584,23.9,12,743.3,743,719,646,626,13,"GE BrightSpeed Excel"
1302939,13,6.61556,49.15677,280,165.811186046883,30,0.239,19,10.2,895.9,831,852,723,742,13,"GE BrightSpeed Excel"
1303013,2,0.49274,45.62056,189,57.0648887044467,31,0.156,13.6,12.65,920.9,740,740,643,643,13,"GE BrightSpeed Excel"
1303076,3,2.33919,47.65092,148,94.7492491696474,58,0.245,16.8,11.6,766.1,772,737,671,641,13,"GE BrightSpeed Excel"
1303076,6,2.33919,47.65092,148,298.244795681731,90,0.552,20.8,11.6,766.1,712,704,619,612,13,"GE BrightSpeed Excel"
1303175,1,5.79405,48.76953,232,214.262506644998,65,0.388,25.9,10.65,822.2,720,703,627,611,13,"GE BrightSpeed Excel"
1303271,3,5.261,46.55191,200,172.271362126632,77,0.371,22.6,11.95,1077.8,725,698,631,607,13,"GE BrightSpeed Excel"
1303271,4,5.261,46.55191,200,329.468980067183,110,0.668,27.5,11.95,1077.8,674,661,587,575,13,"GE BrightSpeed Excel"
1303353,10,0.12794,43.20315,432,234.719730897536,65,0.484,21.6,12.7,1068.7,817,801,711,696,13,"GE BrightSpeed Excel"
1303414,1,1.21168,46.8358,116,155.044225913968,42,0.312,18.8,12.4,768.5,710,706,618,614,13,"GE BrightSpeed Excel"
1303441,4,4.24707,48.139,161,214.262506644998,114,0.406,22.1,11.25,775.6,702,674,611,586,13,"GE BrightSpeed Excel"
1303553,10,1.44689,43.7075,162,125.973433555099,59,0.3,16.6,13.85,705.6,689,688,600,598,13,"GE BrightSpeed Excel"
1303743,1,0.70389,48.01727,173,284.247747508942,98,0.698,26.2,11.5,742.4,722,714,628,621,13,"GE BrightSpeed Excel"
1303743,2,0.70389,48.01727,173,184.115018272838,78,0.49,18.5,11.5,742.4,746,735,649,639,13,"GE BrightSpeed Excel"
1303754,1,2.07342,47.56068,127,157.197617940551,51,0.314,11.9,11.75,775.3,723,704,629,612,13,"GE BrightSpeed Excel"
1303868,3,0.36135,45.70832,116,135.663697674722,63,0.259,18.9,13,877.2,768,730,668,635,13,"GE BrightSpeed Excel"
1303894,2,0.04473,47.14238,107,122.743345515225,64,0.254,19.1,12.5,663.7,801,798,697,694,13,"GE BrightSpeed Excel"
1303894,9,0.04473,47.14238,107,232.566338870953,70,0.416,13.7,12.5,663.7,805,781,701,679,13,"GE BrightSpeed Excel"
1303945,6,2.28699,46.53543,302,188.421802326003,36,0.387,17.4,11.75,805.2,726,705,632,614,13,"GE BrightSpeed Excel"
1303945,12,2.28699,46.53543,302,181.961626246255,36,0.324,19.8,11.75,805.2,720,685,626,596,13,"GE BrightSpeed Excel"
1303946,4,1.59687,49.33869,131,157.197617940551,176,0.581,28.6,11.2,801,767,761,667,662,13,"GE BrightSpeed Excel"
1303958,16,0.3729,43.22588,465,79.6755049835671,17,0.261,16.8,12.2,1020.9,753,743,655,646,13,"GE BrightSpeed Excel"
1303967,5,6.39718,47.77811,278,234.719730897536,102,0.461,25.9,10.95,1110.7,699,681,608,592,13,"GE BrightSpeed Excel"
1303967,9,6.39718,47.77811,278,264.867219269696,117,0.509,28.1,10.95,1110.7,722,692,628,602,13,"GE BrightSpeed Excel"
1304052,12,1.02599,46.9238,126,251.946867110199,97,0.518,30.3,12.2,769.2,724,722,630,628,13,"GE BrightSpeed Excel"
1304111,3,-0.03504,47.75271,85,205.648938538667,52,0.413,23.7,12.05,752.8,823,816,716,710,13,"GE BrightSpeed Excel"
1304111,6,-0.03504,47.75271,85,167.964578073466,59,0.39,18.9,12.05,752.8,741,725,644,631,13,"GE BrightSpeed Excel"
1304160,12,5.08401,49.23764,221,178.73153820638,78,0.44,25.6,10.5,914.2,736,733,640,638,13,"GE BrightSpeed Excel"
1304168,8,1.39485,49.85822,184,253.02356312349,137,0.558,24.5,10.6,979.2,719,730,625,635,13,"GE BrightSpeed Excel"
1304255,18,-1.41787,47.3021,35,116.283169435476,81,0.287,20.3,12.6,841.3,760,751,661,654,13,"GE BrightSpeed Excel"
1304255,19,-1.41787,47.3021,35,157.197617940551,71,0.34,18.6,12.6,841.3,924,867,804,754,13,"GE BrightSpeed Excel"
1304280,8,5.52605,49.28065,212,189.498498339295,82,0.381,28.2,10.5,826.5,734,719,639,625,13,"GE BrightSpeed Excel"
1304370,5,5.04714,49.58004,246,254.100259136782,80,0.504,22.3,10.2,955.3,810,767,705,667,13,"GE BrightSpeed Excel"
1304370,7,5.04714,49.58004,246,187.345106312712,70,0.396,23.5,10.2,955.3,768,755,668,657,13,"GE BrightSpeed Excel"
1304503,8,2.802,48.81888,123,235.796426910827,63,0.474,28.4,11.6,744.5,702,710,610,618,13,"GE BrightSpeed Excel"
1304503,10,2.802,48.81888,123,160.427705980426,66,0.437,23.6,11.6,744.5,808,801,703,696,13,"GE BrightSpeed Excel"
1304546,10,2.10531,46.33727,314,191.651890365878,47,0.458,22.4,11.45,869.9,808,803,703,698,13,"GE BrightSpeed Excel"
1304579,9,1.43821,45.83009,361,189.498498339295,112,0.371,20,11.75,1120.3,667,647,580,563,13,"GE BrightSpeed Excel"
1304579,10,1.43821,45.83009,361,174.424754153215,90,0.41,21,11.75,1120.3,708,707,616,615,13,"GE BrightSpeed Excel"
1304649,15,1.20547,45.88197,393,160.427705980426,48,0.321,24.1,11.55,1094,774,757,673,659,13,"GE BrightSpeed Excel"
1304680,4,-0.99273,43.03037,688,134.587001661431,56,0.254,16.3,10.65,1816.2,774,743,673,646,13,"GE BrightSpeed Excel"
1304693,17,4.06837,46.79224,398,175.501450166506,79,0.474,23.5,11.35,1015.2,760,747,661,650,13,"GE BrightSpeed Excel"
1304834,8,3.93327,45.76836,511,62.448368770904,41,0.135,9.8,11.3,743.4,757,768,659,668,13,"GE BrightSpeed Excel"
1304859,4,4.39636,47.14678,390,284.247747508942,150,0.686,27.6,10.75,859.7,708,685,616,596,13,"GE BrightSpeed Excel"
1304956,4,3.86713,48.93579,222,208.879026578541,135,0.438,20.9,10.7,808.4,710,711,618,618,13,"GE BrightSpeed Excel"
1304960,7,0.51575,43.37221,338,282.094355482359,67,0.438,24.3,12.95,849.2,804,781,700,679,13,"GE BrightSpeed Excel"
1304960,8,0.51575,43.37221,338,149.660745847511,109,0.374,16,12.95,849.2,714,679,621,591,13,"GE BrightSpeed Excel"
1305166,3,3.84924,46.45341,270,309.011755814646,60,0.555,27.6,11.85,794.2,730,743,635,646,13,"GE BrightSpeed Excel"
1305166,9,3.84924,46.45341,270,274.557483389319,62,0.604,27.8,11.85,794.2,792,760,689,661,13,"GE BrightSpeed Excel"
1305201,1,5.78672,46.60924,600,178.73153820638,142,0.381,17.3,9.8,1619.3,712,701,619,610,13,"GE BrightSpeed Excel"
1305207,2,2.52554,47.65077,159,295.014707641857,80,0.526,25,11.55,749.6,730,714,635,622,13,"GE BrightSpeed Excel"
1305207,8,2.52554,47.65077,159,197.035370432335,63,0.431,23.4,11.55,749.6,726,716,631,623,13,"GE BrightSpeed Excel"
1305250,3,2.26199,45.76168,781,180.884930232963,85,0.42,26.5,9.15,1115.3,767,759,667,660,13,"GE BrightSpeed Excel"
1305443,15,2.64163,44.68182,489,184.115018272838,147,0.348,16.5,11.55,1157.6,687,643,597,559,13,"GE BrightSpeed Excel"
1305444,5,6.43954,47.29026,526,144.277265781054,67,0.326,16.5,10,1292.7,739,727,643,633,13,"GE BrightSpeed Excel"
1305444,9,6.43954,47.29026,526,192.728586379169,69,0.429,16.5,10,1292.7,714,708,621,616,13,"GE BrightSpeed Excel"
1305452,1,3.23095,46.85583,199,77.5221129569842,19,0.162,8.8,11.85,847.2,793,779,690,678,13,"GE BrightSpeed Excel"
1305452,6,3.23095,46.85583,199,93.672553156356,19,0.159,9.2,11.85,847.2,716,725,623,631,13,"GE BrightSpeed Excel"
1305489,19,-0.56458,45.23806,11,105.516209302562,46,0.235,15.8,13.8,875.5,744,750,647,653,13,"GE BrightSpeed Excel"
1305489,24,-0.56458,45.23806,11,145.353961794345,49,0.369,18.2,13.8,875.5,895,864,778,751,13,"GE BrightSpeed Excel"
1305573,6,1.83373,47.61386,122,284.247747508942,100,0.673,27.8,11.75,761.6,829,807,721,702,13,"GE BrightSpeed Excel"
1305587,9,1.10851,43.30871,296,297.16809966844,67,0.539,22.7,13.25,722.9,726,717,631,624,13,"GE BrightSpeed Excel"
1305615,6,7.22616,47.7823,272,144.277265781054,65,0.259,18.8,11.15,798.6,848,833,738,725,13,"GE Revolution EVO"
1305678,5,-0.24918,47.76615,41,145.353961794345,66,0.289,13.8,12.15,713.8,722,707,628,615,13,"GE BrightSpeed Excel"
1305678,6,-0.24918,47.76615,41,172.271362126632,66,0.297,12.7,12.15,713.8,680,664,591,578,13,"GE BrightSpeed Excel"
1305693,4,0.32643,45.25774,70,85.0589850500244,19,0.194,16.2,13.3,885.3,756,749,657,652,13,"GE BrightSpeed Excel"
1305693,8,0.32643,45.25774,70,88.2890730898987,21,0.219,17.7,13.3,885.3,746,752,649,654,13,"GE BrightSpeed Excel"
1305744,6,2.08035,46.12129,450,95.8259451829389,53,0.225,13.1,10.9,944.5,698,684,607,595,13,"GE BrightSpeed Excel"
1305744,7,2.08035,46.12129,450,99.0560332228132,51,0.263,13,10.9,944.5,782,760,681,661,13,"GE BrightSpeed Excel"
1305784,4,2.85991,46.46227,262,235.796426910827,131,0.429,28.4,11.8,764.9,754,723,656,629,13,"GE BrightSpeed Excel"
1305817,4,1.60349,46.94694,178,128.126825581682,64,0.241,17.5,11.95,780.6,707,689,615,599,13,"GE BrightSpeed Excel"
1305936,1,3.74652,46.50872,261,217.492594684872,126,0.497,22,11.9,800,757,740,659,644,13,"GE BrightSpeed Excel"
1305936,6,3.74652,46.50872,261,285.324443522234,108,0.597,22.2,11.9,800,689,682,600,593,13,"GE BrightSpeed Excel"
1306094,1,3.32017,48.86966,163,155.044225913968,83,0.34,25.6,11.2,773.7,689,694,599,603,13,"GE BrightSpeed Excel"
1306094,11,3.32017,48.86966,163,190.575194352586,84,0.422,25.7,11.2,773.7,786,781,684,679,13,"GE BrightSpeed Excel"
1306142,14,-3.17039,48.3677,253,333.775764120349,140,0.651,17.7,10.9,1139.2,797,780,693,679,13,"GE BrightSpeed Excel"
1306145,1,1.66453,50.47037,40,141.04717774118,63,0.398,19,11.15,936.8,784,776,682,675,13,"GE BrightSpeed Excel"
1306145,2,1.66453,50.47037,40,300.398187708314,79,0.652,19.5,11.15,936.8,700,696,609,605,13,"GE BrightSpeed Excel"
1306171,1,-0.11601,44.31301,122,203.495546512084,51,0.328,16.1,13.4,898.7,830,832,722,724,13,"GE BrightSpeed Excel"
1306171,4,-0.11601,44.31301,122,97.9793372095217,43,0.173,11.4,13.4,898.7,872,833,758,725,13,"GE BrightSpeed Excel"
1306175,13,3.02332,49.08742,71,227.182858804495,73,0.425,22.5,11.5,755.9,760,768,661,668,13,"GE BrightSpeed Excel"
1306177,2,2.77372,48.69315,99,191.651890365878,41,0.39,21.1,11.65,716.8,749,737,651,641,13,"GE BrightSpeed Excel"
1306227,8,0.65108,47.15286,105,132.433609634848,28,0.276,15.2,12.15,738.4,750,737,652,641,13,"GE BrightSpeed Excel"
1306407,2,1.4164,45.59598,418,267.020611296279,62,0.435,27.1,11.55,1120.3,807,829,702,721,13,"GE BrightSpeed Excel"
1306440,8,1.97827,45.90508,584,233.643034884244,108,0.533,28.3,10.1,1253.3,748,705,651,613,13,"GE BrightSpeed Excel"
1306440,11,1.97827,45.90508,584,178.73153820638,92,0.425,28.9,10.1,1253.3,753,738,655,642,13,"GE BrightSpeed Excel"
1306516,7,1.01539,47.35554,90,235.796426910827,90,0.476,28.5,12.1,699,670,651,583,566,13,"GE BrightSpeed Excel"
1306516,10,1.01539,47.35554,90,203.495546512084,90,0.432,26,12.1,699,626,615,545,535,13,"GE BrightSpeed Excel"
1306609,6,2.06657,48.90936,78,152.890833887386,50,0.406,17.7,12,657.8,796,798,692,694,13,"GE BrightSpeed Excel"
1306623,5,2.44266,46.13953,513,202.418850498792,133,0.494,25.6,10.45,856.1,844,819,735,713,13,"GE BrightSpeed Excel"
1306679,7,4.5289,47.16234,426,191.651890365878,94,0.451,27,10.65,858,697,685,606,596,13,"GE BrightSpeed Excel"
1306693,3,4.54401,48.16977,267,199.188762458918,75,0.438,17.3,10.9,900,840,825,730,718,13,"GE BrightSpeed Excel"
1306698,1,5.71519,46.71944,545,299.321491695022,171,0.625,23,10,1517.5,647,612,563,532,13,"GE BrightSpeed Excel"
1306727,3,6.00214,47.08885,448,305.781667774771,149,0.566,24.2,10.6,1301.6,743,719,646,626,13,"GE BrightSpeed Excel"
1306745,3,1.75194,47.79336,100,158.274313953843,40,0.352,18,11.8,682.2,729,731,634,636,13,"GE BrightSpeed Excel"
1306745,4,1.75194,47.79336,100,132.433609634848,39,0.283,13.8,11.8,682.2,934,917,813,798,13,"GE BrightSpeed Excel"
1306762,3,1.52606,45.11102,230,271.327395349445,103,0.684,16.8,12.75,975,772,744,671,647,13,"GE BrightSpeed Excel"
1306796,2,4.18607,47.16835,522,157.197617940551,69,0.336,20.1,10.4,1116.5,746,734,649,639,13,"GE BrightSpeed Excel"
1306796,6,4.18607,47.16835,522,167.964578073466,67,0.331,21.2,10.4,1116.5,704,699,612,608,13,"GE BrightSpeed Excel"
1306798,1,1.30859,43.13109,289,241.179906977284,65,0.507,30,13.4,840.7,727,740,633,644,13,"GE BrightSpeed Excel"
1306798,8,1.30859,43.13109,289,213.185810631707,54,0.409,23.8,13.4,840.7,768,769,668,669,13,"GE BrightSpeed Excel"
1306847,1,5.45862,47.71702,276,212.109114618415,155,0.479,17.5,10.8,919.6,733,706,638,615,13,"GE BrightSpeed Excel"
1306862,6,-0.78719,49.19247,112,261.637131229822,79,0.529,21.5,11.2,922.9,735,736,640,641,13,"GE BrightSpeed Excel"
1306959,2,1.94254,47.29046,123,159.351009967134,31,0.282,15.3,11.95,754.7,794,792,691,689,13,"GE BrightSpeed Excel"
1306959,4,1.94254,47.29046,123,137.817089701305,31,0.289,13.9,11.95,754.7,772,776,672,675,13,"GE BrightSpeed Excel"
1307004,1,1.31655,44.06597,86,55.9881926911553,13,0.138,6.5,13.95,736.1,740,729,644,634,13,"GE BrightSpeed Excel"
1307195,13,-1.74718,47.45305,20,260.56043521653,107,0.502,20.9,12.4,842.3,759,746,660,649,13,"GE BrightSpeed Excel"
1307316,15,4.925,46.07394,269,235.796426910827,65,0.394,23,12.05,898.4,683,675,594,587,13,"GE BrightSpeed Excel"
1307510,9,-0.52655,44.50101,59,167.964578073466,49,0.445,24.2,13.55,937.8,757,758,658,659,13,"GE BrightSpeed Excel"
1307520,7,0.46085,47.31188,86,81.82889701015,13,0.155,11.3,12.1,711.6,799,798,695,694,13,"GE BrightSpeed Excel"
1307523,13,2.46959,46.57135,253,206.725634551958,53,0.364,25.1,11.95,747.8,719,726,626,631,13,"GE BrightSpeed Excel"
1307639,1,1.54401,43.85209,120,151.814137874094,46,0.28,22.1,13.8,733,781,772,680,672,13,"GE BrightSpeed Excel"
1307639,2,1.54401,43.85209,120,178.73153820638,48,0.35,21,13.8,733,720,721,627,627,13,"GE BrightSpeed Excel"
1307715,2,-1.70492,46.89606,48,165.811186046883,58,0.436,18.9,12.6,894.7,843,843,734,733,13,"GE Revolution EVO"
1307715,19,-1.70492,46.89606,48,165.811186046883,59,0.571,24.6,12.6,894.7,808,799,703,695,13,"GE Revolution EVO"
1307756,2,1.13316,48.00448,172,122.743345515225,20,0.231,14.2,11.3,739.8,790,785,688,683,13,"GE BrightSpeed Excel"
1307756,3,1.13316,48.00448,172,206.725634551958,30,0.377,13.4,11.3,739.8,898,880,782,765,13,"GE BrightSpeed Excel"
1307792,3,6.03908,48.00611,306,206.725634551958,145,0.456,28.5,10.5,1026.8,610,600,531,522,13,"GE BrightSpeed Excel"
1307807,2,1.03456,48.74075,153,187.345106312712,92,0.361,16.3,11.1,630.2,686,678,597,590,13,"GE BrightSpeed Excel"
1307807,9,1.03456,48.74075,153,213.185810631707,102,0.464,17.5,11.1,630.2,716,694,623,604,13,"GE BrightSpeed Excel"
1307812,5,6.66424,49.08303,360,225.029466777913,109,0.5,23.3,10.1,862.5,711,678,618,589,13,"GE BrightSpeed Excel"
1307868,7,4.57631,47.66535,371,239.026514950701,120,0.506,24.5,10.55,963.7,703,681,612,592,13,"GE BrightSpeed Excel"
1307868,11,4.57631,47.66535,371,219.645986711455,110,0.391,23.1,10.55,963.7,784,768,682,668,13,"GE BrightSpeed Excel"
1307891,3,-0.45037,47.02344,121,290.707923588691,92,0.644,26,12.4,713.8,667,635,581,552,13,"GE BrightSpeed Excel"
1307891,9,-0.45037,47.02344,121,187.345106312712,125,0.497,27.2,12.4,713.8,694,686,604,597,13,"GE BrightSpeed Excel"
1307920,1,3.53771,48.84968,204,297.16809966844,125,0.653,29.3,10.9,762.2,712,700,619,609,13,"GE BrightSpeed Excel"
1307920,2,3.53771,48.84968,204,274.557483389319,120,0.579,25.6,10.9,762.2,722,718,628,624,13,"GE BrightSpeed Excel"
1308134,3,0.39147,45.58285,196,246.563387043742,71,0.676,30.5,12.65,900.2,702,685,611,596,13,"GE BrightSpeed Excel"
1308134,8,0.39147,45.58285,196,297.16809966844,67,0.563,29,12.65,900.2,664,645,578,561,13,"GE BrightSpeed Excel"
1308164,6,1.99713,47.02075,127,180.884930232963,59,0.365,24.5,12,737.4,695,682,605,594,13,"GE BrightSpeed Excel"
1308321,5,2.04625,47.66855,115,260.56043521653,125,0.597,24.3,11.75,763.2,801,784,697,682,13,"GE BrightSpeed Excel"
1308328,1,0.51942,44.81118,51,41.9911445183665,7,0.078,5.8,13.6,796.7,764,784,664,682,13,"GE BrightSpeed Excel"
1308343,14,5.07762,48.08655,304,262.713827243113,150,0.488,17.5,10.55,955.2,707,676,615,588,13,"GE BrightSpeed Excel"
1308376,8,0.25945,45.00455,67,184.115018272838,57,0.307,15.4,13.4,832.2,856,824,744,717,13,"GE BrightSpeed Excel"
1308376,10,0.25945,45.00455,67,185.191714286129,55,0.28,15.7,13.4,832.2,836,844,727,734,13,"GE BrightSpeed Excel"
1308449,6,2.92585,47.73937,179,223.952770764621,122,0.441,27.5,11.45,773.6,685,679,596,591,13,"GE BrightSpeed Excel"
1308449,9,2.92585,47.73937,179,300.398187708314,120,0.648,27,11.45,773.6,684,668,595,581,13,"GE BrightSpeed Excel"
1308455,8,3.11146,47.66633,231,213.185810631707,117,0.491,21.8,11.2,833.9,682,674,594,586,13,"GE BrightSpeed Excel"
1308455,12,3.11146,47.66633,231,205.648938538667,85,0.361,24.8,11.2,833.9,649,643,564,560,13,"GE BrightSpeed Excel"
1308469,17,-0.09952,46.8334,139,116.283169435476,45,0.18,14,12.4,653.9,729,723,635,629,13,"GE BrightSpeed Excel"
1308469,18,-0.09952,46.8334,139,106.592905315853,46,0.16,12.6,12.4,653.9,735,707,639,615,13,"GE BrightSpeed Excel"
1308656,1,1.21505,46.67388,120,243.333299003867,31,0.402,18.5,12.5,760.9,689,666,600,580,13,"GE BrightSpeed Excel"
1308656,5,1.21505,46.67388,120,148.58404983422,32,0.36,16.5,12.5,760.9,704,689,613,600,13,"GE BrightSpeed Excel"
1308782,18,5.77547,46.84371,594,212.109114618415,156,0.394,20,9.65,1472.7,716,663,623,577,13,"GE BrightSpeed Excel"
1308871,10,4.68722,48.36489,147,83.9822890367329,29,0.173,20.2,11.4,791.9,720,741,626,644,13,"GE BrightSpeed Excel"
1308871,11,4.68722,48.36489,147,72.138632890527,29,0.153,20.9,11.4,791.9,690,686,600,597,13,"GE BrightSpeed Excel"
1308931,5,3.73569,48.11023,268,277.787571429194,163,0.562,26.8,10.85,864.8,756,750,658,653,13,"GE BrightSpeed Excel"
1308931,6,3.73569,48.11023,268,295.014707641857,165,0.598,22.2,10.85,864.8,727,699,633,608,13,"GE BrightSpeed Excel"
1308945,5,6.19181,47.89314,272,312.24184385452,75,0.443,28.5,10.85,1065,722,717,628,624,13,"GE BrightSpeed Excel"
1308945,11,6.19181,47.89314,272,159.351009967134,65,0.417,31,10.85,1065,788,766,686,667,13,"GE BrightSpeed Excel"
1308969,5,2.57178,46.06736,516,117.359865448768,62,0.22,11,10.5,878.5,732,734,637,639,13,"GE BrightSpeed Excel"
1308969,8,2.57178,46.06736,516,189.498498339295,62,0.328,12.9,10.5,878.5,775,755,674,656,13,"GE BrightSpeed Excel"
1308978,2,3.51908,49.22733,136,165.811186046883,85,0.381,23.7,10.95,722.2,747,733,650,637,13,"GE BrightSpeed Excel"
1308982,6,6.57078,47.60981,313,216.415898671581,72,0.457,25.2,10.7,1155.5,706,695,614,605,13,"GE BrightSpeed Excel"
1309008,2,-1.31327,49.64521,13,130.280217608265,41,0.274,14.2,11.65,885.3,879,890,765,774,13,"GE BrightSpeed Excel"
1309058,16,5.5985,47.3891,240,217.492594684872,115,0.6,30.5,11.25,911.2,685,674,596,587,13,"GE BrightSpeed Excel"
1309074,1,2.25943,47.57894,154,246.563387043742,74,0.597,25,11.6,791.6,748,725,651,631,13,"GE BrightSpeed Excel"
1309094,3,2.10901,45.45559,618,192.728586379169,69,0.438,25.8,10.45,1323.9,762,748,663,650,13,"GE Revolution EVO"
1309198,6,-2.56945,48.01587,113,65.6784568107783,15,0.143,9.2,11.75,844.3,876,870,763,756,13,"GE BrightSpeed Excel"
1309244,3,-1.05753,43.29812,141,184.115018272838,67,0.521,19.7,14,1340.7,795,785,691,683,13,"GE BrightSpeed Excel"
1309246,3,4.11482,46.61155,289,162.581098007009,101,0.457,22.7,11.5,877.2,703,688,611,598,13,"GE BrightSpeed Excel"
1309475,8,2.44483,47.23711,235,281.017659469068,37,0.485,31,11.45,924,875,879,761,765,13,"GE BrightSpeed Excel"
1309637,3,0.91372,46.2026,219,148.58404983422,54,0.257,17.8,12.05,922.3,834,843,725,734,13,"GE BrightSpeed Excel"
1309637,6,0.91372,46.2026,219,135.663697674722,81,0.255,9.8,12.05,922.3,739,715,643,622,13,"GE BrightSpeed Excel"
1309650,6,4.76248,49.40636,146,264.867219269696,134,0.511,25.8,10.7,868.3,712,712,620,620,13,"GE BrightSpeed Excel"
1309717,1,-0.33293,45.18986,61,187.345106312712,63,0.345,19.8,13.4,890.4,685,679,596,590,13,"GE BrightSpeed Excel"
1309717,8,-0.33293,45.18986,61,135.663697674722,58,0.304,16.8,13.4,890.4,728,718,633,625,13,"GE BrightSpeed Excel"
1309783,7,0.42651,46.05143,164,155.044225913968,57,0.389,21.2,12.3,922.8,721,709,627,617,13,"GE BrightSpeed Excel"
1309822,8,0.82501,48.46854,200,263.790523256405,80,0.534,23.6,10.95,790.1,699,685,608,596,13,"GE BrightSpeed Excel"
1309841,8,-0.19203,43.21407,380,230.41294684437,55,0.477,19.3,12.95,1278.9,724,716,630,623,13,"GE BrightSpeed Excel"
1309885,12,6.38345,47.59847,349,161.504401993717,115,0.544,31.5,10.7,1087.8,690,683,600,594,13,"GE BrightSpeed Excel"
1309914,13,1.3102,43.04126,469,72.138632890527,17,0.129,15.4,12.45,1042.4,750,743,653,647,13,"GE BrightSpeed Excel"
1310028,3,-0.227,43.447,272,204.572242525375,63,0.433,29.2,13.4,1150.4,870,864,757,752,13,"GE BrightSpeed Excel"
1310028,7,-0.227,43.447,272,310.088451827937,60,0.717,31.6,13.4,1150.4,734,716,638,623,13,"GE BrightSpeed Excel"
1310075,1,-3.55522,48.4212,208,202.418850498792,29,0.417,11.2,11.25,1213.1,865,842,753,733,13,"GE BrightSpeed Excel"
1310119,1,3.48883,49.10182,201,241.179906977284,125,0.604,23.8,10.8,787.6,702,692,611,602,13,"GE BrightSpeed Excel"
1310162,16,2.28787,45.56377,626,171.19466611334,48,0.33,17.1,10.15,1150.5,766,745,667,648,13,"GE BrightSpeed Excel"
1310278,2,-2.37195,48.51038,79,128.126825581682,65,0.443,19.9,11.7,821.1,754,751,656,654,13,"GE BrightSpeed Excel"
1310278,4,-2.37195,48.51038,79,142.123873754471,72,0.318,20.3,11.7,821.1,846,808,736,703,13,"GE BrightSpeed Excel"
1310364,1,2.01887,47.79439,115,286.401139535525,91,0.561,29.1,11.75,732.7,749,719,652,626,13,"GE BrightSpeed Excel"
1310364,5,2.01887,47.79439,115,206.725634551958,55,0.428,24.2,11.75,732.7,747,744,650,648,13,"GE BrightSpeed Excel"
1310379,1,3.04624,48.76375,121,221.799378738038,28,0.44,14.7,11.4,726.2,781,760,680,661,13,"GE BrightSpeed Excel"
1310420,2,-1.34563,47.79067,93,49.5280166114066,24,0.095,6.4,12.1,816.8,634,599,552,521,13,"GE BrightSpeed Excel"
1310561,11,-3.64652,48.27233,147,229.336250831078,60,0.362,20.2,11.55,1158.3,835,827,727,720,13,"GE BrightSpeed Excel"
1310599,28,5.56774,48.63196,305,230.41294684437,110,0.458,22.2,10.35,969.5,695,677,604,589,13,"GE BrightSpeed Excel"
1310677,2,0.84092,46.02169,253,240.103210963993,52,0.534,24.8,12.1,966.3,719,719,625,626,13,"GE BrightSpeed Excel"
1310677,15,0.84092,46.02169,253,239.026514950701,62,0.587,22.6,12.1,966.3,740,728,644,633,13,"GE BrightSpeed Excel"
1310741,14,3.89357,46.18285,315,228.259554817787,72,0.445,19.6,11.8,769.6,754,746,656,649,13,"GE BrightSpeed Excel"
1310748,16,1.44526,46.98181,131,264.867219269696,145,0.481,27.9,12.2,782.6,577,545,502,474,13,"GE BrightSpeed Excel"
1310903,1,5.29625,48.15322,384,207.802330565249,110,0.394,18.5,10.05,1032.2,745,702,648,611,13,"GE BrightSpeed Excel"
1310903,2,5.29625,48.15322,384,136.740393688014,105,0.371,22.5,10.05,1032.2,657,648,572,564,13,"GE BrightSpeed Excel"
1310965,3,2.47048,46.93122,181,183.038322259546,90,0.397,21.6,12,778.8,731,722,636,628,13,"GE BrightSpeed Excel"
1311076,6,-0.55989,45.14817,30,137.817089701305,58,0.268,14,13.8,867.3,803,769,699,669,13,"GE BrightSpeed Excel"
1311076,9,-0.55989,45.14817,30,73.2153289038184,49,0.234,14.3,13.8,867.3,775,777,674,676,13,"GE BrightSpeed Excel"
1311077,6,-1.85422,48.47586,53,303.628275748188,154,0.62,23.8,11.85,836,691,651,601,566,13,"GE Revolution EVO"
1311077,22,-1.85422,48.47586,53,235.796426910827,128,0.517,27,11.85,836,844,846,734,736,13,"GE Revolution EVO"
1311090,14,0.36186,46.41031,136,230.41294684437,80,0.435,23.5,12.35,775.2,771,771,671,671,13,"GE BrightSpeed Excel"
1311131,4,2.13706,44.772,542,235.796426910827,114,0.561,24,11.25,1309.6,715,702,622,611,13,"GE BrightSpeed Excel"
1311131,8,2.13706,44.772,542,226.106162791204,113,0.569,25.1,11.25,1309.6,713,695,620,605,13,"GE BrightSpeed Excel"
1311192,3,2.49558,46.53533,257,95.8259451829389,32,0.138,10.7,11.95,738.8,781,795,679,692,13,"GE BrightSpeed Excel"
1311192,5,2.49558,46.53533,257,274.557483389319,64,0.591,22.6,11.95,738.8,779,782,678,680,13,"GE BrightSpeed Excel"
1311216,9,1.59917,45.34543,407,296.091403655148,151,0.685,22.5,11.55,1211.3,724,719,630,626,13,"GE BrightSpeed Excel"
1311317,1,0.63782,46.73873,128,143.200569767763,74,0.342,20.3,12.35,733.5,697,689,606,599,13,"GE BrightSpeed Excel"
1311317,7,0.63782,46.73873,128,130.280217608265,58,0.266,19.7,12.35,733.5,715,715,622,622,13,"GE BrightSpeed Excel"
1311400,2,-0.59689,45.84939,51,242.256602990576,97,0.543,22.4,13.1,904.4,784,790,682,687,13,"GE BrightSpeed Excel"
1311434,13,-1.45009,49.62302,106,134.587001661431,77,0.329,16,11.3,1001,866,853,754,742,13,"GE BrightSpeed Excel"
1311454,5,6.91984,48.87547,234,223.952770764621,70,0.322,22.2,10.65,844.5,699,680,608,591,13,"GE BrightSpeed Excel"
1311454,15,6.91984,48.87547,234,212.109114618415,56,0.33,24.1,10.65,844.5,716,712,623,620,13,"GE BrightSpeed Excel"
1311553,4,-0.51876,45.8334,64,243.333299003867,95,0.524,23.1,13.1,902,757,747,658,650,13,"GE BrightSpeed Excel"
1311553,10,-0.51876,45.8334,64,111.976385382311,40,0.248,17,13.1,902,830,825,722,718,13,"GE BrightSpeed Excel"
1311567,6,4.06928,50.083,179,200.265458472209,103,0.397,27.1,10.45,913.6,736,724,640,630,13,"GE BrightSpeed Excel"
1311688,12,0.01048,44.89161,21,166.887882060174,33,0.38,21.9,13.75,824.6,691,695,601,604,13,"GE BrightSpeed Excel"
1311715,7,0.68741,46.82945,133,73.2153289038184,58,0.185,12,12.3,759.4,711,684,619,595,13,"GE BrightSpeed Excel"
1311715,10,0.68741,46.82945,133,145.353961794345,59,0.288,17,12.3,759.4,752,740,655,644,13,"GE BrightSpeed Excel"
1311930,1,4.08585,47.33187,523,132.433609634848,45,0.299,14.5,10.1,1195.9,852,848,742,738,13,"GE BrightSpeed Excel"
1311930,3,4.08585,47.33187,523,217.492594684872,73,0.434,21.1,10.1,1195.9,718,700,625,609,13,"GE BrightSpeed Excel"
1312017,9,0.44778,43.19128,490,123.820041528516,31,0.276,21.4,12,1031.1,947,949,824,825,13,"GE BrightSpeed Excel"
1312092,6,2.39245,47.6689,156,120.589953488642,52,0.271,20,11.55,755.9,662,644,576,560,13,"GE BrightSpeed Excel"
1312096,5,4.27757,47.50876,279,251.946867110199,128,0.543,24,11.3,812.9,657,660,571,575,13,"GE BrightSpeed Excel"
1312101,4,-0.03172,44.69275,78,91.5191611297731,67,0.282,23,13.5,803.8,786,774,684,673,13,"GE BrightSpeed Excel"
1312101,18,-0.03172,44.69275,78,110.899689369019,61,0.277,17.6,13.5,803.8,796,795,693,691,13,"GE BrightSpeed Excel"
1312122,5,3.77248,49.45818,94,282.094355482359,85,0.633,29.6,10.85,769,702,698,611,607,13,"GE BrightSpeed Excel"
1312122,6,3.77248,49.45818,94,291.784619601982,90,0.595,27.7,10.85,769,690,656,600,570,13,"GE BrightSpeed Excel"
1312181,5,1.33688,42.91573,1082,178.73153820638,69,0.286,9.6,9.5,1403.8,824,814,717,709,13,"GE BrightSpeed Excel"
1312293,9,4.30611,47.56227,393,96.9026411962303,57,0.248,17.7,10.85,864.9,757,745,659,648,13,"GE BrightSpeed Excel"
1312348,1,5.91134,48.49611,350,222.87607475133,130,0.413,19.4,10.05,902.5,802,766,698,666,13,"GE BrightSpeed Excel"
1312377,3,2.11698,43.45928,487,111.976385382311,18,0.151,6.5,12.55,1052.3,838,800,729,696,13,"GE BrightSpeed Excel"
1312444,8,4.79173,47.71499,332,287.477835548817,161,0.674,24.3,10.4,964.8,671,656,584,571,13,"GE BrightSpeed Excel"
1312453,6,3.5485,46.97888,238,295.014707641857,121,0.551,22.9,11.6,934.2,723,727,629,632,13,"GE BrightSpeed Excel"
1312453,9,3.5485,46.97888,238,191.651890365878,121,0.469,25,11.6,934.2,720,706,627,615,13,"GE BrightSpeed Excel"
1312632,1,2.22973,49.12529,28,94.7492491696474,36,0.166,14,12.05,687.1,801,787,697,684,13,"GE BrightSpeed Excel"
1312632,4,2.22973,49.12529,28,101.209425249396,28,0.191,15,12.05,687.1,733,716,638,623,13,"GE BrightSpeed Excel"
1312709,8,0.75375,45.46259,195,291.784619601982,137,0.534,21.2,12.7,994.9,801,796,697,693,13,"GE BrightSpeed Excel"
1312720,7,1.86065,47.57799,107,174.424754153215,54,0.344,26,11.8,753.8,702,706,611,614,13,"GE BrightSpeed Excel"
1312720,10,1.86065,47.57799,107,109.822993355728,52,0.252,22.3,11.8,753.8,695,685,605,596,13,"GE BrightSpeed Excel"
1312891,2,3.05213,47.21694,185,381.150388705173,132,0.769,28.5,11.85,823.7,720,714,626,621,13,"GE BrightSpeed Excel"
1312891,4,3.05213,47.21694,185,217.492594684872,106,0.421,24,11.85,823.7,729,704,634,612,13,"GE BrightSpeed Excel"
1312894,23,2.31295,46.78735,180,153.967529900677,45,0.297,25,12.15,754.6,694,681,604,592,13,"GE BrightSpeed Excel"
1312970,5,6.07863,48.94086,260,240.103210963993,58,0.5,21.7,10.65,715.3,771,751,671,653,13,"GE BrightSpeed Excel"
1313032,4,-0.57396,43.47417,129,192.728586379169,79,0.59,23.9,14.1,1107.8,691,688,601,599,13,"GE BrightSpeed Excel"
1313032,9,-0.57396,43.47417,129,234.719730897536,80,0.544,24.7,14.1,1107.8,796,774,692,673,13,"GE BrightSpeed Excel"
1313047,13,2.0338,45.18553,475,220.722682724747,90,0.465,20,11.2,1259.2,815,808,709,703,13,"GE BrightSpeed Excel"
1313064,1,1.56917,45.66911,462,149.660745847511,65,0.387,21.6,11.35,1204.6,777,776,676,675,13,"GE BrightSpeed Excel"
1313064,5,1.56917,45.66911,462,165.811186046883,63,0.385,21.3,11.35,1204.6,797,784,693,682,13,"GE BrightSpeed Excel"
1313093,8,0.94285,46.07698,255,161.504401993717,37,0.221,21,12,986.7,755,734,657,638,13,"GE BrightSpeed Excel"
1313093,18,0.94285,46.07698,255,203.495546512084,63,0.42,24,12,986.7,743,712,647,619,13,"GE BrightSpeed Excel"
1313139,3,-0.64105,43.81413,65,185.191714286129,47,0.452,22.4,14.05,1064.5,738,718,642,624,13,"GE BrightSpeed Excel"
1313139,5,-0.64105,43.81413,65,165.811186046883,36,0.284,22.3,14.05,1064.5,747,731,650,636,13,"GE BrightSpeed Excel"
1313174,8,1.34244,46.855,115,155.044225913968,109,0.371,16.5,12.35,774.5,694,676,604,588,13,"GE BrightSpeed Excel"
1313178,13,5.4892,45.98756,790,234.719730897536,96,0.495,18.6,9.85,1545.6,752,729,654,634,13,"GE BrightSpeed Excel"
1313466,1,-2.61645,48.23013,120,166.887882060174,20,0.284,12.9,11.4,949.7,874,856,761,745,13,"GE BrightSpeed Excel"
1313607,2,5.88207,48.06498,332,129.203521594974,33,0.144,15,10.45,969.2,678,649,590,564,13,"GE BrightSpeed Excel"
1313607,4,5.88207,48.06498,332,102.286121262688,31,0.123,15,10.45,969.2,673,653,585,568,13,"GE BrightSpeed Excel"
1313648,1,5.01365,46.82804,190,251.946867110199,72,0.515,27.2,11.95,848.1,653,647,568,563,13,"GE BrightSpeed Excel"
1313673,9,-0.36448,45.31511,107,234.719730897536,86,0.554,24.7,13.25,913.6,728,718,633,625,13,"GE BrightSpeed Excel"
1313698,1,0.6011,46.25223,157,164.734490033591,55,0.423,18,12.35,822.8,755,749,656,651,13,"GE BrightSpeed Excel"
1313698,2,0.6011,46.25223,157,225.029466777913,60,0.53,17.5,12.35,822.8,736,710,641,618,13,"GE BrightSpeed Excel"
1313703,9,2.61624,44.64591,603,186.26841029942,98,0.378,24,11.4,1148.3,778,759,677,660,13,"GE BrightSpeed Excel"
1313745,6,2.71654,44.57367,402,136.740393688014,63,0.312,14.2,12.1,1116,726,713,631,620,13,"GE BrightSpeed Excel"
1313745,15,2.71654,44.57367,402,185.191714286129,142,0.449,10.5,12.1,1116,655,631,570,549,13,"GE BrightSpeed Excel"
1313791,2,0.41903,43.3166,255,220.722682724747,95,0.494,20.6,13.3,879.3,718,707,624,615,13,"GE BrightSpeed Excel"
1313791,5,0.41903,43.3166,255,206.725634551958,91,0.465,21,13.3,879.3,688,667,598,580,13,"GE BrightSpeed Excel"
1313846,2,1.57539,45.21932,365,128.126825581682,52,0.267,12.9,12.05,1138.2,805,829,700,721,13,"GE BrightSpeed Excel"
1313868,5,0.78336,45.31904,174,338.082548173515,64,0.599,29,13,950.2,814,781,708,680,13,"GE BrightSpeed Excel"
1313929,2,6.83271,48.50065,289,227.182858804495,125,0.495,22.5,10.5,956.8,586,564,510,491,13,"GE BrightSpeed Excel"
1313930,10,5.2206,48.24508,337,239.026514950701,165,0.618,19.5,10.35,1024,689,677,600,589,13,"GE BrightSpeed Excel"
1313970,1,6.54807,48.33108,329,184.115018272838,130,0.41,25,10.25,940.2,645,638,561,555,13,"GE BrightSpeed Excel"
1313978,1,-1.8152,46.62183,13,295.014707641857,61,0.558,23.3,13.05,850.6,717,727,624,632,13,"GE BrightSpeed Excel"
1313978,2,-1.8152,46.62183,13,228.259554817787,66,0.469,25,13.05,850.6,786,750,684,653,13,"GE BrightSpeed Excel"
1314021,1,0.16588,48.71007,188,198.112066445626,115,0.437,17.1,10.9,752.7,745,723,648,629,13,"GE BrightSpeed Excel"
1314021,2,0.16588,48.71007,188,200.265458472209,85,0.41,15.5,10.9,752.7,801,779,696,678,13,"GE BrightSpeed Excel"
1314061,12,5.5803,48.39768,386,167.964578073466,105,0.381,17.5,10,998.6,635,638,553,555,13,"GE BrightSpeed Excel"
1314097,10,0.67615,46.34335,77,220.722682724747,80,0.51,28.4,12.65,781,793,782,690,680,13,"GE BrightSpeed Excel"
1314103,3,1.72375,45.61608,466,181.961626246255,77,0.396,23.9,11.1,1306.4,728,713,634,620,13,"GE BrightSpeed Excel"
1314139,11,4.82512,47.85825,331,269.174003322862,130,0.464,21.7,10.5,956.2,718,664,625,577,13,"GE BrightSpeed Excel"
1314253,6,2.25997,47.20115,147,183.038322259546,85,0.409,25,11.85,811.9,678,645,590,561,13,"GE BrightSpeed Excel"
1314478,3,-0.3462,44.93753,4,78.5988089702757,17,0.199,15.8,14,826.7,789,785,687,683,13,"GE BrightSpeed Excel"
1314542,3,0.91764,47.04848,129,139.970481727888,69,0.282,15.1,12.15,728.7,750,720,653,627,13,"GE Revolution EVO"
1314550,19,2.23768,44.98801,571,114.129777408893,34,0.24,13.3,11.1,1203.7,750,727,653,633,13,"GE BrightSpeed Excel"
1314719,4,4.82561,47.30031,371,169.041274086757,116,0.367,16.3,10.95,831.3,810,795,705,692,13,"GE BrightSpeed Excel"
1314763,6,-3.15399,47.95383,93,122.743345515225,29,0.197,11,11.8,1161.6,912,891,794,775,13,"GE BrightSpeed Excel"
1314777,2,-2.46036,47.40767,7,72.138632890527,21,0.173,13.3,12.7,805.1,832,805,724,700,13,"GE BrightSpeed Excel"
1314777,6,-2.46036,47.40767,7,189.498498339295,34,0.41,15.2,12.7,805.1,837,817,728,711,13,"GE BrightSpeed Excel"
1314807,21,1.23827,46.81806,103,293.938011628565,130,0.698,25.3,12.45,757.8,730,702,635,610,13,"GE BrightSpeed Excel"
1314857,15,2.0018,50.48969,151,314.395235881103,139,0.71,28.4,10.45,1080.5,698,700,607,609,13,"GE BrightSpeed Excel"
1314976,2,-0.30764,47.33285,89,86.1356810633158,16,0.136,9.7,12.55,675.8,818,807,711,702,13,"GE BrightSpeed Excel"
1314976,11,-0.30764,47.33285,89,87.2123770766073,23,0.148,8.4,12.55,675.8,803,795,699,692,13,"GE BrightSpeed Excel"
1315074,5,1.24985,43.64278,189,146.430657807637,61,0.364,19.3,13.7,692.4,720,712,626,620,13,"GE BrightSpeed Excel"
1315074,7,1.24985,43.64278,189,1.07669601329145,50,0.313,18.6,13.7,692.4,182,182,159,159,13,"GE BrightSpeed Excel"
1315171,17,2.60577,47.72256,155,175.501450166506,86,0.384,23,11.6,737.7,700,689,609,599,13,"GE BrightSpeed Excel"
1315171,21,2.60577,47.72256,155,131.356913621557,51,0.258,19.9,11.6,737.7,773,754,672,656,13,"GE BrightSpeed Excel"
1315189,8,2.70103,46.06702,686,174.424754153215,56,0.316,21.6,9.55,943,707,679,615,591,13,"GE BrightSpeed Excel"
1315189,14,2.70103,46.06702,686,161.504401993717,51,0.333,17.7,9.55,943,683,638,594,555,13,"GE BrightSpeed Excel"
1315309,3,1.29068,46.81855,105,194.881978405752,54,0.536,19.1,12.4,762.2,808,786,703,684,13,"GE BrightSpeed Excel"
1315309,4,1.29068,46.81855,105,185.191714286129,51,0.38,18.7,12.4,762.2,781,771,679,671,13,"GE BrightSpeed Excel"
1315405,5,-1.40276,47.84287,80,185.191714286129,71,0.326,27,12.05,783.4,692,669,602,582,13,"GE BrightSpeed Excel"
1315477,3,2.97206,47.14545,190,231.489642857661,102,0.567,28,11.8,806.4,675,658,587,573,13,"GE BrightSpeed Excel"
1315486,2,0.52484,43.08476,526,97.9793372095217,55,0.257,11.4,11.95,990,653,660,568,574,13,"GE BrightSpeed Excel"
1315499,7,-2.10892,48.28644,99,292.861315615274,61,0.514,22.2,11.65,793.2,834,793,726,689,13,"GE BrightSpeed Excel"
1315502,9,1.95986,48.58549,121,213.185810631707,89,0.497,22.2,11.4,677,774,763,674,664,13,"GE Revolution EVO"
1315581,1,5.17273,46.86022,192,302.551579734897,114,0.657,28.8,11.8,891,730,707,635,615,13,"GE BrightSpeed Excel"
1315581,4,5.17273,46.86022,192,230.41294684437,119,0.479,27.6,11.8,891,704,686,613,597,13,"GE BrightSpeed Excel"
1315665,15,-1.07894,45.72771,22,158.274313953843,66,0.305,20.9,13.55,819.3,790,762,688,663,13,"GE BrightSpeed Excel"
1315682,6,6.99983,48.85435,250,104.43951328927,32,0.133,14,10.55,881.9,754,737,656,641,13,"GE BrightSpeed Excel"
1315682,13,6.99983,48.85435,250,146.430657807637,28,0.203,16.2,10.55,881.9,717,728,623,633,13,"GE BrightSpeed Excel"
1315724,2,0.65041,45.49707,242,202.418850498792,75,0.441,24,12.55,1006.2,745,725,648,631,13,"GE BrightSpeed Excel"
1315724,7,0.65041,45.49707,242,165.811186046883,70,0.34,19.8,12.55,1006.2,699,700,609,609,13,"GE BrightSpeed Excel"
1315755,8,1.09536,48.47169,203,146.430657807637,96,0.328,23.1,10.9,707,629,615,547,535,13,"GE BrightSpeed Excel"
1315758,9,0.59642,45.58623,211,171.19466611334,86,0.422,21.1,12.6,992.3,789,784,686,682,13,"GE BrightSpeed Excel"
1316079,5,5.52124,47.42726,237,131.356913621557,31,0.275,22.5,11.2,889.4,717,731,624,636,13,"GE BrightSpeed Excel"
1316095,17,2.18406,46.0495,582,142.123873754471,46,0.269,16.4,10.1,951.5,826,807,719,702,13,"GE BrightSpeed Excel"
1316132,8,0.5168,47.2228,81,335.929156146932,120,0.694,25,12.15,738.1,781,757,680,659,13,"GE BrightSpeed Excel"
1316157,6,5.99802,48.18744,399,240.103210963993,185,0.532,28.5,10,988.1,675,662,587,576,13,"GE BrightSpeed Excel"
1316321,15,4.61489,47.32265,493,180.884930232963,128,0.519,23.8,10.35,954.5,734,716,639,623,13,"GE BrightSpeed Excel"
1316449,11,0.94628,44.92534,154,297.16809966844,94,0.664,27.4,13,874.8,682,665,593,579,13,"GE BrightSpeed Excel"
1316492,18,3.99809,47.06324,558,187.345106312712,65,0.405,21,10,1328.6,727,707,633,615,13,"GE BrightSpeed Excel"
1316533,9,-0.07643,48.07576,104,184.115018272838,69,0.455,20,11.8,791.7,851,831,740,723,13,"GE BrightSpeed Excel"
1316533,13,-0.07643,48.07576,104,262.713827243113,128,0.606,24.8,11.8,791.7,730,715,635,622,13,"GE BrightSpeed Excel"
1316590,1,1.20754,47.0337,132,170.117970100049,57,0.345,16,12.15,739.8,682,665,593,578,13,"GE Revolution EVO"
1316857,1,3.34022,47.08885,281,345.619420266555,114,0.617,28.9,11.25,959.3,746,751,649,654,13,"GE BrightSpeed Excel"
1316857,2,3.34022,47.08885,281,259.483739203239,128,0.528,27.4,11.25,959.3,744,712,647,619,13,"GE BrightSpeed Excel"
1316934,5,5.3003,48.2251,285,160.427705980426,117,0.384,17.3,10.5,1001.3,728,742,633,646,13,"GE BrightSpeed Excel"
1317080,9,2.48851,43.99873,333,161.504401993717,42,0.305,23.9,12.65,971,808,855,703,744,13,"GE BrightSpeed Excel"
1317080,10,2.48851,43.99873,333,340.235940200098,86,0.455,21.3,12.65,971,846,823,736,716,13,"GE BrightSpeed Excel"
1317107,5,1.79891,45.7964,592,176.578146179797,64,0.416,13.8,10.55,1301.3,797,755,694,657,13,"GE BrightSpeed Excel"
1317193,8,2.95851,45.97592,650,211.032418605124,67,0.399,17.9,10,855,811,771,706,670,13,"GE BrightSpeed Excel"
1317193,15,2.95851,45.97592,650,195.958674419043,84,0.41,19.1,10,855,790,773,687,672,13,"GE BrightSpeed Excel"
1317312,2,0.27657,43.17015,380,156.12092192726,49,0.272,15.8,12.6,1072,768,767,668,667,13,"GE BrightSpeed Excel"
1317312,6,0.27657,43.17015,380,184.115018272838,55,0.388,25.1,12.6,1072,779,790,677,687,13,"GE BrightSpeed Excel"
1317336,4,-0.12972,46.34669,138,313.318539867811,139,0.787,23.1,12.6,922.9,712,705,619,614,13,"GE BrightSpeed Excel"
1317361,2,-1.91545,47.89736,100,198.112066445626,39,0.307,20.5,12.1,793.9,822,778,715,677,13,"GE BrightSpeed Excel"
1317480,1,2.52276,46.85917,164,143.200569767763,66,0.326,16.4,12.05,773.1,744,742,647,646,13,"GE BrightSpeed Excel"
1317497,6,0.48231,47.45619,77,169.041274086757,65,0.418,11.8,12,735.9,806,796,701,693,13,"GE BrightSpeed Excel"
1317681,11,0.46893,45.56618,130,96.9026411962303,32,0.197,11.6,12.9,890.2,747,725,650,630,13,"GE BrightSpeed Excel"
1317744,1,1.72379,47.91913,115,291.784619601982,126,0.579,20.8,11.65,666.7,758,733,659,638,13,"GE BrightSpeed Excel"
1317744,8,1.72379,47.91913,115,135.663697674722,62,0.305,24.6,11.65,666.7,811,800,706,696,13,"GE BrightSpeed Excel"
1317915,9,1.14062,46.49316,150,187.345106312712,72,0.417,20.4,12.4,821.1,695,693,605,603,13,"GE BrightSpeed Excel"
1317915,11,1.14062,46.49316,150,213.185810631707,92,0.5,19.3,12.4,821.1,785,757,683,659,13,"GE BrightSpeed Excel"
1317932,2,1.56771,47.6124,99,325.162196014017,117,0.491,22.5,11.85,688.5,685,654,596,569,13,"GE BrightSpeed Excel"
1318001,13,3.04358,46.56924,253,239.026514950701,145,0.527,15.7,11.65,794,658,655,572,570,13,"GE BrightSpeed Excel"
1318148,7,0.53105,46.01715,185,130.280217608265,41,0.275,17.5,12.25,936.4,740,738,644,642,13,"GE BrightSpeed Excel"
1318148,12,0.53105,46.01715,185,123.820041528516,41,0.256,15.1,12.25,936.4,747,744,650,647,13,"GE BrightSpeed Excel"
1318266,17,3.41558,45.59458,557,169.041274086757,65,0.336,22.2,10.7,828.6,783,761,681,662,13,"GE BrightSpeed Excel"
1318329,9,4.25234,46.80731,632,216.415898671581,65,0.408,21.1,10.5,999.9,825,799,718,695,13,"GE BrightSpeed Excel"
1318334,4,0.67111,45.65935,242,179.808234219672,54,0.344,22.1,12.35,1068,797,795,693,692,13,"GE BrightSpeed Excel"
1318377,12,2.05843,45.34752,593,86.1356810633158,36,0.184,14.3,10.75,1354.2,701,677,610,589,13,"GE BrightSpeed Excel"
1318377,17,2.05843,45.34752,593,66.7551528240698,35,0.135,13.1,10.75,1354.2,686,620,597,539,13,"GE BrightSpeed Excel"
1318379,9,1.60013,45.27346,342,208.879026578541,100,0.586,27.8,11.95,1223.4,759,744,661,648,13,"GE BrightSpeed Excel"
1318438,1,6.91191,48.78574,278,301.474883721605,136,0.518,22.7,10.45,878.4,644,593,561,516,13,"GE BrightSpeed Excel"
1318481,24,2.23704,45.34783,581,122.743345515225,67,0.234,19,10.75,1183.4,715,692,622,602,13,"GE BrightSpeed Excel"
1318563,11,-0.25125,47.26212,96,131.356913621557,76,0.284,16.9,12.5,679.6,801,790,697,688,13,"GE BrightSpeed Excel"
1318649,7,0.43632,47.25749,84,177.654842193089,20,0.334,14.5,12.15,742.8,828,817,720,711,13,"GE BrightSpeed Excel"
1318659,11,-3.29124,47.73091,27,131.356913621557,50,0.258,17.5,12.55,910.3,789,763,686,664,13,"GE BrightSpeed Excel"
1318673,1,-1.48516,49.35213,11,220.722682724747,63,0.575,16.9,11.65,1042.6,825,838,717,729,13,"GE BrightSpeed Excel"
1318718,6,5.13983,49.25433,275,291.784619601982,89,0.659,20.2,10.2,947.1,740,728,644,633,13,"GE BrightSpeed Excel"
1318768,1,3.53607,46.42115,296,329.468980067183,105,0.584,25,11.75,806.8,715,699,622,608,13,"GE BrightSpeed Excel"
1318768,4,3.53607,46.42115,296,209.955722591832,106,0.364,23.8,11.75,806.8,709,691,617,601,13,"GE BrightSpeed Excel"
1318819,15,0.87606,48.57708,273,291.784619601982,105,0.576,29.6,10.55,808.8,654,640,569,557,13,"GE BrightSpeed Excel"
1318855,4,7.41431,47.79228,231,148.58404983422,129,0.33,21.8,11.15,731.6,737,719,641,626,13,"GE BrightSpeed Excel"
1318882,1,-4.21465,48.06155,91,167.964578073466,35,0.288,10.1,12,1206.4,834,815,726,709,13,"GE BrightSpeed Excel"
1318900,10,4.46767,47.6134,386,172.271362126632,138,0.417,21.5,10.65,932.2,711,680,619,592,13,"GE BrightSpeed Excel"
1318951,18,4.42002,49.79012,258,166.887882060174,120,0.385,18.9,10.05,1053.8,701,682,610,593,13,"GE BrightSpeed Excel"
1319023,4,1.72902,49.78852,205,67.8318488373612,170,0.623,31.5,10.35,888.6,679,676,590,589,13,"GE BrightSpeed Excel"
1319035,2,0.20944,44.9856,74,179.808234219672,67,0.243,15.6,13.45,828.9,709,679,617,591,13,"GE BrightSpeed Excel"
1319051,3,5.19071,49.18121,293,181.961626246255,102,0.751,26.8,10.1,974.7,760,748,661,650,13,"GE BrightSpeed Excel"
1319061,5,2.88461,48.90841,131,161.504401993717,61,0.332,25.3,11.55,693.8,742,724,645,630,13,"GE BrightSpeed Excel"
1319061,8,2.88461,48.90841,131,211.032418605124,63,0.432,26.5,11.55,693.8,747,737,650,641,13,"GE BrightSpeed Excel"
1319093,1,1.16926,45.16182,162,180.884930232963,88,0.374,25.4,12.85,949.6,658,664,573,578,13,"GE BrightSpeed Excel"
1319093,2,1.16926,45.16182,162,275.634179402611,116,0.513,24.5,12.85,949.6,711,697,619,606,13,"GE BrightSpeed Excel"
1319139,2,2.43996,44.70018,432,163.6577940203,67,0.337,17.3,11.95,1159.9,720,710,627,618,13,"GE BrightSpeed Excel"
1319139,4,2.43996,44.70018,432,232.566338870953,82,0.489,19.5,11.95,1159.9,807,771,702,671,13,"GE BrightSpeed Excel"
1319154,2,2.44898,49.21513,59,173.348058139923,64,0.334,17.3,11.65,672.1,807,781,702,679,13,"GE BrightSpeed Excel"
1319154,7,2.44898,49.21513,59,171.19466611334,66,0.32,17.3,11.65,672.1,732,744,637,648,13,"GE BrightSpeed Excel"
1319222,21,5.16801,46.77032,204,299.321491695022,110,0.504,23.4,11.8,946.4,713,659,620,573,13,"GE Revolution EVO"
1319315,20,2.43819,43.71112,472,160.427705980426,63,0.347,19.7,12.1,1240.2,635,644,552,560,13,"GE BrightSpeed Excel"
1319377,7,1.69749,45.66991,523,239.026514950701,63,0.532,23.7,11.05,1271.8,725,727,631,633,13,"GE BrightSpeed Excel"
1319384,1,0.19563,45.34529,99,329.468980067183,117,0.633,24.4,13.1,857.6,751,716,654,623,13,"GE BrightSpeed Excel"
1319384,5,0.19563,45.34529,99,337.005852160223,114,0.655,23.1,13.1,857.6,817,803,711,699,13,"GE BrightSpeed Excel"
1319446,3,-3.19888,48.63673,75,206.725634551958,98,0.438,24.8,11.65,880,829,805,721,700,13,"GE BrightSpeed Excel"
1319458,4,2.07519,47.20088,116,219.645986711455,28,0.411,18.5,12.05,746.3,755,749,657,652,13,"GE BrightSpeed Excel"
1319541,8,-2.48589,47.98331,52,114.129777408893,14,0.166,10.6,11.9,822,827,791,720,688,13,"GE BrightSpeed Excel"
1319628,16,1.35715,46.04535,460,94.7492491696474,55,0.211,16.6,11.25,1225.6,712,692,619,602,13,"GE BrightSpeed Excel"
1319680,5,-2.23922,47.61485,13,214.262506644998,107,0.383,20.5,12.4,944.8,782,788,681,685,13,"GE BrightSpeed Excel"
1319703,17,-0.14976,44.51019,63,109.822993355728,77,0.28,20.7,13.75,828.2,797,794,694,691,13,"GE BrightSpeed Excel"
1319707,1,2.50154,48.49608,77,212.109114618415,50,0.41,25.8,11.7,685.1,683,693,594,603,13,"GE BrightSpeed Excel"
1319707,3,2.50154,48.49608,77,208.879026578541,48,0.43,25.3,11.7,685.1,696,684,605,595,13,"GE BrightSpeed Excel"
1319708,1,3.43345,46.49417,261,101.209425249396,15,0.174,11,11.8,779.8,734,735,638,639,13,"GE BrightSpeed Excel"
1319708,4,3.43345,46.49417,261,107.669601329145,15,0.185,8.9,11.8,779.8,844,819,734,712,13,"GE BrightSpeed Excel"
1319805,10,1.59191,49.67999,232,161.504401993717,58,0.439,19.3,10.5,890.5,741,731,645,636,13,"GE BrightSpeed Excel"
1319993,5,1.9592,48.67538,119,208.879026578541,114,0.447,23.2,11.35,709.4,792,790,689,687,13,"GE BrightSpeed Excel"
1320009,11,1.71543,46.3538,230,114.129777408893,42,0.243,15.6,11.8,886.1,772,757,672,659,13,"GE BrightSpeed Excel"
1320009,16,1.71543,46.3538,230,110.899689369019,45,0.286,18.4,11.8,886.1,656,644,571,560,13,"GE BrightSpeed Excel"
1320040,7,5.236,46.08439,283,221.799378738038,75,0.422,23.5,11.85,1078.9,688,677,599,589,13,"GE BrightSpeed Excel"
1320061,10,4.53649,47.99,308,273.480787376028,112,0.464,21,10.8,911.9,664,654,577,569,13,"GE BrightSpeed Excel"
1320419,2,7.07224,49.04956,242,245.48669103045,125,0.467,26.9,10.6,849.2,744,720,648,626,13,"GE BrightSpeed Excel"
1320419,6,7.07224,49.04956,242,234.719730897536,117,0.506,25.5,10.6,849.2,747,735,650,640,13,"GE BrightSpeed Excel"
1320472,1,1.72978,47.39748,101,133.51030564814,52,0.228,20.6,11.9,739.5,749,770,652,670,13,"GE BrightSpeed Excel"
1320521,1,0.82037,43.03544,446,119.513257475351,33,0.289,18.3,12.4,998.2,917,894,797,778,13,"GE BrightSpeed Excel"
1320566,3,-3.09977,48.20875,199,163.6577940203,66,0.286,10.2,11.3,1036.5,869,822,756,715,13,"GE BrightSpeed Excel"
1320566,8,-3.09977,48.20875,199,274.557483389319,88,0.548,12.8,11.3,1036.5,781,763,679,664,13,"GE BrightSpeed Excel"
1320589,2,1.77711,47.93738,118,128.126825581682,34,0.228,16.1,11.65,676.5,710,678,618,590,13,"GE BrightSpeed Excel"
1320589,14,1.77711,47.93738,118,97.9793372095217,34,0.171,13,11.65,676.5,822,854,715,743,13,"GE BrightSpeed Excel"
1320631,12,2.13478,45.40167,562,254.100259136782,90,0.54,24.3,10.9,1268.2,752,742,654,646,13,"GE BrightSpeed Excel"
1320640,2,0.87858,48.4872,201,227.182858804495,65,0.506,22.6,10.85,784.2,757,746,658,649,13,"GE BrightSpeed Excel"
1320718,2,-0.32213,45.49616,103,143.200569767763,61,0.253,18.6,13.3,859.6,778,776,677,675,13,"GE BrightSpeed Excel"
1320718,16,-0.32213,45.49616,103,195.958674419043,73,0.474,20.6,13.3,859.6,757,731,659,636,13,"GE BrightSpeed Excel"
1320725,13,2.94386,46.98367,184,205.648938538667,95,0.469,23,11.85,801.5,594,578,517,503,13,"GE BrightSpeed Excel"
1320798,12,6.28988,46.34066,437,120.589953488642,89,0.259,21.8,11.15,1027.1,696,656,605,571,13,"GE BrightSpeed Excel"
1320874,1,1.77649,45.47241,532,173.348058139923,54,0.292,18.2,10.95,1357.1,709,692,617,602,13,"GE BrightSpeed Excel"
1320913,2,1.82581,45.67057,653,268.097307309571,73,0.569,26.4,10.3,1395,737,735,641,640,13,"GE BrightSpeed Excel"
1320913,12,1.82581,45.67057,653,227.182858804495,74,0.404,25.4,10.3,1395,780,800,678,696,13,"GE BrightSpeed Excel"
1321027,8,1.99369,47.56047,119,156.12092192726,47,0.3,16.1,11.8,763.7,739,746,643,649,13,"GE BrightSpeed Excel"
1321076,3,0.80239,45.55325,311,63.5250647841954,18,0.121,9.6,12,1132.8,766,753,666,655,13,"GE BrightSpeed Excel"
1321076,22,0.80239,45.55325,311,71.0619368772356,15,0.184,13.1,12,1132.8,740,752,644,654,13,"GE BrightSpeed Excel"
1321079,2,0.62316,45.55065,189,113.053081395602,44,0.204,16,12.65,994.2,684,677,595,589,13,"GE BrightSpeed Excel"
1321079,3,0.62316,45.55065,189,90.4424651164816,45,0.212,18.3,12.65,994.2,695,685,605,596,13,"GE BrightSpeed Excel"
1321084,2,1.24374,46.54819,141,103.362817275979,51,0.272,21,12.4,812.4,696,683,606,594,13,"GE BrightSpeed Excel"
1321084,3,1.24374,46.54819,141,113.053081395602,49,0.251,20.8,12.4,812.4,692,680,602,591,13,"GE BrightSpeed Excel"
1321099,5,3.05698,47.57673,252,263.790523256405,135,0.578,27,11.2,864.1,630,597,548,520,13,"GE BrightSpeed Excel"
1321104,3,1.52738,46.76649,129,175.501450166506,53,0.339,19.5,12.25,788.4,818,814,711,708,13,"GE BrightSpeed Excel"
1321104,8,1.52738,46.76649,129,88.2890730898987,29,0.2,21.6,12.25,788.4,726,721,631,627,13,"GE BrightSpeed Excel"
1321184,9,6.0589,46.00621,719,206.725634551958,58,0.431,23.5,9.75,1273.4,729,718,634,625,13,"GE BrightSpeed Excel"
1321214,11,2.23911,44.1786,407,144.277265781054,28,0.201,15.8,12.75,955.9,689,682,599,593,13,"GE Revolution EVO"
1321214,18,2.23911,44.1786,407,145.353961794345,31,0.227,21.5,12.75,955.9,744,728,647,634,13,"GE Revolution EVO"
1321477,8,0.24155,48.85528,231,282.094355482359,145,0.58,15.9,10.85,839.7,741,734,644,638,13,"GE BrightSpeed Excel"
1321528,3,6.32988,49.36455,222,203.495546512084,33,0.316,18.2,10.6,812.7,795,784,691,682,13,"GE BrightSpeed Excel"
1321528,5,6.32988,49.36455,222,127.050129568391,28,0.157,11.2,10.6,812.7,886,854,770,743,13,"GE BrightSpeed Excel"
1321605,3,0.57597,45.42393,161,73.2153289038184,61,0.14,9,12.8,975.9,790,753,687,655,13,"GE BrightSpeed Excel"
1321605,9,0.57597,45.42393,161,69.9852408639441,47,0.103,8.9,12.8,975.9,854,789,743,686,13,"GE BrightSpeed Excel"
1321704,3,1.08651,45.44882,308,63.5250647841954,25,0.138,17.4,12,1127.2,663,643,576,559,13,"GE BrightSpeed Excel"
1321704,8,1.08651,45.44882,308,92.5958571430645,25,0.172,16.9,12,1127.2,712,677,619,589,13,"GE BrightSpeed Excel"
1321720,1,0.67749,49.70684,96,148.58404983422,192,0.691,21.7,11.05,1008.8,759,754,661,656,13,"GE BrightSpeed Excel"
1321720,11,0.67749,49.70684,96,44.1445365449494,96,0.524,21.6,11.05,1008.8,714,713,621,620,13,"GE BrightSpeed Excel"
1321744,5,2.00868,45.13149,406,139.970481727888,34,0.205,11.8,12.5,1239.6,787,775,685,675,13,"GE BrightSpeed Excel"
1321772,4,0.83052,46.39949,144,165.811186046883,54,0.38,18.9,12.45,786.9,705,711,614,619,13,"GE BrightSpeed Excel"
1321795,3,0.97675,45.75346,284,184.115018272838,55,0.43,26.5,12.1,1046.9,763,766,664,666,13,"GE BrightSpeed Excel"
1321795,4,0.97675,45.75346,284,109.822993355728,57,0.42,24,12.1,1046.9,737,731,641,636,13,"GE BrightSpeed Excel"
1321910,7,4.83356,46.90412,208,226.106162791204,72,0.409,25.6,11.85,738.5,689,697,600,606,13,"GE BrightSpeed Excel"
1321910,12,4.83356,46.90412,208,202.418850498792,78,0.452,29.3,11.85,738.5,621,616,540,536,13,"GE BrightSpeed Excel"
1321966,3,1.18624,46.79956,90,106.592905315853,89,0.272,14.7,12.5,750.1,740,736,644,640,13,"GE BrightSpeed Excel"
1321986,1,5.57667,47.02959,234,211.032418605124,79,0.466,24.4,11.5,1070.7,730,721,635,628,13,"GE BrightSpeed Excel"
1321995,4,-2.1236,48.14179,69,228.259554817787,80,0.386,19,11.8,752.8,789,770,687,670,13,"GE Revolution EVO"
1321995,5,-2.1236,48.14179,69,205.648938538667,75,0.47,15.9,11.8,752.8,811,802,706,698,13,"GE Revolution EVO"
1322038,1,-0.05846,44.72816,92,291.784619601982,78,0.568,25.6,13.55,801.9,811,794,706,691,13,"GE BrightSpeed Excel"
1322065,17,2.26368,44.50235,365,204.572242525375,127,0.398,16.7,12.2,940.3,699,665,608,579,13,"GE BrightSpeed Excel"
1322065,19,2.26368,44.50235,365,247.640083057033,138,0.513,16,12.2,940.3,787,735,685,639,13,"GE BrightSpeed Excel"
1322083,14,5.37356,47.62926,260,229.336250831078,85,0.488,22,10.85,879.5,673,650,585,566,13,"GE BrightSpeed Excel"
1322093,16,2.88109,45.97632,704,228.259554817787,70,0.436,20.5,9.8,840.4,754,766,656,666,13,"GE BrightSpeed Excel"
1322144,11,0.67293,43.05122,526,103.362817275979,62,0.271,18,11.95,895.2,938,902,816,785,13,"GE BrightSpeed Excel"
1322148,5,1.16547,45.34171,266,281.017659469068,114,0.723,23.1,12.45,1075.8,720,694,626,604,13,"GE BrightSpeed Excel"
1322167,2,-0.30494,45.13652,62,127.050129568391,42,0.357,16.7,13.45,861.2,621,626,540,545,13,"GE BrightSpeed Excel"
1322191,5,1.67958,49.3212,102,191.651890365878,131,0.58,21,11.25,746.3,714,711,621,619,13,"GE BrightSpeed Excel"
1322191,7,1.67958,49.3212,102,205.648938538667,73,0.403,23.5,11.25,746.3,825,820,717,713,13,"GE BrightSpeed Excel"
1322224,8,2.06899,48.44195,140,213.185810631707,95,0.46,27.4,11.4,671.1,775,754,674,656,13,"GE BrightSpeed Excel"
1322259,1,-0.78301,43.6842,106,239.026514950701,32,0.487,17.8,14.25,1187.9,729,717,634,623,13,"GE BrightSpeed Excel"
1322259,7,-0.78301,43.6842,106,216.415898671581,26,0.437,21.8,14.25,1187.9,892,887,776,771,13,"GE BrightSpeed Excel"
1322300,2,0.28679,44.95107,100,151.814137874094,59,0.327,17.9,13.3,849.4,836,828,728,720,13,"GE BrightSpeed Excel"
1322300,3,0.28679,44.95107,100,164.734490033591,59,0.309,18.2,13.3,849.4,845,817,735,711,13,"GE BrightSpeed Excel"
1322313,1,5.34318,46.62179,197,174.424754153215,123,0.387,25.1,11.9,1099,730,706,635,614,13,"GE BrightSpeed Excel"
1322382,3,4.66628,49.71377,253,191.651890365878,120,0.451,15.4,10.2,1017.3,725,699,630,608,13,"GE BrightSpeed Excel"
1322465,4,1.36987,45.32568,261,318.702019934269,80,0.615,28.7,12.25,1077.1,648,630,563,548,13,"GE BrightSpeed Excel"
1322465,11,1.36987,45.32568,261,175.501450166506,64,0.356,22.5,12.25,1077.1,714,688,621,599,13,"GE BrightSpeed Excel"
1322620,6,4.15159,47.70873,246,131.356913621557,77,0.305,19,11.35,853.4,757,738,658,642,13,"GE BrightSpeed Excel"
1322620,20,4.15159,47.70873,246,197.035370432335,103,0.319,19.5,11.35,853.4,732,726,637,631,13,"GE BrightSpeed Excel"
1322679,2,2.94441,49.3574,71,275.634179402611,138,0.577,32.2,11.3,711.6,716,715,623,622,13,"GE BrightSpeed Excel"
1322861,11,1.77484,45.63434,598,173.348058139923,109,0.437,27.1,10.55,1376,766,753,667,655,13,"GE BrightSpeed Excel"
1322867,10,1.83011,45.20278,444,231.489642857661,96,0.523,26.6,11.5,1274.2,709,684,617,595,13,"GE BrightSpeed Excel"
1322919,4,4.56654,49.96716,334,213.185810631707,75,0.436,25.6,9.65,1147.9,734,727,639,632,13,"GE BrightSpeed Excel"
1323004,3,6.00231,47.86322,238,158.274313953843,25,0.172,17.9,10.85,936.6,790,800,687,696,13,"GE BrightSpeed Excel"
1323004,11,6.00231,47.86322,238,137.817089701305,21,0.167,17.5,10.85,936.6,722,726,628,632,13,"GE BrightSpeed Excel"
1323039,11,1.8784,48.60318,161,218.569290698164,109,0.437,23.8,11.25,697.2,673,674,586,586,13,"GE BrightSpeed Excel"
1323039,16,1.8784,48.60318,161,227.182858804495,112,0.477,27.9,11.25,697.2,815,813,709,707,13,"GE BrightSpeed Excel"
1323102,11,3.59285,47.75208,102,101.209425249396,35,0.332,20.5,11.8,706.1,730,726,635,631,13,"GE BrightSpeed Excel"
1323110,1,1.68663,48.76409,129,369.306732558967,175,0.772,17.9,11.25,655.1,641,596,558,519,13,"GE BrightSpeed Excel"
1323114,12,2.28859,44.75418,447,232.566338870953,112,0.469,22.4,11.8,1187,763,734,663,639,13,"GE BrightSpeed Excel"
1323143,2,0.42669,47.52727,87,159.351009967134,52,0.404,22.4,12,737.8,814,797,708,694,13,"GE BrightSpeed Excel"
1323143,6,0.42669,47.52727,87,191.651890365878,106,0.477,25.9,12,737.8,766,758,667,660,13,"GE BrightSpeed Excel"
1323373,1,4.55475,49.6979,283,287.477835548817,160,0.667,28,10,1072.8,761,745,662,648,13,"GE BrightSpeed Excel"
1323424,7,0.13656,46.19016,140,62.448368770904,24,0.112,11,12.5,832.5,809,796,703,692,13,"GE BrightSpeed Excel"
1323442,6,-0.97273,45.24467,18,102.286121262688,22,0.288,10.9,13.6,892.9,733,731,637,636,13,"GE BrightSpeed Excel"
1323447,4,1.09714,46.11478,248,128.126825581682,25,0.21,15.7,12.05,949.9,725,722,631,628,13,"GE BrightSpeed Excel"
1323599,4,0.85745,45.41003,204,197.035370432335,71,0.405,19.3,12.65,996.2,716,697,623,606,13,"GE BrightSpeed Excel"
1323599,5,0.85745,45.41003,204,134.587001661431,73,0.263,17.2,12.65,996.2,698,683,607,594,13,"GE BrightSpeed Excel"
1323748,1,0.30735,45.77935,109,124.896737541808,50,0.294,16.2,12.95,851.1,852,822,741,716,13,"GE BrightSpeed Excel"
1323769,20,3.73853,49.22496,138,73.2153289038184,30,0.185,14.3,10.85,774.1,776,767,675,667,13,"GE BrightSpeed Excel"
1323808,5,1.49192,44.01353,148,225.029466777913,26,0.408,10.8,13.7,770.6,751,746,653,649,13,"GE BrightSpeed Excel"
1323900,9,6.00706,47.16073,396,271.327395349445,123,0.488,24.2,10.55,1255.7,739,724,643,630,13,"GE BrightSpeed Excel"
1323905,1,3.60536,49.38818,77,239.026514950701,80,0.449,24.7,11.25,719.2,764,718,665,625,13,"GE BrightSpeed Excel"
1323918,4,-0.03565,48.95798,68,177.654842193089,65,0.426,18.3,11.5,666.6,717,705,624,613,13,"GE BrightSpeed Excel"
1324000,14,-3.51304,48.04461,128,281.017659469068,245,0.432,24.5,11.65,1266.9,831,828,723,720,13,"GE BrightSpeed Excel"
1324000,20,-3.51304,48.04461,128,251.946867110199,90,0.5,22,11.65,1266.9,823,800,716,696,13,"GE BrightSpeed Excel"
1324010,3,3.26241,45.63194,688,268.097307309571,150,0.422,16.5,10.6,787.7,668,594,582,517,13,"GE BrightSpeed Excel"
1324011,14,5.74098,48.37516,358,187.345106312712,145,0.441,21.4,10.2,932.9,694,677,604,589,13,"GE BrightSpeed Excel"
1324013,1,0.21716,47.45164,84,151.814137874094,59,0.395,24,12.1,730.6,806,777,702,676,13,"GE BrightSpeed Excel"
1324013,6,0.21716,47.45164,84,225.029466777913,72,0.458,23,12.1,730.6,805,791,700,688,13,"GE BrightSpeed Excel"
1324046,11,1.88754,47.54212,98,160.427705980426,72,0.385,23.9,11.85,748.3,802,799,698,696,13,"GE BrightSpeed Excel"
1324046,13,1.88754,47.54212,98,220.722682724747,95,0.443,21.8,11.85,748.3,709,694,616,604,13,"GE BrightSpeed Excel"
1324105,3,6.44491,47.70439,304,288.554531562108,169,0.706,31.7,10.9,1118.4,688,666,598,580,13,"GE BrightSpeed Excel"
1324155,5,0.93504,47.39058,103,243.333299003867,152,0.532,22.8,12.1,688.6,706,688,614,598,13,"GE Revolution EVO"
1324301,1,1.23172,49.6952,134,264.867219269696,93,0.628,26,10.8,973.2,784,784,682,682,13,"GE BrightSpeed Excel"
1324301,7,1.23172,49.6952,134,303.628275748188,101,0.695,25.5,10.8,973.2,744,744,647,648,13,"GE BrightSpeed Excel"
1324311,10,1.07386,47.12228,132,214.262506644998,54,0.408,18.5,12.1,723.7,673,679,585,590,13,"GE BrightSpeed Excel"
1324317,1,2.33908,44.5923,420,183.038322259546,89,0.386,18.5,11.95,1062.1,807,790,702,687,13,"GE BrightSpeed Excel"
1324317,2,2.33908,44.5923,420,235.796426910827,98,0.503,18.9,11.95,1062.1,760,729,661,634,13,"GE BrightSpeed Excel"
1324399,18,-0.32516,46.09021,73,97.9793372095217,25,0.163,13.7,12.9,847.8,770,766,669,667,13,"GE BrightSpeed Excel"
1324403,5,1.35876,45.95539,377,239.026514950701,69,0.37,25.5,11.25,1223.4,721,695,627,605,13,"GE BrightSpeed Excel"
1324403,8,1.35876,45.95539,377,197.035370432335,67,0.421,25.5,11.25,1223.4,716,689,623,599,13,"GE BrightSpeed Excel"
1324527,3,2.74529,48.53145,92,206.725634551958,99,0.618,32,11.65,698.4,661,651,575,566,13,"GE BrightSpeed Excel"
1324606,4,0.12196,46.54989,138,281.017659469068,80,0.617,22.4,12.3,777.5,750,727,652,633,13,"GE BrightSpeed Excel"
1324631,4,-0.33148,43.57036,162,171.19466611334,76,0.285,24.4,13.85,1068,723,688,629,599,13,"GE BrightSpeed Excel"
1324631,10,-0.33148,43.57036,162,156.12092192726,58,0.377,28.2,13.85,1068,723,711,629,619,13,"GE BrightSpeed Excel"
1324633,2,5.88721,47.34458,267,193.805282392461,65,0.298,20.5,11.15,1058.9,783,727,681,632,13,"GE BrightSpeed Excel"
1324667,6,1.86305,47.30815,121,151.814137874094,42,0.279,20.7,11.95,745.9,721,693,627,603,13,"GE BrightSpeed Excel"
1324845,7,2.26344,44.68222,370,122.743345515225,68,0.169,11.5,12.6,1084.2,862,810,750,705,13,"GE BrightSpeed Excel"
1324905,8,3.40655,50.41372,20,128.126825581682,125,0.392,22.1,11.25,736.3,669,660,582,575,13,"GE BrightSpeed Excel"
1324905,12,3.40655,50.41372,20,276.710875415902,120,0.528,27,11.25,736.3,701,694,610,604,13,"GE BrightSpeed Excel"
1324935,10,2.31328,46.04961,437,133.51030564814,93,0.304,17.5,10.75,891.9,757,731,658,636,13,"GE BrightSpeed Excel"
1325047,5,-2.01034,48.074,79,212.109114618415,53,0.36,22,11.8,785.7,890,894,774,778,13,"GE Revolution EVO"
1325047,13,-2.01034,48.074,79,232.566338870953,57,0.383,19.2,11.8,785.7,850,818,739,712,13,"GE Revolution EVO"
1325154,1,1.26555,46.76434,109,148.58404983422,61,0.3,17.4,12.45,753.4,715,690,622,601,13,"GE BrightSpeed Excel"
1325307,3,6.51778,49.30418,211,145.353961794345,26,0.208,19,10.7,790,699,704,608,612,13,"GE BrightSpeed Excel"
1325319,5,-0.85365,47.60714,45,184.115018272838,65,0.389,16,12.35,711.6,809,790,704,688,13,"GE BrightSpeed Excel"
1325319,7,-0.85365,47.60714,45,152.890833887386,66,0.333,17.3,12.35,711.6,707,688,615,598,13,"GE BrightSpeed Excel"
1325418,11,4.64039,48.5277,126,200.265458472209,54,0.461,31,11.45,782.4,678,669,590,582,13,"GE BrightSpeed Excel"
1325446,22,6.1949,47.56887,362,273.480787376028,135,0.604,30.3,10.75,1110,733,715,638,622,13,"GE BrightSpeed Excel"
1325453,3,-0.06571,43.72048,112,180.884930232963,84,0.428,19.8,14,921.5,764,730,665,636,13,"GE BrightSpeed Excel"
1325487,3,5.34818,46.7117,199,189.498498339295,31,0.324,24.7,11.9,1062,701,693,610,603,13,"GE Revolution EVO"
1325487,13,5.34818,46.7117,199,128.126825581682,30,0.205,20,11.9,1062,775,758,674,660,13,"GE Revolution EVO"
1325503,2,1.63609,46.46131,258,172.271362126632,79,0.267,21.4,11.85,867.5,707,686,615,597,13,"GE BrightSpeed Excel"
1325503,8,1.63609,46.46131,258,135.663697674722,80,0.288,24.7,11.85,867.5,739,734,643,638,13,"GE BrightSpeed Excel"
1325672,1,3.10621,49.14083,95,194.881978405752,83,0.45,22.2,11.3,735.3,775,748,674,651,13,"GE BrightSpeed Excel"
1325712,2,4.05845,48.12392,160,191.651890365878,44,0.477,26.8,11.2,785,690,681,600,592,13,"GE BrightSpeed Excel"
1325712,4,4.05845,48.12392,160,345.619420266555,108,0.641,29.2,11.2,785,646,644,562,560,13,"GE BrightSpeed Excel"
1325718,6,0.67396,46.41531,104,209.955722591832,45,0.39,20.5,12.45,772.4,837,867,728,754,13,"GE BrightSpeed Excel"
1325808,11,1.22342,47.53765,94,262.713827243113,152,0.577,31.8,12.05,685.2,643,601,559,523,13,"GE BrightSpeed Excel"
1325813,2,3.4149,46.87224,218,186.26841029942,135,0.41,24.2,11.75,897.7,762,726,663,632,13,"GE BrightSpeed Excel"
1325858,6,2.59112,44.66396,407,116.283169435476,24,0.24,12.4,12.6,1098.4,780,761,678,662,13,"GE BrightSpeed Excel"
1325910,1,4.76809,46.6175,205,345.619420266555,79,0.574,25.5,11.85,806.9,692,699,602,608,13,"GE BrightSpeed Excel"
1325910,2,4.76809,46.6175,205,230.41294684437,83,0.426,24.5,11.85,806.9,733,736,638,640,13,"GE BrightSpeed Excel"
1325955,9,3.7385,50.23088,152,169.041274086757,96,0.364,27,10.6,858.9,688,680,598,591,13,"GE BrightSpeed Excel"
1325955,12,3.7385,50.23088,152,203.495546512084,90,0.46,26.3,10.6,858.9,703,681,611,592,13,"GE BrightSpeed Excel"
1326097,9,2.56874,45.34763,578,225.029466777913,89,0.383,23.4,10.9,1073.2,698,627,607,546,13,"GE BrightSpeed Excel"
1326133,4,2.6798,46.80483,212,311.165147841228,120,0.641,28.2,11.95,776.5,668,669,581,582,13,"GE BrightSpeed Excel"
1326165,2,6.9925,47.55762,388,244.409995017159,106,0.487,29.1,10.5,1020.4,748,739,651,643,13,"GE BrightSpeed Excel"
1326171,2,1.55901,46.38883,321,71.0619368772356,20,0.175,11.5,11.6,952.8,798,773,694,672,13,"GE BrightSpeed Excel"
1326171,6,1.55901,46.38883,321,85.0589850500244,21,0.169,10.1,11.6,952.8,775,744,674,648,13,"GE BrightSpeed Excel"
1326221,6,5.26955,46.22757,241,215.33920265829,71,0.386,25.5,11.8,1104.9,731,704,636,612,13,"GE BrightSpeed Excel"
1326314,2,2.23654,45.61772,695,135.663697674722,42,0.276,19.4,9.55,1145.1,711,708,618,616,13,"GE BrightSpeed Excel"
1326314,5,2.23654,45.61772,695,237.94981893741,79,0.48,19.6,9.55,1145.1,728,702,633,611,13,"GE BrightSpeed Excel"
1326382,7,0.07835,48.22277,82,138.893785714597,68,0.31,20.6,11.75,713.2,782,777,680,676,13,"GE BrightSpeed Excel"
1326382,9,0.07835,48.22277,82,219.645986711455,62,0.398,21,11.75,713.2,747,750,650,652,13,"GE BrightSpeed Excel"
1326523,5,0.41042,47.97683,84,111.976385382311,30,0.273,18.6,11.9,715.7,758,728,660,633,13,"GE BrightSpeed Excel"
1326763,7,3.35213,47.71845,232,221.799378738038,67,0.388,24.6,11.2,810.1,713,704,620,613,13,"GE BrightSpeed Excel"
1326763,21,3.35213,47.71845,232,194.881978405752,62,0.366,25,11.2,810.1,849,812,739,706,13,"GE BrightSpeed Excel"
1326789,6,1.75588,47.43359,109,360.693164452635,112,0.748,24,11.85,746.8,673,642,585,558,13,"GE BrightSpeed Excel"
1326850,5,1.54104,49.39223,140,241.179906977284,95,0.536,30.8,10.95,854.7,717,723,624,629,13,"GE BrightSpeed Excel"
1326863,7,4.16649,48.14028,148,318.702019934269,89,0.792,34,11.3,759.4,673,662,586,576,13,"GE BrightSpeed Excel"
1326899,6,5.77521,48.89602,230,219.645986711455,131,0.414,21,10.6,789.7,743,709,646,617,13,"GE BrightSpeed Excel"
1326899,11,5.77521,48.89602,230,191.651890365878,98,0.397,21.7,10.6,789.7,728,709,633,617,13,"GE BrightSpeed Excel"
1326949,4,0.20088,46.5334,149,212.109114618415,95,0.407,25.6,12.3,773.9,761,738,662,642,13,"GE BrightSpeed Excel"
1327207,4,1.87789,45.58083,681,81.82889701015,31,0.2,17.2,9.95,1516.7,782,772,681,672,13,"GE BrightSpeed Excel"
1327207,6,1.87789,45.58083,681,108.746297342436,33,0.236,17.8,9.95,1516.7,766,743,666,646,13,"GE BrightSpeed Excel"
1327235,3,3.14328,48.00788,181,275.634179402611,139,0.576,23.8,11.4,759.7,624,606,543,527,13,"GE BrightSpeed Excel"
1327235,10,3.14328,48.00788,181,297.16809966844,110,0.625,28.2,11.4,759.7,722,701,628,609,13,"GE BrightSpeed Excel"
1327246,15,0.79373,48.612,253,230.41294684437,68,0.539,21.2,10.6,808.3,699,687,608,598,13,"GE BrightSpeed Excel"
1327279,1,5.36244,49.30287,290,176.578146179797,79,0.31,15.9,10.05,927.1,732,708,637,616,13,"GE BrightSpeed Excel"
1327309,3,2.89785,47.61359,186,216.415898671581,82,0.471,25,11.45,777.1,756,745,658,648,13,"GE BrightSpeed Excel"
1327333,1,0.11024,44.92966,50,71.0619368772356,23,0.138,7.5,13.55,820.5,824,816,717,710,13,"GE BrightSpeed Excel"
1327335,1,1.99253,47.74036,107,66.7551528240698,15,0.139,7.5,11.8,749.5,717,696,623,606,13,"GE BrightSpeed Excel"
1327335,2,1.99253,47.74036,107,45.2212325582408,12,0.08,6.4,11.8,749.5,750,744,653,647,13,"GE BrightSpeed Excel"
1327437,14,3.62745,49.17229,220,341.312636213389,158,0.676,23.7,10.55,768.1,751,718,653,625,13,"GE BrightSpeed Excel"
1327471,3,1.235,43.13036,381,130.280217608265,30,0.226,19,12.75,889.7,846,882,736,767,13,"GE BrightSpeed Excel"
1327497,14,0.64882,47.22481,102,128.126825581682,69,0.26,17.2,12.15,728.4,619,611,538,531,13,"GE BrightSpeed Excel"
1327519,3,4.27592,48.19249,152,324.085500000726,86,0.704,28.8,11.35,765.8,728,726,633,632,13,"GE BrightSpeed Excel"
1327587,2,2.80705,49.37598,36,233.643034884244,87,0.447,24.6,11.5,643.1,831,801,723,697,13,"GE BrightSpeed Excel"
1327598,1,4.29056,45.69072,368,169.041274086757,83,0.376,18,12.05,707,728,711,633,619,13,"GE BrightSpeed Excel"
1327598,10,4.29056,45.69072,368,211.032418605124,76,0.38,18.6,12.05,707,746,738,649,642,13,"GE BrightSpeed Excel"
1327685,3,2.6604,47.93827,96,189.498498339295,52,0.393,23.2,11.75,676.9,857,841,746,731,13,"GE BrightSpeed Excel"
1327685,9,2.6604,47.93827,96,184.115018272838,46,0.366,21.2,11.75,676.9,754,743,656,646,13,"GE BrightSpeed Excel"
1327700,11,1.97905,49.73564,177,194.881978405752,109,0.6,27,10.55,807.5,768,757,668,659,13,"GE BrightSpeed Excel"
1327805,12,2.54335,45.38367,528,178.73153820638,52,0.331,22.9,11.05,1063.9,772,755,672,657,13,"GE BrightSpeed Excel"
1327819,8,1.66723,46.04762,446,237.94981893741,92,0.515,27.7,10.95,1076.8,689,688,600,599,13,"GE BrightSpeed Excel"
1327930,23,0.72491,46.45204,146,178.73153820638,54,0.341,21.3,12.4,784.2,716,709,623,617,13,"GE BrightSpeed Excel"
1327986,8,2.02972,45.92323,552,249.793475083616,91,0.541,25.9,10.35,1149.3,759,746,661,649,13,"GE BrightSpeed Excel"
1327986,10,2.02972,45.92323,552,233.643034884244,93,0.429,26.3,10.35,1149.3,716,708,623,616,13,"GE BrightSpeed Excel"
1328022,1,3.60758,49.47799,172,203.495546512084,105,0.361,20.7,10.75,738.5,648,645,564,561,13,"GE BrightSpeed Excel"
1328045,2,-1.02106,47.72845,86,149.660745847511,83,0.365,23.1,12.1,754.5,706,701,614,610,13,"GE BrightSpeed Excel"
1328045,6,-1.02106,47.72845,86,212.109114618415,80,0.477,26.3,12.1,754.5,769,756,669,658,13,"GE BrightSpeed Excel"
1328199,5,-0.57209,47.32649,81,176.578146179797,94,0.398,20.4,12.6,674.6,714,682,621,593,13,"GE BrightSpeed Excel"
1328253,5,5.58627,47.62351,244,232.566338870953,125,0.448,29.5,10.85,931.9,701,669,610,582,13,"GE BrightSpeed Excel"
1328274,12,1.02366,49.17205,140,256.253651163365,103,0.504,27.9,11.15,773.1,720,725,627,631,13,"GE BrightSpeed Excel"
1328307,4,2.8152,44.33946,847,156.12092192726,61,0.328,22.5,9.75,1020.6,691,683,601,594,13,"GE BrightSpeed Excel"
1328307,11,2.8152,44.33946,847,165.811186046883,59,0.307,22,9.75,1020.6,710,700,618,609,13,"GE BrightSpeed Excel"
1328310,5,1.51645,47.48612,91,243.333299003867,113,0.482,23.6,11.95,701.1,754,730,656,635,13,"GE BrightSpeed Excel"
1328353,15,3.51484,47.84284,135,194.881978405752,73,0.436,27.3,11.75,698.1,804,803,699,699,13,"GE BrightSpeed Excel"
1328429,8,3.32188,48.95952,183,211.032418605124,127,0.437,24.7,10.95,752.7,778,728,677,633,13,"GE BrightSpeed Excel"
1328445,4,3.61852,48.81289,200,161.504401993717,105,0.428,24.1,10.95,764,737,725,641,631,13,"GE BrightSpeed Excel"
1328445,8,3.61852,48.81289,200,125.973433555099,60,0.251,22.2,10.95,764,713,727,620,633,13,"GE BrightSpeed Excel"
1328473,1,3.27841,49.57084,66,218.569290698164,67,0.501,28.3,11.2,694.6,701,687,610,597,13,"GE BrightSpeed Excel"
1328474,4,4.3936,47.07484,435,163.6577940203,114,0.383,21,10.7,844.7,792,770,689,670,13,"GE BrightSpeed Excel"
1328494,19,2.23601,45.90561,630,211.032418605124,107,0.424,26.4,9.9,975.9,732,723,637,629,13,"GE BrightSpeed Excel"
1328674,5,1.21795,45.27028,189,311.165147841228,135,0.47,25,12.5,1007,689,687,600,598,13,"GE BrightSpeed Excel"
1328674,10,1.21795,45.27028,189,343.466028239972,150,0.725,33.5,12.5,1007,728,705,634,613,13,"GE BrightSpeed Excel"
1328687,9,-1.0075,49.20451,34,155.044225913968,54,0.299,14.8,11.55,922.8,856,881,745,766,13,"GE BrightSpeed Excel"
1328687,12,-1.0075,49.20451,34,186.26841029942,59,0.389,15.4,11.55,922.8,687,688,597,598,13,"GE BrightSpeed Excel"
1328690,7,-0.14095,46.02239,110,95.8259451829389,68,0.237,19.5,12.6,888.7,811,792,705,689,13,"GE BrightSpeed Excel"
1328690,9,-0.14095,46.02239,110,106.592905315853,62,0.172,15.7,12.6,888.7,847,811,737,705,13,"GE BrightSpeed Excel"
1328693,1,-1.12373,47.25726,106,144.277265781054,29,0.344,18.1,12.35,850.4,724,711,630,619,13,"GE BrightSpeed Excel"
1328693,6,-1.12373,47.25726,106,67.8318488373612,17,0.155,11.7,12.35,850.4,771,756,670,658,13,"GE BrightSpeed Excel"
1328770,9,1.41834,43.94101,181,157.197617940551,42,0.322,20.9,13.7,746.3,925,914,805,795,13,"GE BrightSpeed Excel"
1328906,6,2.54097,44.73602,577,85.0589850500244,31,0.187,7.9,11.35,1156.5,750,738,653,642,13,"GE BrightSpeed Excel"
1328974,16,5.39506,46.15222,323,263.790523256405,46,0.517,20.5,11.7,1298,732,723,637,629,13,"GE BrightSpeed Excel"
1329036,3,-1.39777,47.01456,38,63.5250647841954,28,0.166,15.5,12.65,815.2,760,749,661,652,13,"GE BrightSpeed Excel"
1329036,20,-1.39777,47.01456,38,81.82889701015,29,0.156,17.2,12.65,815.2,738,714,642,621,13,"GE BrightSpeed Excel"
1329081,6,0.74989,46.48838,148,133.51030564814,30,0.298,21,12.35,787.7,756,738,658,642,13,"GE BrightSpeed Excel"
1329164,2,0.18734,46.87515,82,201.342154485501,88,0.428,25.4,12.45,650.1,666,659,579,573,13,"GE BrightSpeed Excel"
1329164,10,0.18734,46.87515,82,216.415898671581,72,0.448,23.3,12.45,650.1,660,646,574,562,13,"GE BrightSpeed Excel"
1329212,8,0.05225,45.10845,50,149.660745847511,98,0.379,20.6,13.4,850.9,791,788,688,686,13,"GE BrightSpeed Excel"
1329218,6,2.41608,45.65372,770,327.3155880406,66,0.629,23.6,9.6,1149,716,727,623,633,13,"GE BrightSpeed Excel"
1329329,2,2.15444,47.18304,113,116.283169435476,27,0.281,16.7,12.1,753.8,785,739,683,643,13,"GE BrightSpeed Excel"
1329329,3,2.15444,47.18304,113,128.126825581682,26,0.264,17,12.1,753.8,774,765,673,666,13,"GE BrightSpeed Excel"
1329333,15,1.55294,43.20503,320,235.796426910827,82,0.501,23,13.25,786.4,697,698,606,607,13,"GE BrightSpeed Excel"
1329367,2,4.60832,47.79069,315,222.87607475133,164,0.454,17.8,10.7,889,726,696,632,605,13,"GE BrightSpeed Excel"
1329489,6,5.63697,49.29564,243,195.958674419043,108,0.384,23,10.45,822.9,793,779,690,678,13,"GE BrightSpeed Excel"
1329489,15,5.63697,49.29564,243,220.722682724747,116,0.396,24.1,10.45,822.9,772,741,672,644,13,"GE BrightSpeed Excel"
1329502,1,2.10638,46.08536,462,116.283169435476,51,0.267,13.4,10.8,938.3,728,699,633,608,13,"GE BrightSpeed Excel"
1329502,13,2.10638,46.08536,462,90.4424651164816,51,0.233,13,10.8,938.3,702,696,611,606,13,"GE BrightSpeed Excel"
1329544,18,-4.00938,48.14503,111,157.197617940551,39,0.311,21.6,11.8,1330.7,723,697,629,606,13,"GE BrightSpeed Excel"
1329669,10,-0.32395,43.40869,267,69.9852408639441,10,0.168,14.2,13.35,1191.5,791,773,688,673,13,"GE BrightSpeed Excel"
1329702,15,-0.00171,43.9737,158,251.946867110199,107,0.588,31.3,13.45,907.7,813,826,708,718,13,"GE Revolution EVO"
1329703,11,2.60668,47.90243,101,180.884930232963,94,0.427,24.4,11.7,693.2,776,757,675,659,13,"GE BrightSpeed Excel"
1329707,2,1.20083,49.8386,130,149.660745847511,105,0.416,20.5,11.1,938.6,874,860,760,748,13,"GE BrightSpeed Excel"
1329707,5,1.20083,49.8386,130,51.6814086379895,170,0.657,24.4,11.1,938.6,650,651,566,566,13,"GE BrightSpeed Excel"
1329862,2,-3.90436,48.16871,66,178.73153820638,51,0.324,20.7,11.9,1236.5,822,804,715,700,13,"GE BrightSpeed Excel"
1329925,3,0.00125,43.90181,120,227.182858804495,102,0.498,26.8,13.6,897.2,745,736,648,640,13,"GE BrightSpeed Excel"
1329944,17,-0.29683,43.3554,281,174.424754153215,37,0.369,23.8,13.4,1216.1,836,827,727,719,13,"GE BrightSpeed Excel"
1330062,4,2.31335,45.86967,696,178.73153820638,67,0.478,21.6,9.7,958.5,749,738,652,642,13,"GE BrightSpeed Excel"
1330082,9,5.12156,48.4094,271,116.283169435476,105,0.314,16.5,10.6,1001,792,770,689,670,13,"GE BrightSpeed Excel"
1330082,11,5.12156,48.4094,271,185.191714286129,95,0.387,18,10.6,1001,729,706,634,614,13,"GE BrightSpeed Excel"
1330106,18,5.24163,47.16457,203,198.112066445626,65,0.284,25,11.55,829.9,751,743,653,647,13,"GE BrightSpeed Excel"
1330351,6,-0.37875,47.16918,59,95.8259451829389,37,0.186,14.9,12.7,633.4,746,729,649,634,13,"GE BrightSpeed Excel"
1330351,12,-0.37875,47.16918,59,63.5250647841954,36,0.154,12.9,12.7,633.4,749,714,651,621,13,"GE BrightSpeed Excel"
1330391,10,-0.03934,44.87255,46,219.645986711455,63,0.433,28.2,13.65,828.2,759,774,661,674,13,"GE BrightSpeed Excel"
1330447,8,1.40699,46.15374,340,120.589953488642,49,0.281,20.4,11.55,1057.9,741,741,644,645,13,"GE BrightSpeed Excel"
1330447,14,1.40699,46.15374,340,144.277265781054,53,0.271,20.7,11.55,1057.9,698,704,607,613,13,"GE BrightSpeed Excel"
1330506,10,0.40195,46.01501,168,228.259554817787,45,0.412,19.3,12.25,941.5,762,745,663,648,13,"GE BrightSpeed Excel"
1330523,18,0.26621,43.4576,237,239.026514950701,68,0.363,23,13.5,894.1,787,807,685,702,13,"GE BrightSpeed Excel"
1330572,12,6.36649,49.12943,220,187.345106312712,77,0.427,24.6,10.65,794.4,758,749,659,652,13,"GE BrightSpeed Excel"
1330596,20,1.28153,47.28631,123,169.041274086757,65,0.355,21.7,11.9,741,784,777,682,676,13,"GE BrightSpeed Excel"
1330700,5,3.62258,47.87768,138,130.280217608265,38,0.247,22,11.75,716.2,704,711,612,619,13,"GE BrightSpeed Excel"
1330719,9,6.62693,48.63434,261,139.970481727888,89,0.253,23.8,10.5,822.4,647,607,563,528,13,"GE BrightSpeed Excel"
1330719,11,6.62693,48.63434,261,241.179906977284,101,0.574,28,10.5,822.4,660,655,575,569,13,"GE BrightSpeed Excel"
1330756,1,-1.08962,43.42303,102,71.0619368772356,9,0.12,7.3,14.25,1379.2,716,710,623,618,13,"GE BrightSpeed Excel"
1330756,2,-1.08962,43.42303,102,99.0560332228132,21,0.182,11.6,14.25,1379.2,742,742,645,646,13,"GE BrightSpeed Excel"
1330816,5,3.32662,46.35119,227,161.504401993717,26,0.367,16,12.2,708.2,775,762,674,663,13,"GE BrightSpeed Excel"
1330872,5,-0.7442,45.7194,34,37.6843604652007,13,0.1,7.2,13.3,909.6,762,752,663,655,13,"GE BrightSpeed Excel"
1330900,10,5.92921,47.1812,250,246.563387043742,145,0.483,26.5,11.35,1138.8,699,679,608,591,13,"GE BrightSpeed Excel"
1330907,4,1.74201,43.92528,220,163.6577940203,103,0.384,19.9,13.4,777.7,734,731,638,636,13,"GE Revolution EVO"
1330945,17,0.8702,47.82159,147,314.395235881103,119,0.615,23.4,11.7,704.9,737,714,641,622,13,"GE BrightSpeed Excel"
1331007,10,4.80074,46.76082,204,204.572242525375,70,0.409,25.9,11.95,773.7,665,671,579,584,13,"GE BrightSpeed Excel"
1331007,18,4.80074,46.76082,204,219.645986711455,80,0.489,31.7,11.95,773.7,729,720,634,627,13,"GE BrightSpeed Excel"
1331027,7,1.40386,44.8222,168,178.73153820638,100,0.41,23.9,13.35,857.5,946,910,823,791,13,"GE BrightSpeed Excel"
1331027,8,1.40386,44.8222,168,232.566338870953,106,0.435,27.3,13.35,857.5,772,758,672,660,13,"GE BrightSpeed Excel"
1331032,13,1.94134,47.45237,116,213.185810631707,50,0.452,22.7,11.85,763.6,760,760,662,662,13,"GE BrightSpeed Excel"
1331035,3,-1.782,47.55991,47,162.581098007009,179,0.601,33.8,12.25,875.3,862,849,750,738,13,"GE BrightSpeed Excel"
1331035,6,-1.782,47.55991,47,338.082548173515,169,0.777,39.6,12.25,875.3,854,835,743,726,13,"GE BrightSpeed Excel"
1331045,8,-3.63861,47.96612,75,221.799378738038,53,0.401,16.5,12.05,1241.6,770,737,670,642,13,"GE Revolution EVO"
1331114,2,-0.0672,45.51994,55,189.498498339295,78,0.411,18.2,13.25,849.1,772,753,671,655,13,"GE BrightSpeed Excel"
1331155,2,0.09371,47.86322,42,120.589953488642,24,0.234,19,12.15,723,777,738,676,642,13,"GE BrightSpeed Excel"
1331166,2,1.74501,43.63763,213,316.548627907686,119,0.607,21.5,13.7,738.5,835,861,726,749,13,"GE BrightSpeed Excel"
1331166,3,1.74501,43.63763,213,221.799378738038,69,0.385,20,13.7,738.5,870,854,757,743,13,"GE BrightSpeed Excel"
1331229,2,2.63123,47.50664,230,293.938011628565,97,0.735,27.5,11.35,788.7,738,727,642,633,13,"GE BrightSpeed Excel"
1331229,10,2.63123,47.50664,230,131.356913621557,71,0.312,25.3,11.35,788.7,706,687,614,598,13,"GE BrightSpeed Excel"
1331308,5,-0.24939,48.86362,232,114.129777408893,49,0.213,13.3,10.75,828.9,752,722,654,628,13,"GE BrightSpeed Excel"
1331308,7,-0.24939,48.86362,232,142.123873754471,55,0.287,13.2,10.75,828.9,787,769,684,669,13,"GE BrightSpeed Excel"
1331311,1,2.02522,46.71495,224,219.645986711455,62,0.439,24,11.9,826.6,780,778,679,677,13,"GE BrightSpeed Excel"
1331311,5,2.02522,46.71495,224,212.109114618415,64,0.424,26.9,11.9,826.6,739,715,643,622,13,"GE BrightSpeed Excel"
1331548,13,4.65388,48.22163,301,128.126825581682,69,0.476,21.1,10.85,886.4,924,902,804,785,13,"GE BrightSpeed Excel"
1331594,2,-1.18244,47.34553,26,153.967529900677,61,0.327,8.9,12.65,788,722,716,628,623,13,"GE BrightSpeed Excel"
1331594,4,-1.18244,47.34553,26,137.817089701305,78,0.445,8.7,12.65,788,770,754,670,656,13,"GE BrightSpeed Excel"
1331608,11,-0.90728,46.74132,105,189.498498339295,98,0.432,22.9,12.65,887.7,785,767,683,667,13,"GE BrightSpeed Excel"
1331659,5,5.42141,45.70132,254,222.87607475133,71,0.579,19.7,12.3,1043.3,705,697,614,606,13,"GE BrightSpeed Excel"
1331684,10,-0.01662,44.33319,132,273.480787376028,41,0.567,23.1,13.4,887,694,685,604,596,13,"GE BrightSpeed Excel"
1331712,31,-0.69385,45.73878,56,185.191714286129,62,0.246,16.2,13.25,914.6,746,756,649,658,13,"GE BrightSpeed Excel"
1331712,35,-0.69385,45.73878,56,176.578146179797,63,0.291,17.8,13.25,914.6,794,795,691,691,13,"GE BrightSpeed Excel"
1331727,2,3.15841,48.97873,114,236.873122924119,112,0.441,12.5,11.2,771.2,728,717,633,624,13,"GE BrightSpeed Excel"
1331754,5,0.75118,45.55254,262,241.179906977284,50,0.489,18.6,12.2,1089.5,752,763,654,664,13,"GE BrightSpeed Excel"
1331803,5,5.58661,49.36894,250,180.884930232963,74,0.277,18.1,10.45,845.5,668,671,581,584,13,"GE BrightSpeed Excel"
1331844,4,1.56901,47.52246,102,221.799378738038,139,0.489,18.9,11.85,701.4,775,748,674,650,13,"GE BrightSpeed Excel"
1331844,18,1.56901,47.52246,102,206.725634551958,112,0.409,17,11.85,701.4,766,714,667,621,13,"GE BrightSpeed Excel"
1331876,4,-1.5193,46.50612,46,268.097307309571,95,0.594,25.7,12.9,913.5,717,689,623,599,13,"GE BrightSpeed Excel"
1331986,1,2.64114,44.59189,646,185.191714286129,94,0.368,20.2,11.25,1150.6,803,732,698,637,13,"GE BrightSpeed Excel"
1331986,5,2.64114,44.59189,646,172.271362126632,98,0.376,16.2,11.25,1150.6,736,708,640,616,13,"GE BrightSpeed Excel"
1332010,1,1.98292,49.17872,113,320.855411960851,114,0.689,22.1,11.25,702.8,815,825,709,717,13,"GE BrightSpeed Excel"
1332022,7,4.09218,49.939,204,297.16809966844,140,0.576,21.4,10.25,958.4,739,696,643,605,13,"GE BrightSpeed Excel"
1332076,7,-3.51256,48.76586,98,160.427705980426,78,0.325,13.9,11.7,917.6,808,779,703,677,13,"GE BrightSpeed Excel"
1332076,11,-3.51256,48.76586,98,162.581098007009,80,0.335,16.1,11.7,917.6,777,759,676,660,13,"GE BrightSpeed Excel"
1332106,5,4.23691,47.11353,447,85.0589850500244,34,0.184,14.5,10.75,986.7,693,669,603,582,13,"GE BrightSpeed Excel"
1332106,8,4.23691,47.11353,447,100.132729236105,51,0.213,19.2,10.75,986.7,779,770,678,670,13,"GE BrightSpeed Excel"
1332275,2,5.70939,48.30407,334,131.356913621557,49,0.167,15,10.3,944.4,888,871,773,758,13,"GE BrightSpeed Excel"
1332290,3,5.11226,46.19553,231,290.707923588691,115,0.611,22.5,12,984.4,614,593,534,516,13,"GE BrightSpeed Excel"
1332290,12,5.11226,46.19553,231,356.386380399469,114,0.719,27,12,984.4,746,741,649,645,13,"GE BrightSpeed Excel"
1332389,6,4.13778,48.08676,145,282.094355482359,122,0.515,29.5,11.2,779.1,685,663,596,577,13,"GE BrightSpeed Excel"
1332394,9,0.85263,45.58992,362,146.430657807637,44,0.277,15.8,11.8,1173.8,792,782,689,681,13,"GE BrightSpeed Excel"
1332463,12,3.7333,48.02032,121,331.622372093766,106,0.592,30.8,11.5,768.6,748,758,651,659,13,"GE BrightSpeed Excel"
1332563,4,1.29336,45.32499,229,60.2949767443211,58,0.119,15.1,12.1,1106.1,798,717,694,624,13,"GE BrightSpeed Excel"
1332718,3,-3.46939,48.62377,124,215.33920265829,89,0.402,17.8,11.45,980.4,755,753,657,655,13,"GE BrightSpeed Excel"
1332750,9,0.21851,46.74973,96,101.209425249396,24,0.245,15.8,12.5,664.6,696,682,605,593,13,"GE BrightSpeed Excel"
1332810,3,2.82851,45.8686,696,139.970481727888,67,0.24,11.7,10.1,900.8,787,767,685,667,13,"GE BrightSpeed Excel"
1332810,5,2.82851,45.8686,696,230.41294684437,105,0.555,17,10.1,900.8,699,684,608,595,13,"GE BrightSpeed Excel"
1332889,4,6.73071,48.57652,259,231.489642857661,81,0.585,30.4,10.65,865.1,664,661,577,575,13,"GE BrightSpeed Excel"
1332937,2,2.3137,45.078,475,97.9793372095217,52,0.205,14.5,11.35,1251.9,769,770,669,670,13,"GE BrightSpeed Excel"
1332937,4,2.3137,45.078,475,137.817089701305,60,0.283,18.8,11.35,1251.9,753,736,655,640,13,"GE BrightSpeed Excel"
1332970,8,4.99292,45.87432,301,235.796426910827,89,0.534,22.5,12.15,928.3,633,619,551,539,13,"GE BrightSpeed Excel"
1333002,2,-0.24942,44.48989,85,68.9085448506527,47,0.21,13,13.6,871.4,693,687,603,597,13,"GE BrightSpeed Excel"
1333032,3,-0.62892,45.48843,30,116.283169435476,70,0.267,16,13.45,920.6,869,934,756,813,13,"GE BrightSpeed Excel"
1333062,9,5.05071,47.04321,195,242.256602990576,105,0.6,28.5,11.7,802.8,711,706,619,614,13,"GE BrightSpeed Excel"
1333086,5,3.48976,46.69157,216,167.964578073466,96,0.428,19,11.85,819.1,704,698,612,607,13,"GE BrightSpeed Excel"
1333086,9,3.48976,46.69157,216,219.645986711455,79,0.431,20.5,11.85,819.1,762,774,663,673,13,"GE BrightSpeed Excel"
1333125,7,1.77022,46.08417,488,184.115018272838,74,0.421,24.5,10.9,1099.9,712,695,619,605,13,"GE BrightSpeed Excel"
1333125,14,1.77022,46.08417,488,166.887882060174,74,0.424,25.7,10.9,1099.9,843,839,733,730,13,"GE BrightSpeed Excel"
1333244,5,3.35698,46.58486,233,173.348058139923,81,0.393,27,11.85,779,730,732,635,637,13,"GE BrightSpeed Excel"
1333249,7,1.28331,47.19636,131,51.6814086379895,15,0.119,11.5,11.95,748.5,702,682,610,594,13,"GE BrightSpeed Excel"
1333326,6,6.70358,47.60489,357,211.032418605124,99,0.415,23.1,10.45,1262.4,617,597,537,519,13,"GE BrightSpeed Excel"
1333343,2,-3.00099,48.03303,76,163.6577940203,45,0.356,21.5,11.65,1042.3,793,775,690,674,13,"GE BrightSpeed Excel"
1333420,5,2.5945,45.40155,761,230.41294684437,82,0.524,23.8,10.05,1178.2,768,743,668,647,13,"GE BrightSpeed Excel"
1333430,4,2.26099,46.48144,359,194.881978405752,92,0.343,24.7,11.4,874.4,761,744,662,647,13,"GE BrightSpeed Excel"
1333430,10,2.26099,46.48144,359,227.182858804495,91,0.479,27,11.4,874.4,762,764,663,665,13,"GE BrightSpeed Excel"
1333467,7,1.88012,45.31095,513,226.106162791204,89,0.475,26.8,11.1,1340.3,699,690,608,601,13,"GE BrightSpeed Excel"
1333596,3,1.59355,47.66654,98,357.463076412761,57,0.697,24.4,11.85,672.6,687,666,598,580,13,"GE BrightSpeed Excel"
1333596,4,1.59355,47.66654,98,192.728586379169,50,0.438,17.2,11.85,672.6,724,700,630,609,13,"GE BrightSpeed Excel"
1333613,10,0.42965,45.96149,165,88.2890730898987,29,0.198,19.3,12.3,959.2,826,825,718,718,13,"GE BrightSpeed Excel"
1333663,7,-0.19017,45.40921,120,66.7551528240698,15,0.132,12.5,12.95,880.8,734,721,639,627,13,"GE BrightSpeed Excel"
1333695,2,-0.70838,45.07218,5,118.436561462059,63,0.25,16.6,13.95,855.9,760,722,661,628,13,"GE BrightSpeed Excel"
1333864,14,3.03342,45.77755,724,216.415898671581,85,0.418,16,9.95,830.8,671,658,584,573,13,"GE BrightSpeed Excel"
1333876,2,0.89249,43.09035,336,288.554531562108,68,0.539,28.8,12.8,892.8,807,808,702,703,13,"GE BrightSpeed Excel"
1333918,3,3.07638,45.14751,935,143.200569767763,31,0.288,15.6,8.7,828.2,784,768,682,668,13,"GE BrightSpeed Excel"
1333978,3,5.04238,49.49027,183,284.247747508942,130,0.557,28.3,10.45,967.1,669,656,582,571,13,"GE BrightSpeed Excel"
1333978,6,5.04238,49.49027,183,226.106162791204,112,0.464,26.1,10.45,967.1,676,655,588,570,13,"GE BrightSpeed Excel"
1333999,1,5.89391,49.43218,404,217.492594684872,86,0.429,23.1,9.6,1048.3,745,732,648,637,13,"GE BrightSpeed Excel"
1334074,4,0.41387,46.4112,129,303.628275748188,75,0.51,31.9,12.4,781.7,695,688,605,599,13,"GE Revolution EVO"
1334131,5,5.1262,45.96112,282,345.619420266555,115,0.673,18.9,12,995.3,684,656,595,571,13,"GE BrightSpeed Excel"
1334155,11,-0.21321,45.35468,120,152.890833887386,30,0.231,14.7,12.9,889.5,882,825,767,718,13,"GE BrightSpeed Excel"
1334201,1,0.43591,48.01322,98,189.498498339295,38,0.451,18.5,11.85,708.6,810,808,705,703,13,"GE BrightSpeed Excel"
1334201,4,0.43591,48.01322,98,174.424754153215,42,0.418,17.8,11.85,708.6,861,843,749,733,13,"GE BrightSpeed Excel"
1334242,2,-0.85666,44.11392,81,204.572242525375,56,0.463,18.9,13.6,1099.8,773,766,672,666,13,"GE BrightSpeed Excel"
1334311,1,1.61649,44.01443,189,304.70497176148,50,0.561,18.6,13.5,786.9,758,752,659,654,13,"GE BrightSpeed Excel"
1334322,3,6.45188,47.7942,316,173.348058139923,95,0.377,30.1,10.8,1191.3,779,777,677,676,13,"GE BrightSpeed Excel"
1334434,1,-0.06978,44.40401,145,184.115018272838,28,0.313,12.9,13.4,880.3,844,836,735,727,13,"GE BrightSpeed Excel"
1334437,1,1.69349,46.01178,388,159.351009967134,75,0.372,22.2,11.1,1107.3,714,698,621,607,13,"GE BrightSpeed Excel"
1334437,5,1.69349,46.01178,388,163.6577940203,86,0.384,21.2,11.1,1107.3,728,717,633,624,13,"GE BrightSpeed Excel"
1334503,4,6.1677,49.4058,198,267.020611296279,98,0.538,28,10.85,734.3,749,731,652,636,13,"GE BrightSpeed Excel"
1334609,7,3.33051,49.40873,142,106.592905315853,70,0.262,20.2,11.2,723.6,744,731,647,636,13,"GE BrightSpeed Excel"
1334609,8,3.33051,49.40873,142,125.973433555099,70,0.261,16.9,11.2,723.6,704,693,612,603,13,"GE BrightSpeed Excel"
1334630,2,3.45639,48.86845,151,277.787571429194,90,0.541,22.8,11.1,768.5,787,776,685,675,13,"GE BrightSpeed Excel"
1334755,1,4.01587,50.15557,216,311.165147841228,90,0.458,25.9,10.35,877.7,772,753,672,655,13,"GE BrightSpeed Excel"
1334818,4,4.64992,48.13175,249,211.032418605124,62,0.457,14.7,10.85,941.4,750,735,652,639,13,"GE BrightSpeed Excel"
1334923,4,0.52509,46.19705,164,180.884930232963,64,0.267,24.2,12.3,856.2,695,706,605,614,13,"GE BrightSpeed Excel"
1334923,10,0.52509,46.19705,164,160.427705980426,64,0.327,21.7,12.3,856.2,695,701,605,610,13,"GE BrightSpeed Excel"
1334950,3,1.43262,44.60657,359,72.138632890527,40,0.159,17.3,12.65,979.3,706,690,614,600,13,"GE BrightSpeed Excel"
1334965,13,0.24089,43.47509,198,206.725634551958,105,0.592,25.3,13.6,883.2,688,689,599,600,13,"GE BrightSpeed Excel"
1334965,15,0.24089,43.47509,198,362.846556479218,103,0.742,29.8,13.6,883.2,701,699,610,608,13,"GE BrightSpeed Excel"
1334983,9,2.54565,45.99543,610,145.353961794345,72,0.336,22.9,10.2,912.7,724,705,630,613,13,"GE BrightSpeed Excel"
1335045,1,2.54071,44.66407,427,180.884930232963,77,0.331,16.1,12.55,1116.7,698,696,607,605,13,"GE BrightSpeed Excel"
1335045,3,2.54071,44.66407,427,217.492594684872,46,0.296,16.6,12.55,1116.7,739,726,643,632,13,"GE BrightSpeed Excel"
1335076,3,-0.50416,44.55558,80,146.430657807637,43,0.281,15.4,13.55,924.2,762,746,663,649,13,"GE BrightSpeed Excel"
1335076,6,-0.50416,44.55558,80,165.811186046883,39,0.364,18.5,13.55,924.2,824,808,717,703,13,"GE BrightSpeed Excel"
1335112,7,1.60715,46.67706,139,228.259554817787,75,0.329,22,12.25,794.1,762,739,663,643,13,"GE BrightSpeed Excel"
1335112,9,1.60715,46.67706,139,313.318539867811,95,0.662,27.6,12.25,794.1,764,742,665,645,13,"GE BrightSpeed Excel"
1335249,1,6.47432,47.73937,313,92.5958571430645,23,0.213,16.4,10.85,1177.7,721,720,627,627,13,"GE BrightSpeed Excel"
1335249,6,6.47432,47.73937,313,76.4454169436928,23,0.14,15.3,10.85,1177.7,718,708,625,616,13,"GE BrightSpeed Excel"
1335324,2,3.73092,47.93041,121,214.262506644998,117,0.436,25.5,11.75,749,757,741,659,644,13,"GE BrightSpeed Excel"
1335324,5,3.73092,47.93041,121,232.566338870953,118,0.495,27.8,11.75,749,721,709,627,617,13,"GE BrightSpeed Excel"
1335345,10,-1.27814,46.80224,84,166.887882060174,41,0.291,21.1,12.5,879,748,738,651,642,13,"GE BrightSpeed Excel"
1335345,12,-1.27814,46.80224,84,109.822993355728,39,0.245,21.7,12.5,879,732,715,637,622,13,"GE BrightSpeed Excel"
1335375,1,1.99485,47.38058,102,104.43951328927,40,0.226,13.8,11.95,756.3,776,745,675,648,13,"GE BrightSpeed Excel"
1335376,13,0.5197,46.35895,135,124.896737541808,60,0.264,17.5,12.4,795.3,659,639,574,556,13,"GE BrightSpeed Excel"
1335482,3,-2.26889,47.64972,82,120.589953488642,43,0.237,14.1,12.15,982,834,823,726,716,13,"GE BrightSpeed Excel"
1335482,10,-2.26889,47.64972,82,138.893785714597,72,0.3,13.6,12.15,982,795,801,692,697,13,"GE BrightSpeed Excel"
1335492,17,0.59193,48.15956,128,138.893785714597,31,0.391,17.6,11.7,756.4,774,757,673,659,13,"GE BrightSpeed Excel"
1335525,5,2.23551,46.17552,382,90.4424651164816,47,0.219,14.7,11.05,838.9,757,759,658,660,13,"GE BrightSpeed Excel"
1335525,12,2.23551,46.17552,382,153.967529900677,35,0.318,17.5,11.05,838.9,848,842,738,733,13,"GE BrightSpeed Excel"
1335783,2,0.32592,47.3816,85,226.106162791204,97,0.497,18,12.05,732.1,687,670,598,583,13,"GE BrightSpeed Excel"
1335783,5,0.32592,47.3816,85,173.348058139923,95,0.502,14.9,12.05,732.1,764,745,664,648,13,"GE BrightSpeed Excel"
1335858,6,-2.12267,48.44802,108,237.94981893741,56,0.43,24.1,11.65,836.7,756,742,658,645,13,"GE BrightSpeed Excel"
1335879,5,1.82847,45.3827,465,203.495546512084,71,0.394,22.3,11.25,1321.9,754,744,656,647,13,"GE BrightSpeed Excel"
1335879,16,1.82847,45.3827,465,170.117970100049,72,0.384,23.6,11.25,1321.9,763,757,664,659,13,"GE BrightSpeed Excel"
1335920,1,0.57825,45.35198,169,241.179906977284,67,0.46,27.1,12.9,938.1,677,679,589,591,13,"GE BrightSpeed Excel"
1335940,5,3.89152,46.11089,402,110.899689369019,51,0.303,11.9,11.15,870.9,745,735,648,640,13,"GE BrightSpeed Excel"
1336000,1,6.82345,49.02316,244,292.861315615274,37,0.437,14,10.5,809.1,740,717,644,624,13,"GE BrightSpeed Excel"
1336016,6,0.23984,45.52612,181,278.864267442485,90,0.674,24,12.75,930.1,760,740,662,644,13,"GE BrightSpeed Excel"
1336016,7,0.23984,45.52612,181,197.035370432335,89,0.455,23.1,12.75,930.1,820,795,714,692,13,"GE BrightSpeed Excel"
1336033,1,0.29133,49.665,102,273.480787376028,85,0.546,22.8,11.25,1028,707,704,615,612,13,"GE BrightSpeed Excel"
1336033,8,0.29133,49.665,102,219.645986711455,68,0.531,24.8,11.25,1028,864,863,752,751,13,"GE BrightSpeed Excel"
1336039,1,0.41521,45.63726,132,172.271362126632,54,0.47,22.5,12.9,887.8,807,799,702,695,13,"GE BrightSpeed Excel"
1336058,14,-4.67525,48.48619,80,171.19466611334,25,0.247,12.5,12,1065.2,760,821,661,714,13,"GE BrightSpeed Excel"
1336195,4,-1.27678,43.65084,35,121.666649501934,46,0.234,11.5,14.25,1337.8,785,749,683,652,13,"GE BrightSpeed Excel"
1336220,13,4.97017,47.5491,381,102.286121262688,62,0.214,15.3,10.55,858.5,720,717,626,624,13,"GE BrightSpeed Excel"
1336294,2,6.78776,47.65574,418,155.044225913968,65,0.338,28.8,10.45,1346.3,643,643,560,559,13,"GE BrightSpeed Excel"
1336455,11,5.0975,49.48902,195,122.743345515225,22,0.157,13.2,10.5,903.7,711,688,618,599,13,"GE BrightSpeed Excel"
1336475,8,0.3015,47.32718,98,81.82889701015,28,0.191,14.1,12.1,742.2,831,826,723,719,13,"GE BrightSpeed Excel"
1336475,9,0.3015,47.32718,98,55.9881926911553,28,0.139,13.7,12.1,742.2,759,761,660,662,13,"GE BrightSpeed Excel"
1336514,1,-3.07386,47.95757,45,183.038322259546,50,0.307,21.6,12,1048.3,950,918,827,798,13,"GE BrightSpeed Excel"
1336514,10,-3.07386,47.95757,45,227.182858804495,75,0.428,22.5,12,1048.3,846,799,736,695,13,"GE BrightSpeed Excel"
1336600,11,-0.16669,43.19669,402,191.651890365878,35,0.456,21.9,12.65,1314.5,804,780,700,678,13,"GE BrightSpeed Excel"
1336613,1,1.58326,46.51495,180,110.899689369019,33,0.2,11.1,12.1,838.7,708,669,616,582,13,"GE BrightSpeed Excel"
1336630,8,0.49861,43.13824,500,237.94981893741,62,0.493,24.6,11.85,1049.3,798,788,694,685,13,"GE BrightSpeed Excel"
1336673,2,-0.09011,46.0415,147,88.2890730898987,25,0.126,11.3,12.55,870.1,838,784,729,682,13,"GE BrightSpeed Excel"
1336714,15,5.1563,48.55251,295,202.418850498792,115,0.384,24,10.45,1029.3,710,687,618,597,13,"GE BrightSpeed Excel"
1336789,11,5.61295,49.35025,248,244.409995017159,100,0.448,27.2,10.4,847.6,681,660,593,574,13,"GE BrightSpeed Excel"
1336798,3,3.21028,48.81658,137,207.802330565249,136,0.461,25.5,11.2,748.5,759,754,660,656,13,"GE BrightSpeed Excel"
1336802,6,2.91528,49.21379,149,121.666649501934,37,0.256,21.7,11.1,750.7,749,733,651,638,13,"GE BrightSpeed Excel"
1336897,15,1.2398,42.87885,686,251.946867110199,106,0.578,27,11.2,1252.5,767,749,667,652,13,"GE BrightSpeed Excel"
1336914,9,2.17914,47.75874,146,216.415898671581,116,0.466,15.1,11.7,745.3,752,749,655,652,13,"GE BrightSpeed Excel"
1336981,3,5.10162,48.032,350,223.952770764621,145,0.493,21,10.25,976.4,734,706,639,614,13,"GE BrightSpeed Excel"
1337040,4,7.42466,47.89997,214,183.038322259546,128,0.405,22,11.3,665.3,654,630,569,548,13,"GE BrightSpeed Excel"
1337082,1,0.96763,45.08754,209,184.115018272838,52,0.392,18.6,12.65,953.1,835,844,727,734,13,"GE BrightSpeed Excel"
1337133,1,-0.37326,44.97287,30,192.728586379169,31,0.352,22.3,13.85,836.6,869,863,756,751,13,"GE BrightSpeed Excel"
1337133,7,-0.37326,44.97287,30,192.728586379169,39,0.345,22.1,13.85,836.6,865,874,752,760,13,"GE BrightSpeed Excel"
1337146,7,1.71811,50.68595,89,228.259554817787,74,0.471,21.5,10.75,1024.6,804,807,699,702,13,"GE BrightSpeed Excel"
1337168,9,6.02342,45.86327,702,296.091403655148,91,0.671,24,10.25,1247.2,674,657,587,571,13,"GE BrightSpeed Excel"
1337237,1,3.70955,50.19531,161,323.008803987434,87,0.561,30.2,10.45,857.4,692,665,602,579,13,"GE BrightSpeed Excel"
1337237,3,3.70955,50.19531,161,202.418850498792,88,0.532,29.6,10.45,857.4,702,693,610,603,13,"GE BrightSpeed Excel"
1337310,6,-0.38657,45.76466,18,189.498498339295,57,0.46,23.2,13.35,860.7,697,691,607,601,13,"GE BrightSpeed Excel"
1337341,6,1.619,43.81665,156,316.548627907686,133,0.59,20,13.7,740.3,694,680,603,592,13,"GE BrightSpeed Excel"
1337356,4,1.11286,45.41312,256,160.427705980426,45,0.29,22.2,12.25,1111.1,682,690,593,601,13,"GE BrightSpeed Excel"
1337446,4,-0.10048,43.95354,92,201.342154485501,31,0.357,26.5,13.65,924.4,696,662,605,576,13,"GE BrightSpeed Excel"
1337552,1,1.26508,45.46867,302,184.115018272838,81,0.368,24.1,11.85,1119.7,691,680,601,591,13,"GE BrightSpeed Excel"
1337552,5,1.26508,45.46867,302,160.427705980426,70,0.354,20.3,11.85,1119.7,723,721,629,627,13,"GE BrightSpeed Excel"
1337566,21,2.4387,43.99878,380,329.468980067183,105,0.547,21.7,12.35,948.3,759,696,660,606,13,"GE BrightSpeed Excel"
1337651,1,3.16271,49.24828,130,214.262506644998,120,0.458,31.6,11,790.1,752,742,654,645,13,"GE BrightSpeed Excel"
1337740,10,1.23376,45.75628,228,152.890833887386,68,0.301,23.5,12.25,990.6,758,762,659,663,13,"GE BrightSpeed Excel"
1337740,13,1.23376,45.75628,228,258.407043189947,131,0.563,25.3,12.25,990.6,675,653,587,568,13,"GE BrightSpeed Excel"
1337757,3,2.85494,45.94046,751,237.94981893741,76,0.478,26.2,9.4,878.1,745,745,648,648,13,"GE BrightSpeed Excel"
1337757,4,2.85494,45.94046,751,149.660745847511,82,0.312,23.3,9.4,878.1,780,754,679,656,13,"GE BrightSpeed Excel"
1337846,2,4.01289,50.06583,179,219.645986711455,86,0.435,25.5,10.5,896.4,710,716,618,623,13,"GE BrightSpeed Excel"
1337886,1,3.42801,48.81479,186,90.4424651164816,73,0.379,29.3,11.05,776.3,747,748,650,651,13,"GE BrightSpeed Excel"
1337886,4,3.42801,48.81479,186,277.787571429194,127,0.55,31.5,11.05,776.3,739,741,643,645,13,"GE BrightSpeed Excel"
1338017,1,0.86303,47.11977,119,183.038322259546,86,0.408,18.9,12.1,729.1,745,722,649,628,13,"GE BrightSpeed Excel"
1338017,4,0.86303,47.11977,119,192.728586379169,83,0.332,17,12.1,729.1,792,744,689,647,13,"GE BrightSpeed Excel"
1338029,7,0.56654,44.91991,114,217.492594684872,90,0.48,18.6,13.2,875.3,795,777,692,676,13,"GE BrightSpeed Excel"
1338122,1,2.31263,47.50701,161,146.430657807637,45,0.342,20.4,11.6,804,770,744,670,647,13,"GE BrightSpeed Excel"
1338122,12,2.31263,47.50701,161,73.2153289038184,45,0.197,11.3,11.6,804,788,773,686,672,13,"GE BrightSpeed Excel"
1338134,10,3.19105,47.64778,238,230.41294684437,117,0.468,24.8,11.15,856.6,710,714,618,621,13,"GE BrightSpeed Excel"
1338134,16,3.19105,47.64778,238,151.814137874094,82,0.332,24.5,11.15,856.6,719,712,625,619,13,"GE BrightSpeed Excel"
1338154,4,0.27334,43.25997,419,234.719730897536,91,0.679,26.6,12.6,1006.8,709,705,617,613,13,"GE BrightSpeed Excel"
1338270,1,1.70093,47.59522,123,149.660745847511,69,0.248,20.2,11.8,731,827,819,719,713,13,"GE BrightSpeed Excel"
1338270,6,1.70093,47.59522,123,166.887882060174,65,0.338,18.5,11.8,731,740,708,644,616,13,"GE BrightSpeed Excel"
1338326,3,-0.29359,47.58517,52,166.887882060174,76,0.363,21.3,12.25,712.2,776,749,675,651,13,"GE BrightSpeed Excel"
1338326,15,-0.29359,47.58517,52,232.566338870953,78,0.397,19.7,12.25,712.2,688,676,599,588,13,"GE BrightSpeed Excel"
1338348,2,2.90929,48.6746,111,246.563387043742,114,0.511,32,11.5,732,739,753,643,655,13,"GE BrightSpeed Excel"
1338348,6,2.90929,48.6746,111,234.719730897536,114,0.515,32.9,11.5,732,788,772,685,672,13,"GE BrightSpeed Excel"
1338358,4,6.49547,48.00879,553,267.020611296279,50,0.608,17.5,9.5,1519.7,687,660,597,574,13,"GE BrightSpeed Excel"
1338449,3,-0.40696,47.20452,54,62.448368770904,18,0.137,11.9,12.75,626.8,789,764,687,665,13,"GE BrightSpeed Excel"
1338449,5,-0.40696,47.20452,54,87.2123770766073,17,0.216,10.8,12.75,626.8,782,778,681,677,13,"GE BrightSpeed Excel"
1338483,3,5.3723,46.67504,208,251.946867110199,72,0.559,23.8,11.9,1089.1,712,715,619,622,13,"GE Revolution EVO"
1338488,6,3.94937,48.07151,131,214.262506644998,69,0.51,25,11.3,776.1,737,724,642,630,13,"GE BrightSpeed Excel"
1338488,15,3.94937,48.07151,131,192.728586379169,57,0.331,20.9,11.3,776.1,772,802,671,698,13,"GE BrightSpeed Excel"
1338560,6,-0.15492,45.19399,42,183.038322259546,29,0.307,16.6,13.3,859.7,764,751,665,653,13,"GE BrightSpeed Excel"
1338560,11,-0.15492,45.19399,42,101.209425249396,15,0.239,12.6,13.3,859.7,804,794,700,690,13,"GE BrightSpeed Excel"
1338575,17,5.07081,45.36834,340,342.38933222668,59,0.609,26,12.05,949.9,733,734,638,638,13,"GE BrightSpeed Excel"
1338599,1,3.54205,46.69103,224,190.575194352586,66,0.394,18.6,11.9,820.3,706,700,614,609,13,"GE BrightSpeed Excel"
1338599,2,3.54205,46.69103,224,147.507353820928,83,0.372,16.6,11.9,820.3,710,700,617,609,13,"GE BrightSpeed Excel"
1338604,4,3.20098,46.62214,243,328.392284053892,132,0.645,22.7,11.8,778.3,746,731,649,636,13,"GE BrightSpeed Excel"
1338624,10,1.02856,44.65648,204,192.728586379169,73,0.317,24,12.95,937.4,750,790,653,687,13,"GE BrightSpeed Excel"
1338624,11,1.02856,44.65648,204,184.115018272838,54,0.246,15.1,12.95,937.4,709,734,617,638,13,"GE BrightSpeed Excel"
1338629,8,-3.18446,47.98846,155,63.5250647841954,55,0.254,14,11.6,1168.7,794,779,691,678,13,"GE BrightSpeed Excel"
1338908,2,1.49503,47.16212,144,164.734490033591,75,0.313,24.1,11.95,721.4,850,815,740,709,13,"GE BrightSpeed Excel"
1338908,4,1.49503,47.16212,144,235.796426910827,95,0.408,26.1,11.95,721.4,775,751,674,653,13,"GE BrightSpeed Excel"
1338921,2,2.0145,48.51373,106,171.19466611334,76,0.301,22.1,11.45,665.1,639,609,556,530,13,"GE BrightSpeed Excel"
1338921,8,2.0145,48.51373,106,152.890833887386,71,0.31,21.2,11.45,665.1,721,709,627,617,13,"GE BrightSpeed Excel"
1338964,3,4.05975,46.52241,300,219.645986711455,95,0.434,22.1,11.6,852.8,759,740,660,644,13,"GE BrightSpeed Excel"
1338965,2,-0.02159,43.25391,386,230.41294684437,47,0.572,22.5,12.75,1146.9,833,813,724,707,13,"GE BrightSpeed Excel"
1338965,3,-0.02159,43.25391,386,115.206473422185,38,0.249,13.4,12.75,1146.9,777,705,676,613,13,"GE BrightSpeed Excel"
1339036,13,4.4033,47.32663,494,148.58404983422,113,0.371,23.5,10.4,870.8,763,737,664,641,13,"GE BrightSpeed Excel"
1339191,13,4.91737,45.91208,297,173.348058139923,93,0.423,18.8,12.1,900.8,684,664,595,578,13,"GE BrightSpeed Excel"
1339263,4,3.94662,47.9816,155,267.020611296279,94,0.509,25.2,11.35,775.9,729,730,634,635,13,"GE BrightSpeed Excel"
1339288,7,2.74742,48.80111,120,331.622372093766,136,0.654,28.9,11.65,741.5,655,682,570,593,13,"GE BrightSpeed Excel"
1339288,10,2.74742,48.80111,120,55.9881926911553,158,0.716,33.1,11.65,741.5,602,600,523,522,13,"GE BrightSpeed Excel"
1339340,4,1.93426,44.87938,302,146.430657807637,73,0.341,22.7,12.4,1170,825,806,718,701,13,"GE BrightSpeed Excel"
1339396,1,2.75002,45.70697,836,178.73153820638,65,0.341,15.8,8.9,1081,775,752,675,654,13,"GE BrightSpeed Excel"
1339439,7,6.74923,47.51308,361,127.050129568391,103,0.308,24,10.7,1086.6,785,776,683,675,13,"GE BrightSpeed Excel"
1339495,1,0.17299,43.31193,239,292.861315615274,65,0.599,29.3,13.55,938.2,797,780,693,679,13,"GE BrightSpeed Excel"
1339495,4,0.17299,43.31193,239,267.020611296279,88,0.643,27,13.55,938.2,777,769,676,669,13,"GE BrightSpeed Excel"
1339576,2,0.87566,47.62375,132,237.94981893741,110,0.466,22.3,11.75,723.3,700,676,609,588,13,"GE BrightSpeed Excel"
1339626,3,-2.79793,47.8799,133,124.896737541808,46,0.179,16.8,11.75,1057.4,825,819,717,713,13,"GE BrightSpeed Excel"
1339626,7,-2.79793,47.8799,133,303.628275748188,50,0.595,21,11.75,1057.4,826,796,719,693,13,"GE BrightSpeed Excel"
1339651,10,-0.81178,44.20521,68,284.247747508942,87,0.652,30.3,13.65,1064,893,887,777,772,13,"GE BrightSpeed Excel"
1339654,10,1.14048,44.13612,157,317.625323920977,65,0.548,23.2,13.7,742.9,871,864,757,752,13,"GE BrightSpeed Excel"
1339674,1,-0.26877,47.62173,51,249.793475083616,68,0.502,20.7,12.25,714.7,764,739,664,643,13,"GE BrightSpeed Excel"
1339674,2,-0.26877,47.62173,51,170.117970100049,51,0.412,18.5,12.25,714.7,718,705,625,613,13,"GE BrightSpeed Excel"
1339711,11,1.21468,42.91452,626,178.73153820638,45,0.416,17,11.95,1222.3,860,864,748,752,13,"GE BrightSpeed Excel"
1339711,12,1.21468,42.91452,626,157.197617940551,50,0.359,21.1,11.95,1222.3,819,787,713,685,13,"GE BrightSpeed Excel"
1339738,9,1.95662,45.31124,559,174.424754153215,62,0.447,22.4,10.75,1381.2,682,670,593,583,13,"GE BrightSpeed Excel"
1339799,15,1.42943,44.80442,185,181.961626246255,76,0.349,19.9,13.35,881.1,820,805,713,700,13,"GE BrightSpeed Excel"
1339820,6,-0.48368,48.66043,294,231.489642857661,102,0.574,25.6,10.55,1022.7,776,746,675,649,13,"GE BrightSpeed Excel"
1339820,7,-0.48368,48.66043,294,234.719730897536,129,0.504,23.6,10.55,1022.7,828,805,721,701,13,"GE BrightSpeed Excel"
1339852,1,0.37492,47.49041,104,156.12092192726,120,0.942,19.6,11.95,733.2,729,723,634,629,13,"GE BrightSpeed Excel"
1339852,2,0.37492,47.49041,104,166.887882060174,120,0.834,19.8,11.95,733.2,723,730,629,635,13,"GE BrightSpeed Excel"
1339870,2,4.54372,47.522,369,90.4424651164816,75,0.239,19,10.9,914.9,775,748,675,651,13,"GE BrightSpeed Excel"
1339870,8,4.54372,47.522,369,174.424754153215,79,0.369,20,10.9,914.9,787,790,684,687,13,"GE BrightSpeed Excel"
1339935,11,3.50688,47.48312,193,267.020611296279,120,0.632,27.5,11.7,750.8,723,706,629,614,13,"GE BrightSpeed Excel"
1340001,2,0.31444,46.98546,59,128.126825581682,105,0.318,22.4,12.5,652.3,768,751,668,653,13,"GE BrightSpeed Excel"
1340001,9,0.31444,46.98546,59,138.893785714597,104,0.348,22.2,12.5,652.3,737,722,641,628,13,"GE BrightSpeed Excel"
1340052,2,1.44696,45.29034,295,221.799378738038,90,0.383,19.6,12.05,1069.8,768,738,668,642,13,"GE BrightSpeed Excel"
1340052,5,1.44696,45.29034,295,172.271362126632,85,0.341,20.8,12.05,1069.8,751,712,653,620,13,"GE BrightSpeed Excel"
1340089,1,0.19804,46.60535,119,278.864267442485,101,0.559,25,12.35,720.2,725,681,631,593,13,"GE BrightSpeed Excel"
1340106,2,-0.85338,44.94206,47,94.7492491696474,36,0.25,11.2,13.65,978.3,836,827,727,720,13,"GE BrightSpeed Excel"
1340116,8,1.20361,45.97193,346,311.165147841228,51,0.572,25.2,11.55,1112.9,828,816,720,710,13,"GE BrightSpeed Excel"
1340221,1,0.2628,44.91463,76,286.401139535525,116,0.444,28,13.35,840.1,866,836,754,728,13,"GE BrightSpeed Excel"
1340221,15,0.2628,44.91463,76,251.946867110199,120,0.606,28.9,13.35,840.1,830,816,722,710,13,"GE BrightSpeed Excel"
1340225,1,-1.83249,47.86433,27,94.7492491696474,46,0.449,25.6,12.35,795.6,744,750,648,652,13,"GE BrightSpeed Excel"
1340226,1,0.15307,48.3681,153,171.19466611334,51,0.355,15.6,11.25,777.5,852,859,741,747,13,"GE BrightSpeed Excel"
1340253,5,2.20652,47.47096,130,194.881978405752,86,0.471,17.9,11.75,788,672,649,585,565,13,"GE BrightSpeed Excel"
1340277,1,2.12721,47.39888,126,223.952770764621,84,0.406,18.7,11.8,784.9,780,763,679,664,13,"GE BrightSpeed Excel"
1340282,3,0.01361,44.20789,141,68.9085448506527,51,0.175,17.4,13.35,873,792,770,689,670,13,"GE BrightSpeed Excel"
1340325,1,-4.06076,48.1242,201,100.132729236105,12,0.129,6.4,11.6,1324.4,716,675,623,587,13,"GE BrightSpeed Excel"
1340466,4,1.60593,46.76702,142,237.94981893741,68,0.396,22.8,12.15,796.7,663,651,577,567,13,"GE BrightSpeed Excel"
1340466,11,1.60593,46.76702,142,190.575194352586,62,0.426,24.9,12.15,796.7,693,685,603,596,13,"GE BrightSpeed Excel"
1340565,1,2.00371,45.95914,626,205.648938538667,98,0.5,25,10.1,1135.3,737,733,641,638,13,"GE BrightSpeed Excel"
1340688,4,0.97393,46.9052,137,173.348058139923,58,0.417,17.8,12.2,761.8,727,727,632,632,13,"GE BrightSpeed Excel"
1340688,7,0.97393,46.9052,137,208.879026578541,58,0.352,19.8,12.2,761.8,768,776,669,675,13,"GE BrightSpeed Excel"
1340722,2,1.24058,45.41445,285,119.513257475351,54,0.249,18.1,12.1,1102.7,876,867,762,754,13,"GE BrightSpeed Excel"
1340722,4,1.24058,45.41445,285,231.489642857661,50,0.439,23.4,12.1,1102.7,792,811,689,705,13,"GE BrightSpeed Excel"
1340853,4,4.49674,47.01895,374,295.014707641857,61,0.462,23.7,11,791.6,715,693,622,603,13,"GE BrightSpeed Excel"
1340991,7,2.69228,44.71765,760,249.793475083616,98,0.45,28,10.45,1229.6,811,806,706,701,13,"GE BrightSpeed Excel"
1340991,9,2.69228,44.71765,760,351.002900333012,89,0.445,26.7,10.45,1229.6,760,641,661,558,13,"GE BrightSpeed Excel"
1340995,5,-0.99034,48.08938,152,174.424754153215,70,0.341,24.5,11.5,895.5,789,762,686,663,13,"GE BrightSpeed Excel"
1341070,2,-2.83692,48.00435,113,167.964578073466,73,0.327,24.4,11.75,928.5,804,789,700,686,13,"GE BrightSpeed Excel"
1341070,6,-2.83692,48.00435,113,202.418850498792,66,0.307,22.2,11.75,928.5,800,775,696,675,13,"GE BrightSpeed Excel"
1341088,1,4.01212,47.5129,272,66.7551528240698,17,0.142,12.5,11.35,862.2,722,718,628,625,13,"GE BrightSpeed Excel"
1341088,6,4.01212,47.5129,272,47.3746245848237,16,0.115,12.1,11.35,862.2,784,774,682,674,13,"GE BrightSpeed Excel"
1341190,1,0.58269,46.01797,223,54.9114966778638,10,0.102,10.2,12.1,938.8,737,726,641,632,13,"GE BrightSpeed Excel"
1341190,7,0.58269,46.01797,223,48.4513205981152,9,0.088,8.3,12.1,938.8,682,685,593,596,13,"GE BrightSpeed Excel"
1341200,3,3.42266,45.95441,276,106.592905315853,28,0.211,13,12.4,814.5,777,776,676,675,13,"GE BrightSpeed Excel"
1341212,3,1.38376,47.4851,96,241.179906977284,81,0.478,27.7,12.05,687.4,759,745,660,648,13,"GE BrightSpeed Excel"
1341251,9,1.34903,46.49516,156,200.265458472209,85,0.319,23.5,12.25,850.7,695,659,605,573,13,"GE BrightSpeed Excel"
1341294,1,6.74561,48.4319,341,219.645986711455,49,0.315,18.1,10.45,979.8,766,809,666,704,13,"GE BrightSpeed Excel"
1341329,4,1.27029,45.19882,195,161.504401993717,43,0.216,17.5,12.7,966.1,741,696,645,606,13,"GE BrightSpeed Excel"
1341329,12,1.27029,45.19882,195,185.191714286129,56,0.292,16.8,12.7,966.1,759,755,660,657,13,"GE BrightSpeed Excel"
1341366,6,4.82443,46.7063,204,256.253651163365,96,0.563,25.8,11.95,801.5,767,745,667,648,13,"GE BrightSpeed Excel"
1341378,10,4.94067,48.57544,160,228.259554817787,150,0.506,29,11.25,902,692,662,602,576,13,"GE BrightSpeed Excel"
1341539,1,1.44377,45.48824,338,185.191714286129,45,0.366,15.1,11.8,1144.7,716,717,623,624,13,"GE BrightSpeed Excel"
1341651,6,1.59044,45.99315,359,109.822993355728,66,0.247,18,11.25,1149.8,760,737,661,641,13,"GE BrightSpeed Excel"
1341681,12,0.32052,46.12158,140,82.9055930234415,27,0.166,15,12.45,851.2,715,719,622,626,13,"GE BrightSpeed Excel"
1341691,3,-0.15089,45.10408,22,211.032418605124,78,0.514,23.9,13.5,838.2,697,688,607,599,13,"GE BrightSpeed Excel"
1341732,8,3.22286,49.5533,45,255.176955150073,90,0.569,29.3,11.3,686.9,769,773,669,672,13,"GE BrightSpeed Excel"
1341776,9,5.06696,46.84479,190,257.330347176656,109,0.608,30,11.9,864.4,721,685,627,596,13,"GE BrightSpeed Excel"
1341942,2,3.83702,45.06787,668,256.253651163365,184,0.563,20,10.2,655.5,765,757,665,659,13,"GE BrightSpeed Excel"
1341942,6,3.83702,45.06787,668,260.56043521653,204,0.619,15.5,10.2,655.5,811,769,705,669,13,"GE BrightSpeed Excel"
1342009,1,-2.84953,47.85959,144,152.890833887386,19,0.25,10.6,12,1067.7,859,867,748,754,13,"GE BrightSpeed Excel"
1342155,8,1.85822,47.84781,104,214.262506644998,86,0.387,28.2,11.8,703.5,758,744,659,647,13,"GE BrightSpeed Excel"
1342244,9,0.12379,44.58802,100,218.569290698164,57,0.46,25.8,13.6,801.3,751,738,653,642,13,"GE BrightSpeed Excel"
1342244,10,0.12379,44.58802,100,240.103210963993,62,0.494,23.6,13.6,801.3,773,748,672,651,13,"GE BrightSpeed Excel"
1342307,10,1.93037,48.891,156,270.250699336153,98,0.737,28,11.45,678.9,889,861,774,749,13,"GE Revolution EVO"
1342402,1,4.06621,49.99325,229,237.94981893741,88,0.477,27.5,10.15,964.5,700,685,609,596,13,"GE BrightSpeed Excel"
1342402,11,4.06621,49.99325,229,230.41294684437,90,0.47,28.3,10.15,964.5,707,699,615,608,13,"GE BrightSpeed Excel"
1342442,6,1.89792,46.28268,390,268.097307309571,59,0.489,21,11.2,931.5,731,722,636,628,13,"GE BrightSpeed Excel"
1342460,4,6.16967,48.32599,364,101.209425249396,15,0.11,8.3,10.2,870.6,741,762,644,663,13,"GE BrightSpeed Excel"
1342483,13,7.29542,48.80638,258,141.04717774118,70,0.331,19.7,10.55,874.9,835,830,726,722,13,"GE BrightSpeed Excel"
1342518,1,-2.37572,47.95176,76,184.115018272838,58,0.41,18.2,11.95,809.9,768,734,668,638,13,"GE BrightSpeed Excel"
1342518,5,-2.37572,47.95176,76,275.634179402611,59,0.594,17.6,11.95,809.9,785,775,683,675,13,"GE BrightSpeed Excel"
1342559,6,2.41494,44.84411,654,257.330347176656,84,0.492,19.8,10.75,1226.7,714,712,622,620,13,"GE BrightSpeed Excel"
1342581,3,1.37696,47.86283,152,232.566338870953,106,0.476,28,11.6,669.5,727,707,633,615,13,"GE BrightSpeed Excel"
1342745,21,-0.14726,47.30041,81,105.516209302562,32,0.23,16,12.65,659.8,745,734,648,639,13,"GE BrightSpeed Excel"
1342776,3,4.80403,46.83275,202,202.418850498792,85,0.496,27.9,11.9,739.2,667,658,580,573,13,"GE BrightSpeed Excel"
1342776,4,4.80403,46.83275,202,343.466028239972,95,0.633,30.5,11.9,739.2,660,627,574,545,13,"GE BrightSpeed Excel"
1342780,10,-3.20522,48.18579,194,179.808234219672,56,0.372,21,11.2,1123.4,725,715,631,622,13,"GE BrightSpeed Excel"
1342780,15,-3.20522,48.18579,194,320.855411960851,68,0.785,24.5,11.2,1123.4,746,732,649,637,13,"GE BrightSpeed Excel"
1342784,6,-1.45262,48.16538,86,273.480787376028,85,0.555,21.3,11.9,823.8,772,762,671,663,13,"GE BrightSpeed Excel"
1342915,8,2.98475,46.01176,597,155.044225913968,64,0.227,12.3,10.25,812.3,681,653,593,568,13,"GE BrightSpeed Excel"
1343060,3,1.50537,43.09686,384,288.554531562108,73,0.497,26,12.95,923.6,703,690,612,601,13,"GE BrightSpeed Excel"
1343061,3,0.39134,47.04078,116,124.896737541808,37,0.268,19.5,12.35,673.4,704,695,613,605,13,"GE BrightSpeed Excel"
1343178,11,2.17935,47.68679,134,215.33920265829,65,0.435,17.3,11.65,762.8,778,765,677,665,13,"GE BrightSpeed Excel"
1343202,5,-4.03682,47.92701,16,178.73153820638,51,0.35,22.5,12.35,1090.1,776,744,675,647,13,"GE BrightSpeed Excel"
1343207,1,5.68682,46.68425,539,206.725634551958,145,0.378,19.4,10.1,1520.4,671,662,584,576,13,"GE BrightSpeed Excel"
1343283,1,2.28738,46.10358,472,137.817089701305,109,0.306,12.5,10.65,857.5,774,772,673,672,13,"GE BrightSpeed Excel"
1343283,2,2.28738,46.10358,472,203.495546512084,116,0.498,12.7,10.65,857.5,788,779,686,678,13,"GE BrightSpeed Excel"
1343325,7,0.17457,43.92338,142,317.625323920977,96,0.61,26.6,13.75,799.3,736,722,640,628,13,"GE BrightSpeed Excel"
1343427,9,1.18042,49.51508,163,251.946867110199,131,0.457,25.8,10.95,967.8,744,769,647,669,13,"GE BrightSpeed Excel"
1343431,14,2.2372,45.25787,460,261.637131229822,129,0.524,19.1,11.7,1123.2,781,763,680,664,13,"GE BrightSpeed Excel"
1343514,6,2.36502,46.15757,360,144.277265781054,68,0.333,26,11.05,812.4,753,753,655,655,13,"GE BrightSpeed Excel"
1343551,2,1.07084,45.01679,209,225.029466777913,73,0.54,19.5,12.9,880.4,673,666,585,580,13,"GE BrightSpeed Excel"
1343587,6,6.59397,48.56351,266,203.495546512084,84,0.463,20.9,10.6,814.8,740,734,644,639,13,"GE BrightSpeed Excel"
1343630,10,5.53072,48.47102,375,291.784619601982,113,0.479,20.7,10.1,977.3,718,698,624,607,13,"GE BrightSpeed Excel"
1343666,8,0.90621,45.50064,281,133.51030564814,67,0.456,25.6,12.25,1102.1,841,829,731,721,13,"GE BrightSpeed Excel"
1343666,9,0.90621,45.50064,281,228.259554817787,64,0.521,22.9,12.25,1102.1,737,717,641,624,13,"GE BrightSpeed Excel"
1343669,12,4.88037,48.45083,167,159.351009967134,120,0.328,25,11.15,841.7,651,614,566,534,13,"GE BrightSpeed Excel"
1343766,3,1.78352,47.32579,112,151.814137874094,65,0.376,19.3,11.95,733.7,785,757,683,659,13,"GE BrightSpeed Excel"
1343815,24,4.54933,47.01795,439,229.336250831078,105,0.419,18.6,10.7,808.2,767,737,667,641,13,"GE BrightSpeed Excel"
1343883,9,-0.02037,44.42307,89,160.427705980426,65,0.316,22.8,13.55,845.2,763,751,664,653,13,"GE BrightSpeed Excel"
1344070,2,-0.97087,49.06163,107,206.725634551958,98,0.421,22,11.3,998.9,757,742,659,645,13,"GE BrightSpeed Excel"
1344151,1,4.93869,46.36169,206,190.575194352586,56,0.368,23,12.15,922.9,741,719,644,626,13,"GE BrightSpeed Excel"
1344172,1,3.74839,46.58068,221,291.784619601982,114,0.589,23,11.85,822.6,652,649,568,564,13,"GE Revolution EVO"
1344205,6,0.47242,49.25461,173,329.468980067183,102,0.737,24.1,10.95,911.1,754,740,656,644,13,"GE BrightSpeed Excel"
1344359,4,-1.5589,47.78374,45,297.16809966844,81,0.527,22.2,12.2,826,796,785,692,683,13,"GE BrightSpeed Excel"
1344359,8,-1.5589,47.78374,45,176.578146179797,75,0.426,25.6,12.2,826,804,793,699,690,13,"GE BrightSpeed Excel"
1344380,7,8.03221,48.80938,118,284.247747508942,130,0.562,21.6,11.45,803.8,732,741,636,645,13,"GE BrightSpeed Excel"
1344394,1,0.3634,44.93447,98,219.645986711455,78,0.428,15.7,13.3,861.3,798,757,694,659,13,"GE BrightSpeed Excel"
1344394,2,0.3634,44.93447,98,149.660745847511,44,0.342,16.7,13.3,861.3,794,793,691,690,13,"GE BrightSpeed Excel"
1344418,7,1.74592,50.72196,69,172.271362126632,103,0.44,18.8,10.75,1027.6,695,683,605,594,13,"GE BrightSpeed Excel"
1344445,7,-1.1716,48.39011,138,310.088451827937,200,0.607,30.5,11.45,978.6,884,879,769,765,13,"GE BrightSpeed Excel"
1344509,5,3.05455,47.39684,199,191.651890365878,98,0.434,23.6,11.75,818.4,788,757,686,659,13,"GE BrightSpeed Excel"
1344509,9,3.05455,47.39684,199,222.87607475133,114,0.501,23,11.75,818.4,736,708,641,616,13,"GE BrightSpeed Excel"
1344559,12,6.98516,48.38668,420,170.117970100049,33,0.39,23.7,9.9,1249.7,763,754,664,656,13,"GE BrightSpeed Excel"
1344572,2,4.41319,48.2621,156,242.256602990576,125,0.508,28,11.35,793.5,653,643,568,560,13,"GE BrightSpeed Excel"
1344658,25,1.7039,45.11218,324,208.879026578541,92,0.469,16.7,11.95,1176.4,807,777,702,676,13,"GE Revolution EVO"
1344663,6,0.53534,47.45703,101,82.9055930234415,51,0.202,11.5,11.95,740,832,795,724,692,13,"GE BrightSpeed Excel"
1344690,2,2.65328,46.75093,226,270.250699336153,100,0.686,25.3,11.85,784.1,651,644,566,561,13,"GE BrightSpeed Excel"
1344690,26,2.65328,46.75093,226,139.970481727888,52,0.342,25.7,11.85,784.1,820,822,714,715,13,"GE BrightSpeed Excel"
1344759,1,2.41454,44.5563,256,347.772812293138,88,0.717,27.3,12.95,1010.8,742,730,646,635,13,"GE BrightSpeed Excel"
1344759,2,2.41454,44.5563,256,180.884930232963,37,0.228,13.4,12.95,1010.8,737,691,641,601,13,"GE BrightSpeed Excel"
1344778,8,-0.16008,43.61043,175,277.787571429194,79,0.524,28.1,13.95,1002.4,731,713,636,620,13,"GE BrightSpeed Excel"
1344780,1,4.82549,48.43401,154,138.893785714597,35,0.296,17,11.3,817.8,799,790,695,687,13,"GE BrightSpeed Excel"
1344877,4,2.09822,47.95646,124,87.2123770766073,15,0.184,12.6,11.65,727.2,756,756,657,658,13,"GE BrightSpeed Excel"
1344877,5,2.09822,47.95646,124,47.3746245848237,15,0.091,11,11.65,727.2,769,761,669,662,13,"GE BrightSpeed Excel"
1344880,1,3.63183,48.25531,138,270.250699336153,125,0.587,25,11.25,747.6,764,735,665,639,13,"GE BrightSpeed Excel"
1344908,5,1.5201,48.97876,165,307.935059801354,148,0.593,20.5,11.2,694.3,676,681,588,592,13,"GE BrightSpeed Excel"
1344969,1,4.02068,45.26317,575,120.589953488642,75,0.255,13.5,10.8,760.5,712,704,619,612,13,"GE BrightSpeed Excel"
1344998,15,2.69287,48.78331,114,72.138632890527,200,0.958,27.9,11.75,733.9,687,689,598,599,13,"GE BrightSpeed Excel"
1345081,5,1.32933,44.74959,147,233.643034884244,73,0.461,25.2,13.35,827.9,773,748,673,651,13,"GE BrightSpeed Excel"
1345105,6,0.54737,47.88905,158,149.660745847511,35,0.374,20,11.65,732.6,793,786,690,684,13,"GE BrightSpeed Excel"
1345105,10,0.54737,47.88905,158,119.513257475351,32,0.267,18.2,11.65,732.6,876,840,762,731,13,"GE BrightSpeed Excel"
1345158,1,2.54402,45.56359,589,223.952770764621,76,0.471,19.9,10.35,1191.9,816,811,710,706,13,"GE BrightSpeed Excel"
1345158,3,2.54402,45.56359,589,223.952770764621,83,0.519,22.3,10.35,1191.9,775,765,674,666,13,"GE BrightSpeed Excel"
1345206,1,4.26864,47.99472,273,117.359865448768,69,0.294,21.5,10.8,882.5,665,660,579,575,13,"GE BrightSpeed Excel"
1345206,2,4.26864,47.99472,273,108.746297342436,70,0.228,18,10.8,882.5,714,719,621,626,13,"GE BrightSpeed Excel"
1345228,15,0.30622,45.11339,102,167.964578073466,181,0.59,22.3,13.25,880.1,699,694,608,604,13,"GE BrightSpeed Excel"
1345331,1,-1.14003,45.47369,14,63.5250647841954,21,0.243,8.2,13.6,839.4,859,854,747,743,13,"GE BrightSpeed Excel"
1345340,2,-1.16462,43.43861,67,189.498498339295,74,0.365,31.2,14.25,1446.2,783,752,682,654,13,"GE BrightSpeed Excel"
1345340,3,-1.16462,43.43861,67,164.734490033591,74,0.451,28.9,14.25,1446.2,869,840,756,731,13,"GE BrightSpeed Excel"
1345345,11,1.26356,42.91502,657,345.619420266555,45,0.596,19.4,11.25,1353.5,806,794,701,691,13,"GE BrightSpeed Excel"
1345365,10,3.75357,46.77858,233,221.799378738038,127,0.433,22.8,11.8,912.4,721,696,627,605,13,"GE BrightSpeed Excel"
1345365,11,3.75357,46.77858,233,221.799378738038,129,0.569,26,11.8,912.4,749,739,652,643,13,"GE BrightSpeed Excel"
1345396,15,0.31331,45.61747,108,164.734490033591,31,0.35,21.3,12.95,902.3,789,783,686,681,13,"GE BrightSpeed Excel"
1345461,3,0.33764,45.6539,116,171.19466611334,51,0.333,17.5,13,892.3,799,798,695,695,13,"GE BrightSpeed Excel"
1345565,5,1.16938,46.36749,183,99.0560332228132,12,0.108,6.4,12.3,866.7,743,709,646,617,13,"GE BrightSpeed Excel"
1345565,11,1.16938,46.36749,183,83.9822890367329,13,0.111,7.9,12.3,866.7,718,730,624,635,13,"GE BrightSpeed Excel"
1345691,7,1.2064,44.58649,213,162.581098007009,85,0.355,23.9,13.15,889.7,850,827,740,720,13,"GE BrightSpeed Excel"
1345858,6,-0.90698,43.24881,211,232.566338870953,74,0.514,19.2,13.65,1360,891,861,775,749,13,"GE BrightSpeed Excel"
1345908,1,-3.56711,47.80742,59,141.04717774118,46,0.244,14.1,12.3,1012.4,765,756,665,658,13,"GE Revolution EVO"
1345964,1,2.285,48.62204,42,146.430657807637,30,0.28,15.7,11.95,665.9,785,780,683,678,13,"GE BrightSpeed Excel"
1345967,8,5.86347,46.98512,392,165.811186046883,141,0.485,18.8,10.9,1347.7,748,738,651,642,13,"GE BrightSpeed Excel"
1345995,9,2.08245,45.67145,848,73.2153289038184,34,0.149,9.4,8.9,1356.4,806,789,701,686,13,"GE BrightSpeed Excel"
1346002,11,-0.4902,43.27856,177,180.884930232963,42,0.523,33.7,14,1240.5,806,798,701,694,13,"GE BrightSpeed Excel"
1346033,6,4.51357,46.78464,288,260.56043521653,116,0.472,25.5,11.4,836,638,599,555,522,13,"GE Revolution EVO"
1346041,3,2.31358,45.34787,590,148.58404983422,70,0.366,21.9,10.95,1095.7,715,709,622,617,13,"GE BrightSpeed Excel"
1346201,6,2.31419,43.90893,319,306.858363788063,149,0.685,27.9,12.75,930.4,699,666,608,580,13,"GE BrightSpeed Excel"
1346201,7,2.31419,43.90893,319,264.867219269696,95,0.47,26.8,12.75,930.4,763,744,664,647,13,"GE BrightSpeed Excel"
1346239,12,2.46868,46.19348,344,216.415898671581,131,0.476,19.5,11.2,824.3,754,732,656,637,13,"GE BrightSpeed Excel"
1346347,2,2.01443,44.14221,179,159.351009967134,53,0.238,21.1,13.25,857.8,751,709,653,617,13,"GE BrightSpeed Excel"
1346347,5,2.01443,44.14221,179,205.648938538667,71,0.406,21.2,13.25,857.8,787,769,684,669,13,"GE BrightSpeed Excel"
1346431,1,2.39159,46.84132,165,272.404091362736,51,0.491,20.8,12.1,758.4,762,739,663,643,13,"GE BrightSpeed Excel"
1346472,4,1.96811,47.41647,103,130.280217608265,62,0.288,21.8,11.9,760.7,763,765,664,666,13,"GE BrightSpeed Excel"
1346472,7,1.96811,47.41647,103,257.330347176656,105,0.482,21.8,11.9,760.7,761,720,662,626,13,"GE BrightSpeed Excel"
1346484,11,1.7549,47.52354,94,85.0589850500244,46,0.162,15.4,11.9,723.5,775,755,674,657,13,"GE BrightSpeed Excel"
1346526,14,2.16437,44.10658,299,15.0737441860803,150,0.557,21.6,12.95,894.3,725,725,631,630,13,"GE Revolution EVO"
1346607,26,0.84346,43.08967,385,194.881978405752,53,0.435,25.5,12.75,895.8,777,781,676,679,13,"GE BrightSpeed Excel"
1346743,2,1.63973,48.20642,134,194.881978405752,135,0.528,23,11.4,614.3,788,772,686,672,13,"GE BrightSpeed Excel"
1346819,8,-1.09527,48.05035,112,341.312636213389,102,0.665,27.3,11.65,866,702,680,611,591,13,"GE BrightSpeed Excel"
1346867,1,0.65952,46.88303,140,293.938011628565,64,0.464,22,12.2,730.5,745,723,648,629,13,"GE BrightSpeed Excel"
1346867,3,0.65952,46.88303,140,83.9822890367329,27,0.222,16.6,12.2,730.5,793,770,690,670,13,"GE BrightSpeed Excel"
1346876,2,-3.2454,48.31009,252,101.209425249396,60,0.17,10.4,11.1,1125,718,740,625,644,13,"GE BrightSpeed Excel"
1346876,6,-3.2454,48.31009,252,135.663697674722,65,0.184,12.4,11.1,1125,677,651,589,566,13,"GE BrightSpeed Excel"
1346936,11,0.04022,44.78425,107,151.814137874094,78,0.461,23.3,13.5,811.2,856,853,745,742,13,"GE BrightSpeed Excel"
1346936,21,0.04022,44.78425,107,278.864267442485,145,0.583,24.6,13.5,811.2,761,746,662,649,13,"GE BrightSpeed Excel"
1347012,8,1.96674,47.61436,119,329.468980067183,119,0.606,21.2,11.8,771,768,741,668,644,13,"GE BrightSpeed Excel"
1347046,8,1.73434,49.33945,125,151.814137874094,68,0.325,18.4,11.1,750.5,815,817,709,710,13,"GE BrightSpeed Excel"
1347060,22,-0.63204,48.40492,111,203.495546512084,57,0.479,24.6,11.5,850,807,797,702,693,13,"GE BrightSpeed Excel"
1347060,28,-0.63204,48.40492,111,235.796426910827,48,0.448,21.6,11.5,850,712,719,620,625,13,"GE BrightSpeed Excel"
1347191,4,2.96035,46.13786,463,226.106162791204,104,0.519,22.1,10.8,812.8,799,786,695,684,13,"GE BrightSpeed Excel"
1347191,6,2.96035,46.13786,463,220.722682724747,103,0.414,16.3,10.8,812.8,736,727,640,633,13,"GE BrightSpeed Excel"
1347198,4,5.27031,45.75939,414,208.879026578541,50,0.43,13.5,11.7,1024.8,829,829,721,721,13,"GE BrightSpeed Excel"
1347200,21,0.28771,47.68685,58,177.654842193089,44,0.419,17,12.1,725.8,836,816,727,710,13,"GE BrightSpeed Excel"
1347227,21,-3.55255,48.63769,75,204.572242525375,75,0.369,25.2,11.6,948.3,737,735,641,640,13,"GE BrightSpeed Excel"
1347249,1,4.80009,47.89477,276,225.029466777913,144,0.502,22.3,10.7,926.4,709,686,617,597,13,"GE BrightSpeed Excel"
1347249,11,4.80009,47.89477,276,200.265458472209,121,0.395,24.9,10.7,926.4,731,731,636,636,13,"GE BrightSpeed Excel"
1347283,20,2.3895,44.68223,501,160.427705980426,45,0.34,15.4,11.75,1140.5,766,754,666,656,13,"GE BrightSpeed Excel"
1347330,9,3.873,49.13345,240,204.572242525375,85,0.421,24.7,10.5,789.5,716,707,623,615,13,"GE BrightSpeed Excel"
1347363,9,2.64821,45.86924,603,175.501450166506,54,0.479,16.9,10.3,876.6,705,695,613,605,13,"GE BrightSpeed Excel"
1347582,1,1.29243,46.7286,114,109.822993355728,37,0.256,12.6,12.4,758.1,740,722,644,628,13,"GE BrightSpeed Excel"
1347602,20,1.61077,46.40716,253,157.197617940551,67,0.267,20,11.8,907.9,776,756,675,658,13,"GE BrightSpeed Excel"
1347602,27,1.61077,46.40716,253,227.182858804495,129,0.596,18.6,11.8,907.9,718,706,625,615,13,"GE BrightSpeed Excel"
1347663,5,0.34002,44.88006,40,131.356913621557,48,0.183,14.1,13.55,819.9,800,755,696,657,13,"GE BrightSpeed Excel"
1347663,12,0.34002,44.88006,40,148.58404983422,49,0.223,17.4,13.55,819.9,817,780,711,679,13,"GE BrightSpeed Excel"
1347689,14,5.4009,48.56442,305,170.117970100049,66,0.284,19,10.25,1056.3,774,757,673,659,13,"GE BrightSpeed Excel"
1347797,4,1.25451,46.00842,348,119.513257475351,25,0.229,16.4,11.55,1150.7,606,590,527,513,13,"GE BrightSpeed Excel"
1347807,5,2.96056,48.42262,115,257.330347176656,103,0.547,28.4,11.5,736,673,690,585,600,13,"GE BrightSpeed Excel"
1347807,14,2.96056,48.42262,115,208.879026578541,136,0.46,30.5,11.5,736,654,624,569,543,13,"GE BrightSpeed Excel"
1347915,6,2.87143,47.6317,179,261.637131229822,95,0.49,21.5,11.5,763.3,698,688,608,599,13,"GE BrightSpeed Excel"
1347964,2,4.17497,49.91982,258,99.0560332228132,20,0.158,14.6,10.05,1024.4,726,724,631,630,13,"GE BrightSpeed Excel"
1347995,3,-1.78745,48.31616,65,82.9055930234415,15,0.142,10.5,11.85,775.2,803,769,699,669,13,"GE BrightSpeed Excel"
1347995,4,-1.78745,48.31616,65,62.448368770904,14,0.124,10.6,11.85,775.2,776,770,675,670,13,"GE BrightSpeed Excel"
1348163,5,1.3499,47.88059,136,151.814137874094,64,0.264,21.2,11.6,660,802,761,698,662,13,"GE BrightSpeed Excel"
1348163,7,1.3499,47.88059,136,144.277265781054,68,0.295,21.2,11.6,660,793,782,690,681,13,"GE BrightSpeed Excel"
1348230,1,2.01697,43.69271,255,221.799378738038,94,0.409,18.3,13.65,817,725,709,630,616,13,"GE BrightSpeed Excel"
1348308,10,3.38687,45.4329,564,82.9055930234415,54,0.166,9.8,10.75,813.2,789,799,686,695,13,"GE BrightSpeed Excel"
1348355,14,5.27464,46.80364,206,147.507353820928,27,0.273,17.1,11.75,975,792,779,689,678,13,"GE Revolution EVO"
1348481,3,0.84067,45.0859,174,117.359865448768,29,0.197,21.2,12.8,939.8,675,677,588,589,13,"GE BrightSpeed Excel"
1348481,12,0.84067,45.0859,174,145.353961794345,29,0.246,21.2,12.8,939.8,795,798,692,694,13,"GE BrightSpeed Excel"
1348491,21,1.51028,46.17254,379,221.799378738038,124,0.45,25,11.5,1042.8,718,716,625,623,13,"GE BrightSpeed Excel"
1348658,16,3.43491,46.56614,257,135.663697674722,73,0.253,18.2,11.75,813.2,742,723,645,629,13,"GE BrightSpeed Excel"
1348658,18,3.43491,46.56614,257,85.0589850500244,58,0.177,17,11.75,813.2,732,712,637,620,13,"GE BrightSpeed Excel"
1348732,4,6.88004,48.73295,278,167.964578073466,75,0.232,21.2,10.45,894.1,692,643,602,560,13,"GE BrightSpeed Excel"
1348732,8,6.88004,48.73295,278,172.271362126632,67,0.258,22,10.45,894.1,719,640,626,556,13,"GE BrightSpeed Excel"
1348785,2,-0.291,48.07115,135,137.817089701305,70,0.262,25.2,11.6,853.5,756,738,658,642,13,"GE BrightSpeed Excel"
1348785,4,-0.291,48.07115,135,300.398187708314,90,0.533,24,11.6,853.5,817,811,711,705,13,"GE BrightSpeed Excel"
1348832,14,1.37072,43.81473,157,136.740393688014,39,0.251,18.6,13.8,724.3,700,667,609,580,13,"GE BrightSpeed Excel"
1348886,2,1.85903,47.75787,120,122.743345515225,38,0.254,13.1,11.7,731.7,789,774,686,674,13,"GE BrightSpeed Excel"
1348972,2,6.37662,47.50865,286,329.468980067183,157,0.671,29.3,11,1083.6,616,591,536,514,13,"GE BrightSpeed Excel"
1348972,11,6.37662,47.50865,286,312.24184385452,156,0.61,27,11,1083.6,651,629,567,548,13,"GE BrightSpeed Excel"
1348980,1,-0.38633,48.35687,311,239.026514950701,23,0.356,11.6,10.85,939.9,743,759,646,661,13,"GE BrightSpeed Excel"
1349033,1,1.62745,45.12971,343,228.259554817787,109,0.443,20.5,12.35,1086.4,824,804,717,700,13,"GE BrightSpeed Excel"
1349033,8,1.62745,45.12971,343,190.575194352586,114,0.458,21.1,12.35,1086.4,758,739,660,643,13,"GE BrightSpeed Excel"
1349051,8,2.75391,49.60972,102,206.725634551958,80,0.477,25.3,11.05,698.7,846,842,736,733,13,"GE BrightSpeed Excel"
1349051,16,2.75391,49.60972,102,220.722682724747,78,0.465,25.7,11.05,698.7,765,761,666,662,13,"GE BrightSpeed Excel"
1349076,2,2.98847,48.4944,133,296.091403655148,93,0.644,29.5,11.35,756.7,690,690,600,600,13,"GE BrightSpeed Excel"
1349076,3,2.98847,48.4944,133,270.250699336153,87,0.537,30,11.35,756.7,772,780,672,679,13,"GE BrightSpeed Excel"
1349194,17,-3.63569,47.82196,26,211.032418605124,74,0.39,18.8,12.45,1029.7,999,991,870,862,13,"GE Revolution EVO"
1349482,1,0.83549,46.21959,185,181.961626246255,73,0.308,19,12.15,903.8,824,751,717,653,13,"GE Revolution EVO"
1349482,7,0.83549,46.21959,185,203.495546512084,81,0.406,20.4,12.15,903.8,791,756,688,657,13,"GE Revolution EVO"
1349522,1,0.46221,45.76405,190,127.050129568391,40,0.381,18.5,12.7,944.9,704,701,613,610,13,"GE BrightSpeed Excel"
1349588,10,-0.88935,47.31807,131,179.808234219672,63,0.44,25,12.2,787.3,786,765,683,666,13,"GE BrightSpeed Excel"
1349641,2,-3.18673,47.75395,8,184.115018272838,30,0.301,19.5,12.55,976.8,818,822,712,715,13,"GE BrightSpeed Excel"
1349641,21,-3.18673,47.75395,8,159.351009967134,29,0.281,15.1,12.55,976.8,898,870,782,757,13,"GE BrightSpeed Excel"
1349679,1,0.05561,44.40669,132,232.566338870953,42,0.447,16.8,13.55,813.7,894,901,778,784,13,"GE BrightSpeed Excel"
1349684,2,4.85883,47.44358,490,290.707923588691,124,0.545,21.5,9.95,958.4,751,721,653,627,13,"GE BrightSpeed Excel"
1349694,2,5.70399,46.53967,511,185.191714286129,107,0.394,18,10.4,1548.7,779,767,678,667,13,"GE BrightSpeed Excel"
1349694,3,5.70399,46.53967,511,269.174003322862,143,0.462,14.3,10.4,1548.7,787,748,685,651,13,"GE BrightSpeed Excel"
1349704,8,0.49285,43.31789,306,232.566338870953,105,0.504,24.2,12.85,877.7,741,736,644,641,13,"GE BrightSpeed Excel"
1349704,10,0.49285,43.31789,306,231.489642857661,110,0.488,24.8,12.85,877.7,712,695,619,605,13,"GE BrightSpeed Excel"
1349732,1,0.62583,47.94419,172,178.73153820638,112,0.465,22,11.55,739.3,761,741,662,645,13,"GE BrightSpeed Excel"
1349736,6,2.6593,47.7584,155,171.19466611334,43,0.36,19.5,11.5,759.3,742,728,646,633,13,"GE BrightSpeed Excel"
1349736,8,2.6593,47.7584,155,131.356913621557,41,0.293,20.1,11.5,759.3,753,740,655,644,13,"GE BrightSpeed Excel"
1349746,3,1.36228,45.75747,347,249.793475083616,150,0.507,23.1,11.8,1071.2,769,721,669,627,13,"GE BrightSpeed Excel"
1349748,10,0.82922,49.25962,156,264.867219269696,63,0.523,22.7,11.1,830.9,849,846,739,736,13,"GE BrightSpeed Excel"
1349794,3,1.92833,45.68899,642,284.247747508942,89,0.598,24,10.05,1410.3,616,603,536,524,13,"GE BrightSpeed Excel"
1349794,6,1.92833,45.68899,642,191.651890365878,78,0.416,21.8,10.05,1410.3,701,693,609,603,13,"GE BrightSpeed Excel"
1349805,2,3.89571,48.07224,154,239.026514950701,111,0.548,29.7,11.25,783.9,754,738,656,642,13,"GE BrightSpeed Excel"
1349840,1,0.15595,45.05655,80,166.887882060174,131,0.364,19.8,13.4,849.7,804,790,700,688,13,"GE BrightSpeed Excel"
1349840,7,0.15595,45.05655,80,299.321491695022,161,0.662,26.1,13.4,849.7,766,748,666,651,13,"GE BrightSpeed Excel"
1349900,5,3.00081,49.4649,124,189.498498339295,106,0.489,24.9,11,698.3,723,711,629,618,13,"GE BrightSpeed Excel"
1349929,18,3.63652,49.53159,69,342.38933222668,90,0.624,31.4,11.15,692.7,669,657,582,571,13,"GE BrightSpeed Excel"
1349981,7,6.97537,47.66643,366,217.492594684872,104,0.521,28.3,10.7,1152.4,651,647,567,563,13,"GE BrightSpeed Excel"
1350017,11,5.94252,47.37889,269,151.814137874094,115,0.293,18.5,11.2,1069.9,712,660,620,574,13,"GE BrightSpeed Excel"
1350126,3,3.46271,50.41322,19,227.182858804495,80,0.424,27.4,11.3,740.6,661,645,575,561,13,"GE BrightSpeed Excel"
1350126,7,3.46271,50.41322,19,337.005852160223,83,0.616,30.1,11.3,740.6,649,657,565,572,13,"GE BrightSpeed Excel"
1350129,3,3.87074,49.97791,220,288.554531562108,115,0.654,27,10.2,944.9,677,657,589,571,13,"GE BrightSpeed Excel"
1350186,2,1.68776,48.6742,153,176.578146179797,58,0.449,26.2,11.2,683,839,818,730,711,13,"GE BrightSpeed Excel"
1350202,1,7.1484,47.51521,430,244.409995017159,49,0.646,23.5,10.2,1004.6,710,705,617,613,13,"GE BrightSpeed Excel"
1350208,5,5.55239,46.18387,504,85.0589850500244,52,0.161,12.5,10.5,1513.4,827,834,720,725,13,"GE BrightSpeed Excel"
1350208,12,5.55239,46.18387,504,149.660745847511,65,0.288,13.5,10.5,1513.4,808,775,703,675,13,"GE BrightSpeed Excel"
1350238,4,0.21358,47.54156,88,119.513257475351,64,0.286,16.3,12.1,733.8,827,817,719,711,13,"GE BrightSpeed Excel"
1350279,2,4.47171,49.69939,201,318.702019934269,200,0.679,23.6,10.25,1037,657,635,572,552,13,"GE BrightSpeed Excel"
1350388,1,2.71342,47.86616,112,71.0619368772356,16,0.154,11,11.7,715,713,715,621,622,13,"GE BrightSpeed Excel"
1350388,6,2.71342,47.86616,112,99.0560332228132,19,0.216,12,11.7,715,785,771,683,671,13,"GE BrightSpeed Excel"
1350403,4,2.23277,47.6149,141,192.728586379169,113,0.423,20.3,11.6,779.7,784,761,682,662,13,"GE BrightSpeed Excel"
1350446,12,2.71265,47.75824,145,149.660745847511,38,0.295,22.2,11.5,762.2,776,768,675,668,13,"GE BrightSpeed Excel"
1350482,4,1.7763,42.97284,439,227.182858804495,88,0.433,22.7,12.95,1030.1,732,720,637,626,13,"GE BrightSpeed Excel"
1350482,11,1.7763,42.97284,439,192.728586379169,90,0.364,21.1,12.95,1030.1,760,747,662,650,13,"GE BrightSpeed Excel"
1350551,13,-3.23187,48.43691,292,148.58404983422,40,0.236,9.7,10.75,1162.1,686,655,597,570,13,"GE BrightSpeed Excel"
1350583,4,3.73317,49.02732,212,176.578146179797,85,0.515,28.6,10.65,774.4,751,747,653,650,13,"GE BrightSpeed Excel"
1350587,1,4.90836,47.3705,461,302.551579734897,125,0.481,19.7,10.25,903.8,681,664,593,578,13,"GE BrightSpeed Excel"
1350587,10,4.90836,47.3705,461,213.185810631707,85,0.379,16.5,10.25,903.8,680,663,591,577,13,"GE BrightSpeed Excel"
1350633,1,1.67812,47.28925,97,153.967529900677,55,0.278,22.4,12.05,692.8,875,862,761,750,13,"GE BrightSpeed Excel"
1350633,2,1.67812,47.28925,97,141.04717774118,55,0.271,16.1,12.05,692.8,892,906,776,788,13,"GE BrightSpeed Excel"
1350708,5,2.54634,46.17537,396,185.191714286129,65,0.402,12.3,11.3,852.7,709,691,617,602,13,"GE BrightSpeed Excel"
1350726,2,2.20586,47.74079,144,111.976385382311,38,0.242,16.6,11.7,749.8,816,806,710,701,13,"GE BrightSpeed Excel"
1350772,4,-1.0723,45.20564,16,62.448368770904,16,0.145,11.6,13.7,896.4,660,659,574,573,13,"GE BrightSpeed Excel"
1350795,1,0.95467,45.60922,344,161.504401993717,53,0.294,18.5,11.75,1183,887,889,772,773,13,"GE BrightSpeed Excel"
1350846,10,-0.11063,43.61156,147,192.728586379169,69,0.395,27.4,14,978.7,639,642,556,559,13,"GE BrightSpeed Excel"
1350846,11,-0.11063,43.61156,147,197.035370432335,33,0.274,24.7,14,978.7,631,636,549,553,13,"GE BrightSpeed Excel"
1350876,9,3.76696,49.26057,117,230.41294684437,150,0.536,22.7,10.95,728.6,633,605,550,526,13,"GE BrightSpeed Excel"
1350876,17,3.76696,49.26057,117,225.029466777913,145,0.427,22,10.95,728.6,682,636,594,553,13,"GE BrightSpeed Excel"
1350952,2,0.28059,47.18283,98,163.6577940203,52,0.317,19.4,12.35,678.1,763,725,664,631,13,"GE BrightSpeed Excel"
1350952,6,0.28059,47.18283,98,171.19466611334,42,0.317,19.6,12.35,678.1,745,749,648,652,13,"GE BrightSpeed Excel"
1351007,9,1.27615,46.22457,279,68.9085448506527,12,0.115,10.1,11.85,968.9,765,735,666,639,13,"GE BrightSpeed Excel"
1351083,4,2.93519,48.5666,107,232.566338870953,154,0.496,30.5,11.45,741.9,633,617,551,536,13,"GE BrightSpeed Excel"
1351092,1,2.2627,45.2399,542,165.811186046883,42,0.333,14.8,11,1142.3,808,797,703,693,13,"GE BrightSpeed Excel"
1351092,20,2.2627,45.2399,542,167.964578073466,30,0.297,14.3,11,1142.3,819,826,713,718,13,"GE BrightSpeed Excel"
1351225,22,5.95314,47.14443,318,194.881978405752,112,0.402,25,10.9,1222,751,732,653,636,13,"GE BrightSpeed Excel"
1351247,15,6.16332,46.02073,818,116.283169435476,49,0.273,19.3,9.25,1375,777,775,676,675,13,"GE BrightSpeed Excel"
1351365,4,0.61912,43.21213,326,217.492594684872,93,0.529,26.1,12.9,895.3,763,748,664,651,13,"GE BrightSpeed Excel"
1351398,2,2.18426,45.97753,528,51.6814086379895,11,0.087,6.9,10.35,944.7,777,712,676,619,13,"GE BrightSpeed Excel"
1351398,5,2.18426,45.97753,528,54.9114966778638,13,0.114,8.7,10.35,944.7,763,753,664,655,13,"GE BrightSpeed Excel"
1351477,11,5.15955,46.60848,194,274.557483389319,120,0.554,22.4,11.95,1008.6,686,658,596,572,13,"GE BrightSpeed Excel"
1351494,8,0.22153,43.33088,219,186.26841029942,68,0.352,24.9,13.6,907.6,718,687,625,597,13,"GE BrightSpeed Excel"
1351494,11,0.22153,43.33088,219,208.879026578541,70,0.597,29.7,13.6,907.6,833,817,725,711,13,"GE BrightSpeed Excel"
1351521,1,1.702,47.50527,101,353.156292359595,177,0.631,16.4,11.9,717.8,713,670,620,583,13,"GE BrightSpeed Excel"
1351521,2,1.702,47.50527,101,192.728586379169,57,0.363,18.6,11.9,717.8,763,753,664,655,13,"GE BrightSpeed Excel"
1351547,10,2.28588,47.72286,138,200.265458472209,73,0.358,23,11.65,744,785,754,683,656,13,"GE BrightSpeed Excel"
1351708,7,5.76184,47.04223,256,262.713827243113,93,0.607,25.5,11.55,1176.2,764,740,665,643,13,"GE BrightSpeed Excel"
1351720,12,-3.08689,48.60587,95,340.235940200098,74,0.521,23,11.6,839.3,869,865,756,752,13,"GE BrightSpeed Excel"
1351900,6,0.90275,47.6061,116,275.634179402611,111,0.525,29,11.9,713.1,734,707,638,615,13,"GE BrightSpeed Excel"
1351928,2,1.36387,45.66751,290,230.41294684437,44,0.381,24,12,1026.9,726,732,632,636,13,"GE BrightSpeed Excel"
1351967,8,2.87949,45.81438,804,179.808234219672,70,0.325,19.2,9.15,959.9,741,745,644,648,13,"GE BrightSpeed Excel"
1351967,10,2.87949,45.81438,804,260.56043521653,72,0.483,19.3,9.15,959.9,811,807,705,702,13,"GE BrightSpeed Excel"
1352059,1,4.06462,45.85641,379,188.421802326003,73,0.358,22.4,11.9,696.8,831,781,723,679,13,"GE BrightSpeed Excel"
1352064,5,0.00297,45.07143,52,173.348058139923,54,0.349,21.6,13.45,845,776,773,675,673,13,"GE BrightSpeed Excel"
1352066,1,2.97036,49.23148,112,234.719730897536,143,0.639,29.5,11.2,757.8,736,727,640,632,13,"GE BrightSpeed Excel"
1352066,7,2.97036,49.23148,112,287.477835548817,133,0.57,31.4,11.2,757.8,782,791,680,688,13,"GE BrightSpeed Excel"
1352102,1,5.03071,47.1697,215,225.029466777913,75,0.392,30.1,11.65,777.6,730,724,635,630,13,"GE BrightSpeed Excel"
1352134,8,-0.94765,46.97429,94,226.106162791204,91,0.425,23.2,12.3,883.5,658,641,572,557,13,"GE BrightSpeed Excel"
1352206,1,2.20613,47.63286,141,95.8259451829389,44,0.214,16.2,11.65,776.5,690,685,600,596,13,"GE BrightSpeed Excel"
1352225,10,6.49109,47.61268,291,128.126825581682,51,0.23,19.8,10.95,1088.9,684,658,595,573,13,"GE BrightSpeed Excel"
1352243,2,4.7388,46.54611,223,124.896737541808,74,0.33,17.4,11.8,816.6,808,775,703,674,13,"GE BrightSpeed Excel"
1352243,5,4.7388,46.54611,223,264.867219269696,118,0.492,21.5,11.8,816.6,704,710,613,618,13,"GE BrightSpeed Excel"
1352273,9,0.02832,44.4601,105,243.333299003867,46,0.513,20,13.6,803.3,784,776,682,675,13,"GE BrightSpeed Excel"
1352280,2,4.96762,48.03508,287,206.725634551958,125,0.433,18,10.7,895,741,723,645,629,13,"GE BrightSpeed Excel"
1352395,3,1.91581,47.32634,94,160.427705980426,52,0.321,16.3,12,745.2,786,768,684,668,13,"GE BrightSpeed Excel"
1352395,4,1.91581,47.32634,94,155.044225913968,54,0.277,16,12,745.2,745,718,648,624,13,"GE BrightSpeed Excel"
1352598,12,-3.45253,48.22795,203,291.784619601982,97,0.509,16.7,11.05,1229.5,840,818,731,712,13,"GE BrightSpeed Excel"
1352598,17,-3.45253,48.22795,203,185.191714286129,135,0.405,16,11.05,1229.5,709,697,616,606,13,"GE BrightSpeed Excel"
1352795,8,3.73651,50.15909,139,236.873122924119,120,0.492,31.2,10.65,853.9,716,716,623,623,13,"GE BrightSpeed Excel"
1352797,27,0.71977,45.75005,283,141.04717774118,20,0.227,9.9,12.15,1035.6,768,757,668,659,13,"GE BrightSpeed Excel"
1352801,3,1.54084,47.63021,97,83.9822890367329,37,0.149,14.1,11.95,672.6,780,744,678,648,13,"GE BrightSpeed Excel"
1352801,6,1.54084,47.63021,97,90.4424651164816,37,0.167,12.8,11.95,672.6,795,763,691,664,13,"GE BrightSpeed Excel"
1352859,13,-0.51114,46.67986,191,66.7551528240698,25,0.109,10.2,12,982.3,644,656,560,570,13,"GE BrightSpeed Excel"
1352905,10,0.69332,43.19532,409,178.73153820638,67,0.518,27.7,12.4,882.3,775,768,674,668,13,"GE BrightSpeed Excel"
1352983,1,3.38587,46.72856,236,228.259554817787,90,0.472,27,11.75,847.3,750,742,653,645,13,"GE BrightSpeed Excel"
1352983,3,3.38587,46.72856,236,291.784619601982,122,0.529,21,11.75,847.3,684,664,595,577,13,"GE BrightSpeed Excel"
1353006,5,-1.35175,46.72784,90,135.663697674722,34,0.288,24.3,12.45,909.9,775,721,675,628,13,"GE BrightSpeed Excel"
1353006,19,-1.35175,46.72784,90,111.976385382311,36,0.251,22.3,12.45,909.9,709,687,617,598,13,"GE BrightSpeed Excel"
1353010,2,2.33918,47.56098,146,206.725634551958,77,0.511,22.5,11.6,789.1,711,695,619,604,13,"GE BrightSpeed Excel"
1353031,7,0.38998,44.89895,49,187.345106312712,154,0.498,27,13.55,834.8,662,643,576,559,13,"GE BrightSpeed Excel"
1353058,1,1.28543,47.08842,128,203.495546512084,79,0.419,23.1,12,745.7,700,687,609,598,13,"GE Revolution EVO"
1353076,1,4.71029,47.08674,504,178.73153820638,86,0.349,19.2,10.3,894.4,766,754,667,656,13,"GE BrightSpeed Excel"
1353076,2,4.71029,47.08674,504,89.3657691031902,64,0.261,19.2,10.3,894.4,735,721,639,627,13,"GE BrightSpeed Excel"
1353284,7,2.65223,46.57099,209,229.336250831078,36,0.426,20.3,11.75,756.3,799,784,695,682,13,"GE BrightSpeed Excel"
1353329,5,7.68849,48.91544,223,292.861315615274,104,0.625,27,10.8,842.8,693,684,603,595,13,"GE BrightSpeed Excel"
1353329,9,7.68849,48.91544,223,241.179906977284,105,0.486,22.8,10.8,842.8,756,743,657,647,13,"GE BrightSpeed Excel"
1353331,2,6.10327,48.90409,214,199.188762458918,53,0.311,20.6,10.75,713.8,761,773,662,673,13,"GE BrightSpeed Excel"
1353331,4,6.10327,48.90409,214,171.19466611334,44,0.309,20.4,10.75,713.8,740,723,644,629,13,"GE BrightSpeed Excel"
1353468,1,0.97655,47.84086,124,335.929156146932,139,0.719,22,11.7,706.6,709,688,617,599,13,"GE BrightSpeed Excel"
1353670,8,2.99799,47.10932,177,144.277265781054,29,0.286,19.7,11.85,805.4,741,751,645,654,13,"GE BrightSpeed Excel"
1353685,8,0.89266,44.06118,105,121.666649501934,39,0.259,18.9,14,724.7,721,716,628,623,13,"GE BrightSpeed Excel"
1353707,1,-2.22,48.01198,160,143.200569767763,100,0.674,23.5,11.4,941.6,726,724,632,630,13,"GE BrightSpeed Excel"
1353720,9,-1.24581,45.92064,6,108.746297342436,65,0.272,19.4,13.65,765.2,809,804,703,699,13,"GE BrightSpeed Excel"
1353777,2,2.28649,47.07522,130,152.890833887386,66,0.284,16.5,12.1,742.8,778,779,677,677,13,"GE BrightSpeed Excel"
1353777,3,2.28649,47.07522,130,115.206473422185,75,0.267,20,12.1,742.8,845,830,735,722,13,"GE BrightSpeed Excel"
1353811,8,2.55847,49.16107,61,192.728586379169,72,0.366,23.5,11.75,683.5,774,765,673,666,13,"GE BrightSpeed Excel"
1353811,10,2.55847,49.16107,61,201.342154485501,110,0.438,19.9,11.75,683.5,820,800,713,696,13,"GE BrightSpeed Excel"
1353936,4,-2.52588,48.12581,116,174.424754153215,76,0.448,22.5,11.55,893.8,766,753,666,655,13,"GE BrightSpeed Excel"
1354017,6,3.67545,46.79752,212,171.19466611334,68,0.349,25,11.8,888.9,706,708,614,616,13,"GE BrightSpeed Excel"
1354139,1,2.55535,48.42407,70,246.563387043742,111,0.518,25.6,11.65,676.1,700,715,609,622,13,"GE BrightSpeed Excel"
1354162,4,2.84155,44.48323,522,235.796426910827,153,0.496,22.2,11.35,1026.9,715,702,622,611,13,"GE BrightSpeed Excel"
1354162,10,2.84155,44.48323,522,235.796426910827,157,0.488,19.1,11.35,1026.9,669,642,582,559,13,"GE BrightSpeed Excel"
1354173,3,1.648,49.62644,219,124.896737541808,51,0.227,16.5,10.55,889.3,718,723,625,629,13,"GE BrightSpeed Excel"
1354173,6,1.648,49.62644,219,200.265458472209,47,0.423,20.4,10.55,889.3,701,700,610,609,13,"GE BrightSpeed Excel"
1354196,24,2.62208,45.79733,828,274.557483389319,99,0.509,19.3,9.4,951.4,747,730,650,635,13,"GE BrightSpeed Excel"
1354210,10,6.22248,47.94614,323,212.109114618415,85,0.524,32.5,10.65,1136.8,676,679,588,591,13,"GE BrightSpeed Excel"
1354211,10,-0.14552,43.84459,72,208.879026578541,82,0.461,33.7,13.95,916.8,706,702,614,610,13,"GE BrightSpeed Excel"
1354211,11,-0.14552,43.84459,72,318.702019934269,133,0.516,31.9,13.95,916.8,751,759,653,660,13,"GE BrightSpeed Excel"
1354301,5,2.78913,44.21368,844,257.330347176656,75,0.54,16.5,9.95,1048.7,759,752,660,654,13,"GE BrightSpeed Excel"
1354310,17,2.08337,45.47353,647,235.796426910827,139,0.434,23.6,10.05,1410.7,779,761,677,662,13,"GE BrightSpeed Excel"
1354380,2,-0.09931,47.40942,30,273.480787376028,69,0.515,24.3,12.6,652.2,718,712,625,620,13,"GE BrightSpeed Excel"
1354380,10,-0.09931,47.40942,30,180.884930232963,70,0.399,20,12.6,652.2,675,663,587,577,13,"GE BrightSpeed Excel"
1354446,3,4.05617,45.58657,462,127.050129568391,37,0.253,14.6,10.9,698,741,747,645,650,13,"GE BrightSpeed Excel"
1354491,8,4.69654,45.5749,239,159.351009967134,83,0.323,13.8,12.75,717.8,732,723,637,629,13,"GE BrightSpeed Excel"
1354707,6,2.49772,47.25504,247,221.799378738038,68,0.495,31,11.4,940.9,807,812,702,707,13,"GE BrightSpeed Excel"
1354707,11,2.49772,47.25504,247,216.415898671581,74,0.405,29,11.4,940.9,836,823,727,716,13,"GE BrightSpeed Excel"
1354793,3,5.23192,46.98478,194,197.035370432335,68,0.44,26.4,11.75,851.4,710,685,618,596,13,"GE BrightSpeed Excel"
1354793,6,5.23192,46.98478,194,259.483739203239,58,0.485,30.4,11.75,851.4,777,780,676,679,13,"GE BrightSpeed Excel"
1354808,11,1.67913,45.05806,245,178.73153820638,55,0.306,24,12.45,1075.8,723,714,629,621,13,"GE BrightSpeed Excel"
1354808,16,1.67913,45.05806,245,152.890833887386,52,0.23,15,12.45,1075.8,887,883,772,768,13,"GE BrightSpeed Excel"
1354868,2,6.27454,47.56619,297,191.651890365878,95,0.358,17,10.85,1070.7,641,633,558,551,13,"GE BrightSpeed Excel"
1354870,5,1.90379,45.54495,775,108.746297342436,48,0.216,11.6,9.6,1566.5,775,766,674,666,13,"GE BrightSpeed Excel"
1354893,16,-0.54732,45.88669,76,152.890833887386,70,0.412,22.4,13.05,907.7,799,785,695,683,13,"GE BrightSpeed Excel"
1354896,1,5.94156,47.75708,261,74.2920249171099,17,0.1,8,10.85,969.6,810,787,705,685,13,"GE BrightSpeed Excel"
1354910,3,2.51794,45.4197,507,222.87607475133,122,0.461,15.3,11.1,1094,705,692,613,602,13,"GE BrightSpeed Excel"
1354911,3,4.43867,48.22567,170,188.421802326003,75,0.402,28.1,11.25,810.1,698,706,607,614,13,"GE BrightSpeed Excel"
1400006,2,1.87489,48.99864,114,332.699068107057,150,0.747,32.6,11.5,665.7,787,751,685,653,13,"GE Revolution EVO"
1400073,9,0.40702,45.8711,142,351.002900333012,104,0.645,24.1,12.55,904.3,792,785,689,683,13,"GE Revolution EVO"
1400073,13,0.40702,45.8711,142,306.858363788063,87,0.662,26,12.55,904.3,848,833,738,725,13,"GE Revolution EVO"
1400098,4,0.1582,46.9466,66,90.4424651164816,69,0.295,18.5,12.5,647.2,781,774,680,673,13,"GE Revolution EVO"
1400098,17,0.1582,46.9466,66,207.802330565249,83,0.464,22.4,12.5,647.2,844,823,735,716,13,"GE Revolution EVO"
1400162,2,5.62365,46.506,423,105.516209302562,53,0.198,12.2,10.75,1510,758,738,660,642,13,"GE Revolution EVO"
1400162,3,5.62365,46.506,423,171.19466611334,57,0.293,10.2,10.75,1510,756,745,657,648,13,"GE Revolution EVO"
1400241,2,1.5403,47.66619,91,207.802330565249,103,0.417,25.3,11.95,659.7,705,688,613,598,13,"GE BrightSpeed Excel"
1400241,12,1.5403,47.66619,91,250.870171096907,92,0.501,28,11.95,659.7,677,683,589,594,13,"GE BrightSpeed Excel"
1400255,19,-1.95616,47.40946,21,109.822993355728,32,0.16,12.1,12.5,907.2,855,837,744,728,13,"GE Revolution EVO"
1400255,23,-1.95616,47.40946,21,153.967529900677,32,0.196,15,12.5,907.2,854,805,743,701,13,"GE Revolution EVO"
1400360,7,3.50004,45.95364,301,134.587001661431,26,0.299,17.2,12.2,903,758,744,659,648,13,"GE BrightSpeed Excel"
1400360,11,3.50004,45.95364,301,116.283169435476,27,0.274,17.8,12.2,903,775,761,674,662,13,"GE BrightSpeed Excel"
1400445,2,-0.1656,43.7362,117,21.533920265829,12,0.117,10.6,13.95,944.8,528,531,459,462,13,"GE Revolution EVO"
1400445,3,-0.1656,43.7362,117,137.817089701305,14,0.141,11.1,13.95,944.8,769,650,669,565,13,"GE Revolution EVO"
1400504,9,3.41568,48.22152,198,187.345106312712,128,0.416,29,11.3,761.4,829,804,721,700,13,"GE BrightSpeed Excel"
1400535,1,1.86273,47.34413,91,208.879026578541,58,0.391,21.3,12,740,836,801,727,697,13,"GE BrightSpeed Excel"
1400535,3,1.86273,47.34413,91,293.938011628565,90,0.721,25.7,12,740,810,797,705,693,13,"GE BrightSpeed Excel"
1400572,4,2.018,47.93829,105,241.179906977284,78,0.399,21,11.75,719.6,764,751,665,654,13,"GE BrightSpeed Excel"
1400731,4,-0.77637,43.1088,347,221.799378738038,33,0.392,26.6,13.1,1484.6,822,812,715,706,13,"GE BrightSpeed Excel"
1400782,19,4.56199,47.32368,521,197.035370432335,120,0.399,15.5,10.3,919.4,766,755,667,657,13,"GE BrightSpeed Excel"
1400782,21,4.56199,47.32368,521,218.569290698164,120,0.442,15.2,10.3,919.4,717,712,624,619,13,"GE BrightSpeed Excel"
1400786,8,3.50195,46.0436,401,152.890833887386,51,0.338,15.7,11.75,896.7,749,767,652,668,13,"GE Revolution EVO"
1400797,5,4.55662,45.91977,347,202.418850498792,75,0.332,18.5,11.95,757.6,737,738,641,642,13,"GE BrightSpeed Excel"
1400847,13,5.42103,47.98802,457,136.740393688014,35,0.173,19.5,9.75,971.5,804,756,699,658,13,"GE BrightSpeed Excel"
1400862,1,-1.1711,46.76955,89,106.592905315853,24,0.198,8.4,12.5,886,736,724,641,630,13,"GE Revolution EVO"
1400862,4,-1.1711,46.76955,89,147.507353820928,28,0.308,13.8,12.5,886,704,693,612,603,13,"GE Revolution EVO"
1400863,18,1.80119,45.5625,547,191.651890365878,94,0.481,29.5,10.8,1380.1,707,693,615,603,13,"GE BrightSpeed Excel"
1400865,11,2.17406,49.41272,88,228.259554817787,120,0.583,24.8,11.2,649.1,792,786,689,684,13,"GE Revolution EVO"
1400865,19,2.17406,49.41272,88,284.247747508942,105,0.692,32.1,11.2,649.1,787,789,685,686,13,"GE Revolution EVO"
1400896,4,1.69942,47.72113,103,115.206473422185,36,0.235,15.5,11.8,690.4,975,966,848,841,13,"GE BrightSpeed Excel"
1400941,7,1.30513,46.06288,410,233.643034884244,45,0.422,18.8,11.35,1159.2,769,789,669,687,13,"GE BrightSpeed Excel"
1400971,24,2.26325,44.82612,547,177.654842193089,89,0.33,20.4,11.35,1253.1,828,825,721,718,13,"GE Revolution EVO"
1400994,4,0.80088,45.60722,310,121.666649501934,56,0.272,18.2,12.05,1153.6,803,828,699,720,13,"GE Revolution EVO"
1401148,1,4.93993,48.01771,245,235.796426910827,140,0.471,22.1,10.75,894.2,752,738,654,642,13,"GE BrightSpeed Excel"
1401318,3,1.31689,46.81879,103,133.51030564814,36,0.257,18,12.4,764.6,737,717,641,623,13,"GE BrightSpeed Excel"
1401353,1,6.28696,45.58407,339,191.651890365878,104,0.532,24.9,11.1,1260.7,697,687,607,597,13,"GE BrightSpeed Excel"
1401368,1,4.86992,48.23516,316,226.106162791204,85,0.429,25,10.6,935.8,798,775,694,674,13,"GE BrightSpeed Excel"
1401571,8,4.56519,46.76565,332,293.938011628565,123,0.701,20.8,11.15,840.5,624,633,543,550,13,"GE BrightSpeed Excel"
1401583,7,3.68063,50.15972,160,297.16809966844,95,0.506,28.4,10.45,848.4,844,821,734,714,13,"GE BrightSpeed Excel"
1401651,2,-3.97088,48.2734,59,206.725634551958,65,0.436,26.1,11.8,1292.2,859,857,748,746,13,"GE Revolution EVO"
1401651,18,-3.97088,48.2734,59,178.73153820638,67,0.376,22.3,11.8,1292.2,805,812,700,707,13,"GE Revolution EVO"
1401680,8,0.56111,43.49882,222,164.734490033591,62,0.305,16,13.35,789.6,781,792,680,689,13,"GE Revolution EVO"
1401716,5,5.747,46.80854,571,288.554531562108,118,0.582,19.3,9.8,1469.2,679,662,591,576,13,"GE Revolution EVO"
1401748,8,5.21371,48.11928,358,227.182858804495,190,0.746,30.5,10.2,976.2,673,667,586,580,13,"GE BrightSpeed Excel"
1401787,11,6.18245,47.02892,659,208.879026578541,118,0.469,15.6,9.25,1464.3,814,823,708,716,13,"GE Revolution EVO"
1401787,14,6.18245,47.02892,659,172.271362126632,82,0.383,19.8,9.25,1464.3,855,853,744,742,13,"GE Revolution EVO"
1401883,4,4.97091,47.02706,197,144.277265781054,75,0.333,29,11.9,768.8,786,773,684,673,13,"GE Revolution EVO"
1401896,2,3.78731,49.0087,236,323.008803987434,101,0.598,27,10.6,805.8,894,873,778,759,13,"GE BrightSpeed Excel"
1401909,9,3.99582,49.54515,105,288.554531562108,110,0.633,20.3,10.9,735.7,783,757,682,659,13,"GE BrightSpeed Excel"
1401933,3,0.41239,47.92288,102,55.9881926911553,13,0.14,7.2,11.8,736.8,769,749,669,651,13,"GE Revolution EVO"
1401945,16,-0.69078,44.74861,38,185.191714286129,204,0.775,26.3,13.9,942.1,889,883,774,768,13,"GE BrightSpeed Excel"
1402060,7,0.50578,46.77269,65,160.427705980426,32,0.32,16.5,12.55,682.7,870,841,757,732,13,"GE Revolution EVO"
1402080,11,3.92657,47.31618,473,214.262506644998,47,0.515,23.6,10.4,1216.1,869,862,756,750,13,"GE BrightSpeed Excel"
1402159,7,-0.20489,44.6169,74,133.51030564814,102,0.224,17.7,13.65,849.3,735,735,640,640,13,"GE Revolution EVO"
1402159,10,-0.20489,44.6169,74,264.867219269696,102,0.528,20.3,13.65,849.3,824,811,717,706,13,"GE Revolution EVO"
1402172,1,-1.5293,43.35417,114,189.498498339295,91,0.99,20.1,14.6,1600,636,630,553,548,13,"GE BrightSpeed Excel"
1402172,2,-1.5293,43.35417,114,181.961626246255,69,0.638,16.9,14.6,1600,857,838,746,729,13,"GE BrightSpeed Excel"
1402196,4,-0.42036,44.8997,26,226.106162791204,92,0.541,22.3,14.05,844.7,778,783,677,681,13,"GE BrightSpeed Excel"
1402210,1,5.27365,48.71157,325,177.654842193089,92,0.272,16.5,10.25,1096.6,699,666,608,580,13,"GE BrightSpeed Excel"
1402260,16,0.2449,44.71635,96,105.516209302562,95,0.354,19,13.55,814.7,798,787,695,685,13,"GE Revolution EVO"
1402277,24,4.67066,48.59906,118,310.088451827937,140,0.588,22.9,11.4,773.2,815,821,709,714,13,"GE Revolution EVO"
1402373,8,2.57578,46.98502,166,251.946867110199,100,0.554,27.2,12,777.8,844,786,734,684,13,"GE BrightSpeed Excel"
1402373,9,2.57578,46.98502,166,222.87607475133,90,0.439,26.8,12,777.8,798,782,694,680,13,"GE BrightSpeed Excel"
1402396,12,2.06446,44.12436,316,282.094355482359,119,0.442,22,12.75,898.5,707,709,615,617,13,"GE BrightSpeed Excel"
1402396,14,2.06446,44.12436,316,296.091403655148,127,0.476,25,12.75,898.5,722,740,629,644,13,"GE BrightSpeed Excel"
1402398,1,-1.45769,49.353,35,192.728586379169,52,0.53,9.9,11.6,1032.8,948,923,825,803,13,"GE BrightSpeed Excel"
1402447,20,2.02542,46.67897,244,155.044225913968,71,0.332,21.6,11.9,829.8,706,693,614,603,13,"GE BrightSpeed Excel"
1402664,23,0.81943,43.07137,432,137.817089701305,43,0.274,16.1,12.75,915.5,856,823,745,716,13,"GE BrightSpeed Excel"
1402733,1,0.86368,45.17618,175,176.578146179797,204,0.746,25.3,13,912.5,713,702,621,611,13,"GE Revolution EVO"
1402733,7,0.86368,45.17618,175,63.5250647841954,166,0.634,25.8,13,912.5,626,622,544,541,13,"GE Revolution EVO"
1402741,16,3.18188,47.07213,226,278.864267442485,100,0.657,27,11.65,877.2,601,582,523,507,13,"GE BrightSpeed Excel"
1402747,13,1.09419,45.10702,236,171.19466611334,74,0.51,20.6,12.65,932.1,728,714,633,622,13,"GE BrightSpeed Excel"
1402827,1,2.6428,44.89768,640,117.359865448768,60,0.228,11.8,10.6,1361.7,783,761,681,662,13,"GE Revolution EVO"
1402936,1,1.39896,46.62155,147,200.265458472209,93,0.432,24.5,12.3,808.8,745,723,648,629,13,"GE Revolution EVO"
1402992,10,-0.58757,46.64192,218,212.109114618415,145,0.522,33,11.95,1070.5,767,755,667,656,13,"GE BrightSpeed Excel"
1402992,11,-0.58757,46.64192,218,176.578146179797,176,0.83,33,11.95,1070.5,823,815,716,709,13,"GE BrightSpeed Excel"
1403169,1,0.79188,45.01325,189,228.259554817787,76,0.489,28.7,12.85,925.4,881,861,766,749,13,"GE Revolution EVO"
1403169,13,0.79188,45.01325,189,220.722682724747,77,0.462,29.1,12.85,925.4,864,853,752,742,13,"GE Revolution EVO"
1403179,2,1.34509,46.71107,116,106.592905315853,38,0.208,18.6,12.4,777.2,760,722,662,628,13,"GE BrightSpeed Excel"
1403179,9,1.34509,46.71107,116,171.19466611334,43,0.33,19.2,12.4,777.2,843,770,733,670,13,"GE BrightSpeed Excel"
1403260,7,0.81491,46.95719,105,116.283169435476,68,0.264,16.2,12.25,714.4,915,895,796,779,13,"GE Revolution EVO"
1403305,2,5.31115,46.5146,197,206.725634551958,88,0.339,20.7,11.9,1119.4,749,721,652,627,13,"GE Revolution EVO"
1403305,7,5.31115,46.5146,197,295.014707641857,124,0.56,21.5,11.9,1119.4,813,837,707,728,13,"GE Revolution EVO"
1403316,14,1.06832,48.47141,218,158.274313953843,85,0.311,22.6,10.85,717.8,843,815,733,709,13,"GE Revolution EVO"
1403436,7,0.2681,46.82264,94,108.746297342436,54,0.242,15.3,12.45,657.8,829,783,721,681,13,"GE Revolution EVO"
1403461,14,2.17876,47.88465,119,181.961626246255,66,0.446,23.2,11.7,716.9,732,724,636,630,13,"GE BrightSpeed Excel"
1403646,8,1.82978,45.23876,364,197.035370432335,75,0.419,18.8,11.7,1234.7,873,851,760,740,13,"GE BrightSpeed Excel"
1403678,2,3.80467,49.61949,70,90.4424651164816,17,0.321,16.4,11.1,717.3,815,814,709,708,13,"GE Revolution EVO"
1403790,1,-0.2986,46.61295,175,287.477835548817,97,0.909,26.2,12.15,935.1,729,722,635,628,13,"GE BrightSpeed Excel"
1403794,2,-2.73513,48.06288,80,109.822993355728,38,0.192,10.9,11.8,888.3,898,870,781,757,13,"GE Revolution EVO"
1403929,4,-0.33316,43.60629,180,170.117970100049,76,0.389,20.9,13.85,1047.8,811,822,705,715,13,"GE Revolution EVO"
1404064,3,5.23224,49.43193,175,217.492594684872,205,0.714,23,10.65,833.6,683,666,594,580,13,"GE Revolution EVO"
1404064,6,5.23224,49.43193,175,221.799378738038,54,0.554,28.9,10.65,833.6,836,836,727,727,13,"GE Revolution EVO"
1404091,1,0.71788,43.19569,405,139.970481727888,39,0.259,19.3,12.5,871.1,993,989,864,861,13,"GE BrightSpeed Excel"
1404100,7,3.6217,47.84171,162,216.415898671581,114,0.438,26.2,11.6,709.6,715,701,622,610,13,"GE BrightSpeed Excel"
1404340,13,-3.57964,48.15849,182,170.117970100049,29,0.276,18.6,11.4,1307.4,843,831,733,723,13,"GE BrightSpeed Excel"
1404410,10,-1.60433,43.36944,30,170.117970100049,39,0.287,19.8,14.7,1546.7,849,825,739,718,13,"GE BrightSpeed Excel"
1404452,18,2.23697,45.38381,581,201.342154485501,95,0.475,25.1,10.7,1208.4,807,797,702,693,13,"GE BrightSpeed Excel"
1404533,1,7.19787,47.76547,280,152.890833887386,120,0.477,22.4,11.1,846.2,844,815,734,709,13,"GE BrightSpeed Excel"
1404533,12,7.19787,47.76547,280,158.274313953843,125,0.401,20.5,11.1,846.2,732,716,637,623,13,"GE BrightSpeed Excel"
1404547,11,4.17628,49.95572,273,295.014707641857,73,0.529,28.3,10,1043.2,735,683,639,594,13,"GE Revolution EVO"
1404576,7,1.6779,47.30724,83,81.82889701015,38,0.147,12.4,12.05,700.4,702,690,611,601,13,"GE BrightSpeed Excel"
1404576,11,1.6779,47.30724,83,58.1415847177382,17,0.115,15.2,12.05,700.4,777,760,676,661,13,"GE BrightSpeed Excel"
1404593,6,5.30387,48.76479,334,174.424754153215,132,0.496,23.4,10.2,1030.5,795,784,691,682,13,"GE BrightSpeed Excel"
1404663,15,3.58482,48.54355,65,267.020611296279,80,0.498,25.3,11.5,684.7,785,756,683,657,13,"GE Revolution EVO"
1404682,7,4.0432,50.13724,226,363.923252492509,97,0.565,31,10.3,892.3,787,781,685,679,13,"GE BrightSpeed Excel"
1404684,2,3.76049,49.02699,223,46.2979285715323,15,0.085,9.9,10.65,771.4,708,680,616,592,13,"GE BrightSpeed Excel"
1404684,3,3.76049,49.02699,223,39.8377524917836,14,0.078,8.4,10.65,771.4,625,617,544,536,13,"GE BrightSpeed Excel"
1404689,2,2.39404,49.14329,55,221.799378738038,108,0.478,15.7,11.9,663.9,939,928,817,807,13,"GE Revolution EVO"
1404689,10,2.39404,49.14329,55,180.884930232963,52,0.335,15.5,11.9,663.9,835,827,726,720,13,"GE Revolution EVO"
1404695,18,6.59015,47.51902,473,200.265458472209,146,0.474,20,10.15,1179.5,843,833,733,725,13,"GE Revolution EVO"
1404715,5,4.52678,47.75626,332,151.814137874094,122,0.389,19.5,10.7,905.2,806,786,701,683,13,"GE Revolution EVO"
1404869,3,1.85696,45.04098,251,270.250699336153,106,0.503,21.6,12.65,1208,828,814,720,708,13,"GE BrightSpeed Excel"
1404949,2,2.52038,46.15742,431,65.6784568107783,10,0.081,6,10.8,860.3,911,833,793,725,13,"GE BrightSpeed Excel"
1404970,6,-1.16023,43.36679,167,149.660745847511,76,0.439,27.2,14.2,1438,846,829,736,722,13,"GE BrightSpeed Excel"
1404970,12,-1.16023,43.36679,167,149.660745847511,95,0.406,27.8,14.2,1438,866,854,754,743,13,"GE BrightSpeed Excel"
1405059,5,2.93232,45.94007,744,153.967529900677,88,0.356,18.3,9.35,914.7,785,763,683,664,13,"GE Revolution EVO"
1405080,16,5.17746,45.4557,527,237.94981893741,123,0.604,21.8,11.1,1016.1,644,627,560,546,13,"GE BrightSpeed Excel"
1405086,3,1.70265,47.45131,104,159.351009967134,60,0.369,22.9,11.85,737.1,858,849,746,739,13,"GE BrightSpeed Excel"
1405115,7,-0.48366,45.15013,35,171.19466611334,53,0.439,29.4,13.7,868.2,693,691,603,602,13,"GE BrightSpeed Excel"
1405115,12,-0.48366,45.15013,35,171.19466611334,74,0.458,25.6,13.7,868.2,732,718,637,624,13,"GE BrightSpeed Excel"
1405133,5,5.65776,47.06329,229,241.179906977284,101,0.497,21.5,11.45,1117.4,777,763,676,664,13,"GE Revolution EVO"
1405152,1,1.90476,48.69317,140,256.253651163365,82,0.592,24.1,11.25,715.5,698,680,608,591,13,"GE Revolution EVO"
1405152,10,1.90476,48.69317,140,314.395235881103,53,0.596,26.6,11.25,715.5,836,838,727,729,13,"GE Revolution EVO"
1405163,11,5.10918,49.70444,286,327.3155880406,111,0.675,27.8,10.1,1053.2,875,852,762,741,13,"GE Revolution EVO"
1405228,11,0.07765,45.10897,75,130.280217608265,34,0.234,15.9,13.4,857.3,861,833,749,725,13,"GE Revolution EVO"
1405262,2,-0.5409,43.79884,51,165.811186046883,23,0.306,17.7,14.05,1018.7,930,936,809,814,13,"GE Revolution EVO"
1405262,6,-0.5409,43.79884,51,205.648938538667,64,0.583,22.3,14.05,1018.7,907,881,789,766,13,"GE Revolution EVO"
1405324,2,-1.34073,46.56607,41,320.855411960851,58,0.534,21.3,12.8,919.6,805,775,700,674,13,"GE Revolution EVO"
1405324,3,-1.34073,46.56607,41,258.407043189947,55,0.513,19.1,12.8,919.6,827,846,719,736,13,"GE Revolution EVO"
1405389,1,3.74888,49.60219,94,297.16809966844,90,0.557,24.8,11.05,709.6,820,813,713,707,13,"GE Revolution EVO"
1405415,8,5.38445,46.8908,214,77.5221129569842,26,0.161,13.1,11.65,989.2,818,829,712,721,13,"GE BrightSpeed Excel"
1405415,15,5.38445,46.8908,214,91.5191611297731,24,0.151,12.8,11.65,989.2,810,810,705,704,13,"GE BrightSpeed Excel"
1405462,2,1.29269,45.36097,382,151.814137874094,45,0.412,20,11.8,1124.5,835,837,726,729,13,"GE Revolution EVO"
1405462,3,1.29269,45.36097,382,190.575194352586,49,0.356,19.3,11.8,1124.5,888,878,773,764,13,"GE Revolution EVO"
1405570,1,3.51967,48.05865,231,221.799378738038,141,0.567,25.2,11.05,866.8,674,664,587,578,13,"GE BrightSpeed Excel"
1405599,18,3.74641,45.50092,564,66.7551528240698,23,0.099,11.3,10.4,848.9,785,751,683,654,13,"GE BrightSpeed Excel"
1405609,8,-0.38261,43.60506,139,162.581098007009,58,0.398,19.5,13.95,1043.6,900,876,783,762,13,"GE Revolution EVO"
1405708,1,2.5286,48.49604,67,220.722682724747,103,0.477,26.7,11.75,676.9,734,740,638,644,13,"GE BrightSpeed Excel"
1405708,2,2.5286,48.49604,67,130.280217608265,77,0.273,24,11.75,676.9,756,723,658,629,13,"GE BrightSpeed Excel"
1405775,4,1.04307,48.3992,273,264.867219269696,91,0.476,25.7,10.8,761.8,820,826,713,719,13,"GE Revolution EVO"
1405794,1,3.28152,46.74746,254,277.787571429194,80,0.521,25.9,11.7,853.2,745,721,648,627,13,"GE Revolution EVO"
1405924,1,3.81422,48.03731,123,211.032418605124,53,0.436,22.9,11.45,766.7,832,823,724,716,13,"GE BrightSpeed Excel"
1405924,8,3.81422,48.03731,123,77.5221129569842,55,0.298,22.5,11.45,766.7,783,779,681,678,13,"GE BrightSpeed Excel"
1406006,3,1.81611,46.6962,176,316.548627907686,80,0.674,27.5,12.05,796.9,715,704,622,613,13,"GE BrightSpeed Excel"
1406058,4,1.24378,45.25254,232,318.702019934269,124,0.567,24.6,12.45,1004.4,819,776,713,675,13,"GE Revolution EVO"
1406058,8,1.24378,45.25254,232,228.259554817787,116,0.454,27.2,12.45,1004.4,783,750,681,652,13,"GE Revolution EVO"
1406132,3,-0.15734,45.24794,101,189.498498339295,40,0.404,21.8,13,880.2,788,771,686,671,13,"GE Revolution EVO"
1406132,5,-0.15734,45.24794,101,195.958674419043,40,0.418,22.6,13,880.2,780,766,679,666,13,"GE Revolution EVO"
1406173,4,4.89287,47.04683,205,267.020611296279,150,0.456,21.5,11.8,737.9,702,699,611,608,13,"GE Revolution EVO"
1406173,12,4.89287,47.04683,205,195.958674419043,125,0.498,24.1,11.8,737.9,713,701,621,610,13,"GE Revolution EVO"
1406175,4,3.76835,47.33624,378,276.710875415902,75,0.623,26.8,11.2,968.8,702,687,611,598,13,"GE BrightSpeed Excel"
1406175,5,3.76835,47.33624,378,295.014707641857,110,0.67,26.7,11.2,968.8,787,771,684,671,13,"GE BrightSpeed Excel"
1406182,4,4.11094,48.08717,142,340.235940200098,148,0.621,27.8,11.25,780,697,680,606,591,13,"GE Revolution EVO"
1406182,5,4.11094,48.08717,142,346.696116279846,144,0.722,31.9,11.25,780,723,711,629,619,13,"GE Revolution EVO"
1406201,4,-0.10448,43.46783,287,160.427705980426,46,0.295,17.1,13.45,1074.5,945,917,822,798,13,"GE Revolution EVO"
1406265,4,3.79767,46.47208,255,260.56043521653,96,0.475,21,11.85,800,848,849,738,738,13,"GE Revolution EVO"
1406273,4,1.88116,45.18501,330,277.787571429194,74,0.646,23.9,11.95,1247.3,917,910,798,792,13,"GE BrightSpeed Excel"
1406273,6,1.88116,45.18501,330,220.722682724747,86,0.473,20,11.95,1247.3,797,771,693,670,13,"GE BrightSpeed Excel"
1406279,2,0.05313,43.84895,145,257.330347176656,118,0.527,22,13.7,885.6,801,790,697,687,13,"GE Revolution EVO"
1406409,1,-3.47933,47.73969,20,149.660745847511,34,0.268,14.7,12.55,889.8,847,808,736,703,13,"GE Revolution EVO"
1406409,3,-3.47933,47.73969,20,190.575194352586,59,0.404,14.7,12.55,889.8,836,832,727,724,13,"GE Revolution EVO"
1406721,6,-0.89696,47.4439,70,141.04717774118,60,0.311,16.8,12.55,727.5,658,641,573,558,13,"GE BrightSpeed Excel"
1406922,3,3.03703,48.08051,155,226.106162791204,100,0.535,27.3,11.4,747,760,739,661,643,13,"GE BrightSpeed Excel"
1406922,4,3.03703,48.08051,155,190.575194352586,119,0.406,18.9,11.4,747,718,688,624,598,13,"GE BrightSpeed Excel"
1406987,9,3.34355,50.07319,138,229.336250831078,81,0.452,26.3,10.6,767,828,826,720,719,13,"GE BrightSpeed Excel"
1406988,14,-3.61113,48.43642,176,286.401139535525,85,0.481,21.5,11.25,1254.7,994,1009,865,878,13,"GE Revolution EVO"
1407026,2,-0.08507,47.67969,43,135.663697674722,143,0.505,23.9,12.25,710.6,811,803,706,699,13,"GE Revolution EVO"
1407026,3,-0.08507,47.67969,43,277.787571429194,109,0.588,19.1,12.25,710.6,890,869,775,756,13,"GE Revolution EVO"
1407147,3,-0.28628,44.74098,89,101.209425249396,76,0.212,19.8,13.7,868.5,892,853,776,742,13,"GE Revolution EVO"
1407158,12,7.57415,48.32593,162,87.2123770766073,26,0.181,16.1,11.4,667.8,802,789,698,687,13,"GE Revolution EVO"
1407158,16,7.57415,48.32593,162,103.362817275979,26,0.18,16.6,11.4,667.8,766,739,667,643,13,"GE Revolution EVO"
1407176,9,1.92591,46.01287,525,209.955722591832,72,0.441,26.9,10.45,1128.4,787,776,684,675,13,"GE BrightSpeed Excel"
1407176,13,1.92591,46.01287,525,227.182858804495,72,0.484,26.3,10.45,1128.4,762,757,663,658,13,"GE BrightSpeed Excel"
1407201,4,5.50304,49.35319,205,141.04717774118,62,0.203,21.9,10.5,826.1,702,679,611,591,13,"GE Revolution EVO"
1407285,7,4.72711,47.46438,510,134.587001661431,80,0.225,15,10.1,983.6,724,711,630,618,13,"GE Revolution EVO"
1407368,3,-4.66803,48.43246,100,359.616468439344,50,0.653,20.9,12,1064.5,875,893,761,777,13,"GE Revolution EVO"
1407398,7,4.38908,48.33448,128,197.035370432335,57,0.355,15.2,11.4,744.4,755,725,657,631,13,"GE Revolution EVO"
1407398,8,4.38908,48.33448,128,228.259554817787,56,0.408,18.7,11.4,744.4,832,823,724,716,13,"GE Revolution EVO"
1407439,3,2.46812,45.95956,648,97.9793372095217,26,0.189,13.6,9.75,953.4,732,714,637,621,13,"GE BrightSpeed Excel"
1407439,5,2.46812,45.95956,648,147.507353820928,29,0.261,13.9,9.75,953.4,789,767,687,667,13,"GE BrightSpeed Excel"
1407470,4,3.02642,47.27108,176,64.6017607974869,45,0.117,14,11.9,804.5,740,719,644,625,13,"GE BrightSpeed Excel"
1407470,9,3.02642,47.27108,176,109.822993355728,58,0.228,19.1,11.9,804.5,638,638,555,555,13,"GE BrightSpeed Excel"
1407576,1,2.4933,45.74361,720,232.566338870953,77,0.473,24.5,9.55,1024.4,749,747,652,650,13,"GE BrightSpeed Excel"
1407586,1,4.87427,48.32503,297,95.8259451829389,23,0.153,15,10.65,929.9,705,691,613,602,13,"GE BrightSpeed Excel"
1407729,5,3.46888,46.9437,216,174.424754153215,61,0.294,23,11.65,936.4,768,788,668,685,13,"GE Revolution EVO"
1407849,4,-0.79855,46.22212,44,185.191714286129,83,0.414,15.5,13.15,828.4,878,855,764,744,13,"GE Revolution EVO"
1407849,5,-0.79855,46.22212,44,215.33920265829,85,0.535,15.8,13.15,828.4,883,865,768,753,13,"GE Revolution EVO"
1407870,4,3.73701,50.17704,165,244.409995017159,76,0.529,31,10.45,867.2,830,823,722,716,13,"GE BrightSpeed Excel"
1407870,12,3.73701,50.17704,165,257.330347176656,83,0.625,28.7,10.45,867.2,911,907,793,789,13,"GE BrightSpeed Excel"
1407932,17,1.77886,45.23852,250,191.651890365878,54,0.436,23.2,12.15,1208.8,710,703,617,611,13,"GE BrightSpeed Excel"
1408030,8,2.31365,45.20394,550,160.427705980426,93,0.293,18.3,11,1276.1,826,821,718,714,13,"GE Revolution EVO"
1408281,1,3.32596,46.3152,245,174.424754153215,84,0.279,22.5,12.1,716.7,780,787,678,685,13,"GE Revolution EVO"
1408347,17,3.53342,47.48284,180,195.958674419043,102,0.461,24.1,11.75,748.9,773,758,672,659,13,"GE BrightSpeed Excel"
1408355,13,3.19163,47.68376,245,120.589953488642,47,0.226,21.9,11.15,839.4,786,794,684,690,13,"GE BrightSpeed Excel"
1408376,7,2.93768,48.78232,123,316.548627907686,94,0.704,27.8,11.45,734.6,700,697,609,606,13,"GE BrightSpeed Excel"
1408394,17,6.13624,47.12052,496,256.253651163365,100,0.512,26.6,10.45,1331.1,775,778,675,677,13,"GE BrightSpeed Excel"
1408401,1,6.06956,48.81518,253,195.958674419043,83,0.436,22.3,10.55,800.3,811,800,705,696,13,"GE BrightSpeed Excel"
1408409,9,2.86909,47.39785,171,85.0589850500244,39,0.194,14.8,11.7,768.1,739,714,643,621,13,"GE Revolution EVO"
1408409,16,2.86909,47.39785,171,155.044225913968,61,0.326,16.5,11.7,768.1,740,728,644,633,13,"GE Revolution EVO"
1408428,1,4.40046,47.9385,270,178.73153820638,157,0.477,19.3,10.9,856.5,758,753,660,655,13,"GE Revolution EVO"
1408428,3,4.40046,47.9385,270,136.740393688014,135,0.328,20,10.9,856.5,883,860,768,748,13,"GE Revolution EVO"
1408435,13,1.67871,45.09404,287,148.58404983422,74,0.441,24.4,12.15,1140.5,777,776,676,675,13,"GE BrightSpeed Excel"
1408456,9,6.77724,47.53002,373,138.893785714597,76,0.281,24.4,10.6,1075.2,852,850,741,739,13,"GE Revolution EVO"
1408479,2,-1.2008,44.82345,12,44.1445365449494,13,0.075,4.9,13.95,904.8,847,811,737,706,13,"GE BrightSpeed Excel"
1408492,4,2.26315,44.89808,540,206.725634551958,103,0.42,23.9,11.25,1209.6,791,770,688,670,13,"GE Revolution EVO"
1408645,4,5.07701,47.04259,211,270.250699336153,125,0.443,22,11.7,806.2,648,601,564,523,13,"GE Revolution EVO"
1408693,5,2.02758,46.3011,432,231.489642857661,77,0.488,25.8,11.05,918.6,808,814,703,709,13,"GE BrightSpeed Excel"
1408872,6,5.21489,46.17496,249,97.9793372095217,30,0.21,18.4,11.85,1049.7,829,819,721,712,13,"GE Revolution EVO"
1408872,8,5.21489,46.17496,249,75.3687209304014,29,0.151,16,11.85,1049.7,877,855,763,744,13,"GE Revolution EVO"
1408964,2,0.32313,43.24294,453,146.430657807637,65,0.276,20.4,12.55,1030.5,879,835,765,726,13,"GE Revolution EVO"
1408997,5,-0.70151,44.94634,33,76.4454169436928,37,0.157,12.5,13.95,906.1,804,780,700,679,13,"GE BrightSpeed Excel"
1408997,6,-0.70151,44.94634,33,89.3657691031902,33,0.169,13.4,13.95,906.1,808,779,703,677,13,"GE BrightSpeed Excel"
1409066,9,5.82846,48.06659,406,181.961626246255,115,0.464,20.5,9.95,1012.1,790,770,688,670,13,"GE Revolution EVO"
1409066,13,5.82846,48.06659,406,218.569290698164,172,0.633,21,9.95,1012.1,801,774,697,673,13,"GE Revolution EVO"
1409082,4,1.61578,49.94952,167,295.014707641857,106,0.66,27.2,10.75,896.9,875,883,761,769,13,"GE Revolution EVO"
1409143,13,0.92379,46.81461,135,137.817089701305,41,0.272,16.5,12.35,748.2,847,830,737,722,13,"GE Revolution EVO"
1409188,17,0.15522,43.1318,453,232.566338870953,66,0.484,20.7,12.3,1145.9,877,846,763,736,13,"GE BrightSpeed Excel"
1409246,14,4.04078,50.06545,171,239.026514950701,70,0.513,22.6,10.45,905.8,773,776,673,675,13,"GE BrightSpeed Excel"
1409256,6,0.24997,49.32285,90,247.640083057033,107,0.606,23.9,11.3,926.6,802,796,698,692,13,"GE BrightSpeed Excel"
1409303,13,-0.3011,48.80853,160,146.430657807637,68,0.324,20.4,11,813.2,778,784,677,682,13,"GE Revolution EVO"
1409381,10,1.93204,45.18521,478,174.424754153215,63,0.398,23.2,11.25,1278.2,885,868,770,755,13,"GE BrightSpeed Excel"
1409477,4,-3.53562,48.72867,59,94.7492491696474,32,0.16,4.9,11.95,890.1,862,813,750,708,13,"GE Revolution EVO"
1409477,7,-3.53562,48.72867,59,152.890833887386,28,0.239,4.3,11.95,890.1,869,826,756,718,13,"GE Revolution EVO"
1409622,15,3.81104,48.88257,236,256.253651163365,111,0.639,30.9,10.75,795.9,724,700,630,609,13,"GE BrightSpeed Excel"
1409845,18,3.54815,48.1303,222,173.348058139923,64,0.419,22.8,11.1,827.8,871,854,758,743,13,"GE BrightSpeed Excel"
1410105,16,2.00251,46.15707,382,134.587001661431,34,0.227,19.5,11.2,938.8,838,812,729,706,13,"GE BrightSpeed Excel"
1410105,23,2.00251,46.15707,382,148.58404983422,34,0.287,19.1,11.2,938.8,858,827,747,719,13,"GE BrightSpeed Excel"
1410134,3,3.65762,47.13963,291,314.395235881103,107,0.616,28,11.35,926,738,729,642,634,13,"GE BrightSpeed Excel"
1410134,13,3.65762,47.13963,291,217.492594684872,116,0.477,26,11.35,926,722,708,628,616,13,"GE BrightSpeed Excel"
1410154,3,5.89568,47.07418,368,158.274313953843,69,0.383,18,10.7,1276.2,799,815,695,709,13,"GE Revolution EVO"
1410154,6,5.89568,47.07418,368,213.185810631707,62,0.396,19.9,10.7,1276.2,768,789,668,687,13,"GE Revolution EVO"
1410174,3,-0.54116,43.31318,282,89.3657691031902,8,0.186,9.4,13.65,1209,725,711,631,619,13,"GE BrightSpeed Excel"
1410252,5,2.96804,46.8036,212,234.719730897536,84,0.442,22.3,11.8,789.9,702,672,610,585,13,"GE BrightSpeed Excel"
1410275,10,1.98154,45.40128,646,240.103210963993,86,0.459,30.4,10.5,1442.2,860,852,748,741,13,"GE BrightSpeed Excel"
1410275,14,1.98154,45.40128,646,292.861315615274,87,0.543,31,10.5,1442.2,888,880,773,766,13,"GE BrightSpeed Excel"
1410278,14,4.36817,47.79512,262,105.516209302562,62,0.19,19.5,11.05,860.7,805,793,700,690,13,"GE Revolution EVO"
1410331,2,7.11497,48.32745,478,261.637131229822,100,0.478,21.8,9.5,1319.6,758,741,660,644,13,"GE Revolution EVO"
1410413,1,2.39058,45.81568,764,115.206473422185,20,0.24,7.9,9.3,1017.2,775,781,674,679,13,"GE BrightSpeed Excel"
1410417,10,1.56766,45.77706,344,187.345106312712,66,0.648,21.4,11.85,1138.3,853,846,742,736,13,"GE BrightSpeed Excel"
1410417,15,1.56766,45.77706,344,216.415898671581,67,0.388,23.9,11.85,1138.3,819,844,713,734,13,"GE BrightSpeed Excel"
1410430,1,2.33919,47.66891,144,200.265458472209,38,0.298,23.5,11.6,754,705,657,613,572,13,"GE BrightSpeed Excel"
1410430,11,2.33919,47.66891,144,109.822993355728,44,0.233,17.8,11.6,754,745,705,648,613,13,"GE BrightSpeed Excel"
1410451,11,5.70474,46.97188,242,271.327395349445,116,0.517,22.6,11.55,1168.6,758,753,659,655,13,"GE Revolution EVO"
1410561,2,6.94704,48.87442,233,171.19466611334,137,0.309,17,10.65,853.8,801,776,697,675,13,"GE Revolution EVO"
1410561,3,6.94704,48.87442,233,178.73153820638,113,0.457,26.2,10.65,853.8,704,690,612,600,13,"GE Revolution EVO"
1410692,1,-0.97595,45.2986,14,94.7492491696474,17,0.185,7.6,13.6,883.6,867,851,755,740,13,"GE BrightSpeed Excel"
1410718,2,3.25701,45.30809,620,109.822993355728,64,0.263,15.5,10.5,627.7,778,785,677,683,13,"GE BrightSpeed Excel"
1410743,19,-3.39627,47.96023,59,165.811186046883,50,0.263,21.4,11.95,1173.4,994,1005,865,874,13,"GE Revolution EVO"
1410770,17,1.91988,46.80458,152,215.33920265829,61,0.47,25,12.1,778.4,875,861,761,749,13,"GE BrightSpeed Excel"
1410834,8,4.65865,48.32947,168,291.784619601982,124,0.514,22.5,11.3,801.6,867,865,755,753,13,"GE Revolution EVO"
1410866,23,4.55156,47.07191,409,142.123873754471,28,0.173,15,10.7,836.5,751,728,653,633,13,"GE Revolution EVO"
1410866,27,4.55156,47.07191,409,102.286121262688,28,0.138,13.3,10.7,836.5,794,712,690,620,13,"GE Revolution EVO"
1410897,1,-1.30918,46.87331,69,105.516209302562,41,0.2,14.9,12.5,854.9,793,782,690,680,13,"GE Revolution EVO"
1410897,4,-1.30918,46.87331,69,90.4424651164816,27,0.212,15.8,12.5,854.9,781,788,680,685,13,"GE Revolution EVO"
1410956,10,-1.68471,47.32914,41,170.117970100049,52,0.298,18.2,12.4,954.4,849,835,738,726,13,"GE Revolution EVO"
1411188,5,2.95252,47.73923,176,281.017659469068,253,0.972,31,11.45,780.3,692,690,602,600,13,"GE BrightSpeed Excel"
1411230,6,-0.26226,43.67997,150,88.2890730898987,32,0.187,12.8,13.9,977.6,936,954,815,830,13,"GE Revolution EVO"
1411230,9,-0.26226,43.67997,150,111.976385382311,30,0.247,15.8,13.9,977.6,940,937,818,815,13,"GE Revolution EVO"
1411286,1,6.32359,47.51048,292,234.719730897536,80,0.413,24.2,10.95,1081.3,636,619,553,538,13,"GE BrightSpeed Excel"
1411306,7,-1.29465,43.54227,19,147.507353820928,49,0.337,21.9,14.45,1427.4,907,878,789,764,13,"GE Revolution EVO"
1411345,1,-0.00023,43.93775,133,76.4454169436928,17,0.109,14.9,13.5,898.1,810,750,704,652,13,"GE Revolution EVO"
1411355,1,-0.7585,44.60271,74,127.050129568391,19,0.285,12.3,13.6,980.1,841,829,732,721,13,"GE BrightSpeed Excel"
1411355,8,-0.7585,44.60271,74,76.4454169436928,13,0.136,10.7,13.6,980.1,694,696,604,606,13,"GE BrightSpeed Excel"
1411430,13,-1.9685,48.21963,101,195.958674419043,70,0.464,23.5,11.75,799.2,834,828,726,720,13,"GE BrightSpeed Excel"
1411434,11,5.29461,45.2546,637,175.501450166506,63,0.417,18.8,10.45,1104.7,714,709,621,617,13,"GE Revolution EVO"
1411470,5,0.15454,45.09251,68,170.117970100049,72,0.332,17.2,13.3,864.6,836,879,728,765,13,"GE BrightSpeed Excel"
1411517,1,0.40049,43.13651,568,233.643034884244,41,0.516,23.7,11.75,1159.6,848,848,738,738,13,"GE Revolution EVO"
1411524,2,2.14739,49.1791,95,227.182858804495,88,0.375,23.1,11.35,706.2,758,773,659,672,13,"GE Revolution EVO"
1411635,5,5.43251,49.5528,341,189.498498339295,159,0.791,28.5,9.95,952.1,713,710,620,618,13,"GE BrightSpeed Excel"
1411695,7,1.58995,46.02914,475,362.846556479218,84,0.735,30.8,10.9,1177.6,748,737,650,641,13,"GE BrightSpeed Excel"
1411726,2,0.94814,46.88689,110,248.716779070324,63,0.472,26.1,12.3,755.5,834,812,726,706,13,"GE Revolution EVO"
1411726,15,0.94814,46.88689,110,136.740393688014,65,0.335,23.7,12.3,755.5,887,872,772,759,13,"GE Revolution EVO"
1411727,2,1.92793,45.74297,746,58.1415847177382,31,0.186,9.5,9.55,1432.7,731,721,636,628,13,"GE BrightSpeed Excel"
1411746,2,0.75231,47.29825,90,221.799378738038,67,0.45,24,12.2,704.2,827,819,719,713,13,"GE Revolution EVO"
1411813,6,1.09223,46.33068,200,64.6017607974869,20,0.136,12.5,12.25,875.5,792,781,689,680,13,"GE BrightSpeed Excel"
1411870,8,4.47709,47.84715,253,159.351009967134,123,0.345,15.8,11.05,845.6,804,779,699,678,13,"GE Revolution EVO"
1411881,11,-2.00603,47.69587,35,230.41294684437,60,0.498,22,12.4,856.5,964,958,839,833,13,"GE BrightSpeed Excel"
1411982,7,6.16249,47.85808,239,227.182858804495,75,0.517,25,10.9,1046.9,738,738,642,642,13,"GE BrightSpeed Excel"
1411986,1,0.7665,43.21438,394,174.424754153215,76,0.307,18.7,12.65,853,829,800,721,696,13,"GE BrightSpeed Excel"
1411987,5,-0.57671,43.52805,116,175.501450166506,91,0.383,23.3,14.05,1098.5,880,858,766,746,13,"GE BrightSpeed Excel"
1412039,8,0.83533,45.28376,211,80.7522009968586,37,0.162,11.6,12.85,945.2,911,878,793,764,13,"GE Revolution EVO"
1412039,9,0.83533,45.28376,211,81.82889701015,21,0.157,12.7,12.85,945.2,813,830,708,722,13,"GE Revolution EVO"
1412122,1,2.46968,46.60734,205,195.958674419043,77,0.391,25.9,12.05,741.2,822,809,715,704,13,"GE BrightSpeed Excel"
1412122,4,2.46968,46.60734,205,221.799378738038,67,0.451,26,12.05,741.2,810,794,704,691,13,"GE BrightSpeed Excel"
1412138,1,-1.54404,46.48726,45,48.4513205981152,10,0.075,9.4,12.95,890.2,822,824,715,717,13,"GE Revolution EVO"
1412142,4,2.92426,47.59547,199,274.557483389319,81,0.721,21.3,11.4,776.5,849,808,738,703,13,"GE BrightSpeed Excel"
1412142,9,2.92426,47.59547,199,155.044225913968,65,0.454,22,11.4,776.5,785,748,683,650,13,"GE BrightSpeed Excel"
1412167,2,-0.56758,43.34844,135,137.817089701305,20,0.232,12.6,13.95,1159.9,799,736,695,640,13,"GE BrightSpeed Excel"
1412167,7,-0.56758,43.34844,135,116.283169435476,20,0.238,15.7,13.95,1159.9,824,823,717,716,13,"GE BrightSpeed Excel"
1412209,9,1.42234,46.78369,120,157.197617940551,70,0.307,19,12.3,780.4,742,725,645,630,13,"GE BrightSpeed Excel"
1412285,5,-0.10577,44.65514,47,225.029466777913,59,0.429,25.6,13.65,807.3,789,770,686,670,13,"GE Revolution EVO"
1412355,4,0.70752,46.16382,191,81.82889701015,25,0.165,13.7,12.2,896.9,831,810,723,705,13,"GE Revolution EVO"
1412355,10,0.70752,46.16382,191,85.0589850500244,29,0.166,15.2,12.2,896.9,775,761,674,662,13,"GE Revolution EVO"
1412524,1,-0.11591,46.61703,179,118.436561462059,56,0.233,14.8,12.2,826.4,852,827,742,719,13,"GE BrightSpeed Excel"
1412578,10,1.76228,46.83989,158,298.244795681731,157,0.665,23,12.05,766.9,669,669,582,582,13,"GE BrightSpeed Excel"
1412588,1,-0.66372,47.07209,156,76.4454169436928,22,0.105,6.1,12.1,843.9,668,618,582,538,13,"GE Revolution EVO"
1412742,9,3.07829,47.19879,188,225.029466777913,136,0.503,28.9,11.8,833.4,781,754,680,656,13,"GE Revolution EVO"
1412742,14,3.07829,47.19879,188,259.483739203239,116,0.501,29.5,11.8,833.4,779,785,678,683,13,"GE Revolution EVO"
1412760,1,0.58384,45.98199,208,195.958674419043,54,0.415,18.1,12.2,939.8,802,791,698,688,13,"GE Revolution EVO"
1412760,2,0.58384,45.98199,208,167.964578073466,63,0.429,16.9,12.2,939.8,813,799,707,696,13,"GE Revolution EVO"
1412761,8,2.13258,45.99544,494,208.879026578541,84,0.345,24.6,10.75,962.8,829,812,721,707,13,"GE BrightSpeed Excel"
1412778,2,-1.47533,43.28412,160,188.421802326003,202,0.674,19.8,13.95,1704.9,1001,986,871,858,13,"GE BrightSpeed Excel"
1412778,4,-1.47533,43.28412,160,152.890833887386,207,0.705,22.7,13.95,1704.9,887,888,771,772,13,"GE BrightSpeed Excel"
1412837,2,6.22753,48.37811,313,198.112066445626,45,0.257,17.5,10.35,893.8,792,792,689,689,13,"GE Revolution EVO"
1412842,8,6.32305,48.21287,362,114.129777408893,23,0.143,11.7,10.2,978.6,782,786,681,684,13,"GE Revolution EVO"
1412859,9,6.27285,45.38641,418,281.017659469068,43,0.495,27.6,11.7,1078.7,851,825,740,718,13,"GE BrightSpeed Excel"
1413042,14,0.07274,44.60497,102,174.424754153215,51,0.366,22.6,13.6,791.2,841,819,732,713,13,"GE Revolution EVO"
1413069,10,-0.41136,45.74605,66,203.495546512084,175,0.567,22.6,13.3,889.1,867,844,754,734,13,"GE Revolution EVO"
1413111,7,5.06994,49.48965,183,279.940963455776,95,0.586,33.8,10.5,937.3,763,731,664,636,13,"GE BrightSpeed Excel"
1413117,1,3.83933,48.91817,202,260.56043521653,104,0.569,25,10.8,799.7,791,791,688,688,13,"GE BrightSpeed Excel"
1413151,4,2.28601,47.57896,134,160.427705980426,27,0.34,16.6,11.65,789,815,821,709,714,13,"GE BrightSpeed Excel"
1413179,1,1.72937,47.43346,108,158.274313953843,67,0.352,13.6,11.85,745.8,894,830,778,722,13,"GE BrightSpeed Excel"
1413179,2,1.72937,47.43346,108,130.280217608265,43,0.222,16.5,11.85,745.8,882,873,767,759,13,"GE BrightSpeed Excel"
1413184,6,0.32444,44.60987,68,261.637131229822,117,0.581,26,13.75,781,805,785,701,683,13,"GE Revolution EVO"
1413184,11,0.32444,44.60987,68,234.719730897536,104,0.589,28.4,13.75,781,792,773,689,673,13,"GE Revolution EVO"
1413211,3,0.60579,44.47073,99,340.235940200098,155,0.611,27,13.65,802.4,752,783,655,681,13,"GE Revolution EVO"
1413215,18,2.26132,46.24752,417,214.262506644998,53,0.463,21.2,10.9,889,851,831,741,723,13,"GE BrightSpeed Excel"
1413240,9,4.75568,48.09363,302,206.725634551958,105,0.523,20,10.8,948,855,816,743,710,13,"GE BrightSpeed Excel"
1413292,10,-0.49781,44.42976,60,191.651890365878,88,0.475,21.8,13.55,950.7,844,837,735,728,13,"GE Revolution EVO"
1413448,1,6.02722,47.07003,403,99.0560332228132,62,0.231,18,10.55,1330.3,794,778,691,677,13,"GE BrightSpeed Excel"
1413473,2,0.1016,45.14545,70,136.740393688014,66,0.3,19.3,13.3,862.4,779,805,678,700,13,"GE BrightSpeed Excel"
1413473,10,0.1016,45.14545,70,189.498498339295,72,0.396,18.7,13.3,862.4,877,884,763,769,13,"GE BrightSpeed Excel"
1413482,3,2.07684,46.85903,161,165.811186046883,63,0.293,16.9,12.1,761.4,708,697,616,606,13,"GE BrightSpeed Excel"
1413574,9,-0.31523,45.3523,77,147.507353820928,53,0.294,22.9,13.2,872.2,804,794,699,691,13,"GE Revolution EVO"
1413624,1,-0.42832,47.61804,27,230.41294684437,62,0.426,28.2,12.4,681.2,752,722,655,629,13,"GE Revolution EVO"
1413652,11,0.36467,44.8985,48,359.616468439344,173,0.846,29.7,13.5,827.5,713,713,621,620,13,"GE Revolution EVO"
1413652,22,0.36467,44.8985,48,357.463076412761,136,0.734,28.3,13.5,827.5,779,741,677,645,13,"GE Revolution EVO"
1413682,3,-0.72578,43.54191,84,52.7581046512809,10,0.124,7.6,14.25,1186.1,762,752,663,654,13,"GE Revolution EVO"
1413687,2,0.09934,44.56953,89,281.017659469068,81,0.623,25.4,13.7,790.6,862,866,750,754,13,"GE Revolution EVO"
1413747,3,1.71213,46.64169,167,271.327395349445,142,0.715,25,12.1,794.3,677,664,589,578,13,"GE BrightSpeed Excel"
1413747,10,1.71213,46.64169,167,299.321491695022,115,0.564,21.9,12.1,794.3,708,669,616,582,13,"GE BrightSpeed Excel"
1413786,16,0.98034,44.56594,200,135.663697674722,102,0.405,23.9,13.3,882.1,950,920,826,800,13,"GE BrightSpeed Excel"
1413813,2,3.40882,46.56639,274,278.864267442485,107,0.532,22.2,11.75,790.9,789,774,686,673,13,"GE BrightSpeed Excel"
1413825,2,1.28789,46.96248,158,254.100259136782,90,0.468,27.8,12.15,761.8,650,629,565,547,13,"GE BrightSpeed Excel"
1413864,2,1.75509,45.07648,284,186.26841029942,134,0.565,30.4,12.25,1173,871,854,758,743,13,"GE BrightSpeed Excel"
1413896,10,0.9543,44.6016,189,161.504401993717,43,0.307,28.5,13.05,922.9,754,741,656,645,13,"GE BrightSpeed Excel"
1413906,3,2.41864,47.38105,192,79.6755049835671,32,0.199,14.4,11.5,869.7,890,893,774,777,13,"GE BrightSpeed Excel"
1413988,5,-0.35112,43.46196,182,239.026514950701,145,0.613,23.6,13.8,1143.5,801,794,697,690,13,"GE BrightSpeed Excel"
1413988,6,-0.35112,43.46196,182,268.097307309571,86,0.617,25.6,13.8,1143.5,822,809,716,704,13,"GE BrightSpeed Excel"
1414008,4,3.02181,46.91125,196,229.336250831078,115,0.532,23.5,11.85,810.6,801,791,697,688,13,"GE BrightSpeed Excel"
1414008,14,3.02181,46.91125,196,295.014707641857,157,0.732,29,11.85,810.6,736,712,640,619,13,"GE BrightSpeed Excel"
1414014,10,0.91248,48.23583,247,223.952770764621,122,0.602,30,11.05,800,699,685,608,596,13,"GE BrightSpeed Excel"
1414045,13,-0.9253,49.20677,85,130.280217608265,68,0.342,15.1,11.35,926,881,863,767,750,13,"GE BrightSpeed Excel"
1414116,2,2.17519,49.05334,70,190.575194352586,58,0.434,24.2,12,655.1,793,786,690,684,13,"GE Revolution EVO"
1414116,5,2.17519,49.05334,70,221.799378738038,59,0.597,21.5,12,655.1,722,696,628,605,13,"GE Revolution EVO"
1414213,3,-0.14559,47.26444,66,155.044225913968,47,0.255,17.2,12.65,670.9,688,666,598,579,13,"GE BrightSpeed Excel"
1414318,8,1.19098,45.34198,217,235.796426910827,114,0.479,23.2,12.25,1080.3,818,820,712,713,13,"GE Revolution EVO"
1414318,15,1.19098,45.34198,217,197.035370432335,101,0.513,23,12.25,1080.3,878,866,764,753,13,"GE Revolution EVO"
1414382,5,1.31721,45.41518,347,114.129777408893,45,0.304,22,11.85,1106.6,881,853,766,742,13,"GE BrightSpeed Excel"
1414382,7,1.31721,45.41518,347,218.569290698164,80,0.445,22,11.85,1106.6,849,817,739,711,13,"GE BrightSpeed Excel"
1414393,4,-0.12683,43.41337,262,328.392284053892,61,0.484,23.9,13.5,1120.4,772,756,671,658,13,"GE Revolution EVO"
1414393,5,-0.12683,43.41337,262,145.353961794345,68,0.523,26,13.5,1120.4,839,819,730,713,13,"GE Revolution EVO"
1414415,8,4.74519,46.68999,218,127.050129568391,57,0.239,22.9,11.85,807.6,759,723,660,629,13,"GE Revolution EVO"
1414463,2,2.76011,47.02048,205,258.407043189947,97,0.495,21.5,11.85,798.8,806,781,701,679,13,"GE Revolution EVO"
1414463,5,2.76011,47.02048,205,278.864267442485,129,0.565,21.3,11.85,798.8,830,811,722,706,13,"GE Revolution EVO"
1414474,5,3.41805,45.72052,444,176.578146179797,63,0.536,21,11.35,858,766,752,667,655,13,"GE Revolution EVO"
1414499,12,0.83698,46.16561,215,213.185810631707,70,0.507,23,12.1,924,772,760,671,661,13,"GE Revolution EVO"
1414499,14,0.83698,46.16561,215,186.26841029942,65,0.501,25.3,12.1,924,816,792,710,689,13,"GE Revolution EVO"
1414504,24,0.8589,45.35606,186,235.796426910827,103,0.523,20.4,12.8,974.9,810,786,705,684,13,"GE Revolution EVO"
1414504,25,0.8589,45.35606,186,211.032418605124,92,0.499,25.5,12.8,974.9,734,731,638,636,13,"GE Revolution EVO"
1414634,2,5.34738,45.75735,311,198.112066445626,90,0.404,20.9,11.75,1088.4,767,717,667,624,13,"GE Revolution EVO"
1414701,4,0.2714,43.31387,272,203.495546512084,76,0.315,22.2,13.3,954.3,975,989,848,861,13,"GE BrightSpeed Excel"
1414701,8,0.2714,43.31387,272,173.348058139923,59,0.304,21,13.3,954.3,805,797,701,693,13,"GE BrightSpeed Excel"
1414780,6,1.09397,47.3924,116,275.634179402611,114,0.448,26.6,12,724.3,775,784,674,682,13,"GE Revolution EVO"
1414851,28,4.23182,46.96963,309,117.359865448768,73,0.281,18.1,11.15,933.1,705,687,614,598,13,"GE Revolution EVO"
1414866,3,0.17164,43.34786,228,327.3155880406,139,0.658,31.6,13.55,903,630,626,549,544,13,"GE BrightSpeed Excel"
1414866,4,0.17164,43.34786,228,333.775764120349,109,0.743,34.5,13.55,903,652,647,567,563,13,"GE BrightSpeed Excel"
1414962,2,2.57193,46.10335,468,237.94981893741,76,0.554,26.8,10.8,864.5,757,753,658,655,13,"GE Revolution EVO"
1414962,3,2.57193,46.10335,468,299.321491695022,74,0.569,27,10.8,864.5,865,857,752,746,13,"GE Revolution EVO"
1414980,2,6.23763,47.06308,687,223.952770764621,132,0.422,24,9.95,1402.5,739,760,643,661,13,"GE BrightSpeed Excel"
1414981,4,-1.21042,46.57021,39,86.1356810633158,61,0.143,5.7,12.85,890.3,853,853,742,742,13,"GE Revolution EVO"
1414995,2,0.10517,47.90843,45,50.604712624698,11,0.096,7.7,12.2,713.8,807,810,702,705,13,"GE Revolution EVO"
1415007,3,-0.83428,43.26897,230,221.799378738038,87,0.547,32,13.7,1335,918,922,799,802,13,"GE BrightSpeed Excel"
1415007,7,-0.83428,43.26897,230,359.616468439344,103,0.816,24.8,13.7,1335,890,871,774,757,13,"GE BrightSpeed Excel"
1415078,7,2.1186,49.50246,139,208.879026578541,128,0.479,24,10.8,717.9,814,807,708,702,13,"GE Revolution EVO"
1415078,8,2.1186,49.50246,139,223.952770764621,132,0.523,24.4,10.8,717.9,782,779,680,678,13,"GE Revolution EVO"
1415120,6,6.04895,46.24072,448,219.645986711455,142,0.478,27.9,11.05,1107.9,760,745,662,648,13,"GE BrightSpeed Excel"
1415189,7,2.50003,48.01055,103,150.737441860803,67,0.265,18.8,11.7,678.8,661,653,575,568,13,"GE BrightSpeed Excel"
1415227,4,4.71194,46.52867,224,96.9026411962303,17,0.118,12.5,11.75,806.2,789,775,686,674,13,"GE BrightSpeed Excel"
1415227,5,4.71194,46.52867,224,117.359865448768,19,0.132,14,11.75,806.2,821,808,715,703,13,"GE BrightSpeed Excel"
1415242,10,1.80484,45.18467,495,208.879026578541,96,0.429,27,11.2,1308,846,839,736,730,13,"GE BrightSpeed Excel"
1415250,2,1.13841,45.4134,262,177.654842193089,49,0.45,26.9,12.15,1108.1,841,835,732,726,13,"GE Revolution EVO"
1415250,3,1.13841,45.4134,262,128.126825581682,37,0.263,20.7,12.15,1108.1,832,836,724,727,13,"GE Revolution EVO"
1415322,10,2.50543,49.70013,99,183.038322259546,72,0.404,25,10.9,682.2,850,820,739,713,13,"GE Revolution EVO"
1415322,13,2.50543,49.70013,99,265.943915282988,84,0.493,25.6,10.9,682.2,870,876,757,762,13,"GE Revolution EVO"
1415357,1,5.0235,47.02585,193,360.693164452635,75,0.487,30,11.8,787.5,731,716,636,623,13,"GE Revolution EVO"
1415457,6,5.82122,48.76873,230,239.026514950701,50,0.427,25.1,10.65,802.3,717,703,624,612,13,"GE Revolution EVO"
1415492,9,5.33422,46.45997,219,211.032418605124,59,0.399,23.3,11.75,1166,735,728,640,633,13,"GE Revolution EVO"
1415527,11,4.09235,47.52971,324,128.126825581682,36,0.235,13.3,11.35,818.1,688,647,599,563,13,"GE BrightSpeed Excel"
1415538,2,4.27466,46.69894,318,356.386380399469,153,0.717,34.5,11.4,920.1,753,758,655,660,13,"GE Revolution EVO"
1415549,5,1.81955,46.33633,304,227.182858804495,65,0.403,26.7,11.7,893.1,756,738,657,642,13,"GE BrightSpeed Excel"
1415607,3,3.24061,47.43152,227,66.7551528240698,60,0.169,18.1,11.45,848.7,854,843,743,733,13,"GE BrightSpeed Excel"
1415628,8,5.46626,46.94261,222,173.348058139923,106,0.405,20,11.6,1018.5,723,689,629,600,13,"GE Revolution EVO"
1415638,1,3.86873,48.9897,239,326.238892027309,134,0.645,28.7,10.7,808.8,652,639,567,556,13,"GE BrightSpeed Excel"
1415699,6,-0.80283,43.144,420,314.395235881103,115,0.728,23.9,12.45,1445.4,919,899,800,782,13,"GE BrightSpeed Excel"
1415803,3,2.65952,47.79438,139,58.1415847177382,18,0.124,15.4,11.55,759.6,831,806,723,701,13,"GE BrightSpeed Excel"
1415803,11,2.65952,47.79438,139,165.811186046883,37,0.286,14.2,11.55,759.6,874,899,760,782,13,"GE BrightSpeed Excel"
1415825,4,-0.95355,44.92112,37,114.129777408893,35,0.273,12.6,13.7,971.5,816,786,710,684,13,"GE BrightSpeed Excel"
1415860,1,2.066,49.0172,50,171.19466611334,57,0.259,20,12,652.6,752,735,654,639,13,"GE Revolution EVO"
1415860,8,2.066,49.0172,50,101.209425249396,59,0.189,18.2,12,652.6,746,737,649,641,13,"GE Revolution EVO"
1415876,4,5.93888,47.32497,235,368.230036545675,162,0.782,28.5,11.4,1066,797,764,693,665,13,"GE Revolution EVO"
1415962,3,1.9468,50.32802,42,262.713827243113,129,0.657,27.6,10.95,996.7,747,737,650,641,13,"GE Revolution EVO"
1416021,5,-3.52752,48.65696,105,305.781667774771,89,0.445,15.5,11.55,946.4,915,913,796,794,13,"GE Revolution EVO"
1416047,1,2.00559,49.9153,115,233.643034884244,85,0.528,19.1,10.85,744.3,741,745,645,648,13,"GE Revolution EVO"
1416204,8,4.43682,47.50599,353,241.179906977284,102,0.451,22,11.1,881.4,829,821,721,714,13,"GE Revolution EVO"
1416205,10,3.8235,50.26579,155,209.955722591832,94,0.581,29.5,10.6,869.4,790,786,687,684,13,"GE BrightSpeed Excel"
1416269,4,2.0508,46.82298,165,136.740393688014,104,0.294,19.1,12.05,772.6,716,713,623,620,13,"GE BrightSpeed Excel"
1416370,1,-0.34473,44.37963,62,158.274313953843,33,0.268,16.4,13.6,910.8,899,883,782,768,13,"GE Revolution EVO"
1416517,1,2.88985,44.28516,840,152.890833887386,58,0.273,18.5,9.6,1017.2,715,707,622,616,13,"GE BrightSpeed Excel"
1416517,2,2.88985,44.28516,840,124.896737541808,70,0.253,15.8,9.6,1017.2,809,787,704,685,13,"GE BrightSpeed Excel"
1416551,3,3.4533,48.72466,186,80.7522009968586,20,0.17,15.6,11.05,776.1,725,702,631,610,13,"GE Revolution EVO"
1416551,4,3.4533,48.72466,186,103.362817275979,20,0.22,12.3,11.05,776.1,904,896,786,780,13,"GE Revolution EVO"
1416645,8,1.12373,47.24877,120,99.0560332228132,20,0.178,9.8,12.05,717.9,895,865,779,752,13,"GE Revolution EVO"
1416645,9,1.12373,47.24877,120,87.2123770766073,20,0.148,10.2,12.05,717.9,783,775,682,674,13,"GE Revolution EVO"
1416668,7,1.02562,44.78237,152,90.4424651164816,28,0.148,15.5,13.35,873.2,848,774,737,674,13,"GE Revolution EVO"
1416680,15,0.53309,45.1713,183,101.209425249396,85,0.22,13.6,13,920.1,798,823,695,716,13,"GE BrightSpeed Excel"
1416680,17,0.53309,45.1713,183,133.51030564814,79,0.303,21.4,13,920.1,840,839,731,730,13,"GE BrightSpeed Excel"
1416754,5,0.74576,49.29449,116,223.952770764621,111,0.473,20.7,11.3,837.5,778,748,677,651,13,"GE BrightSpeed Excel"
1416844,4,1.82547,45.70656,551,155.044225913968,28,0.307,18.1,10.6,1340,879,879,765,764,13,"GE Revolution EVO"
1416852,10,3.58902,47.59021,205,111.976385382311,75,0.244,21.8,11.5,800.7,735,717,639,623,13,"GE BrightSpeed Excel"
1416854,4,5.37665,47.68318,299,133.51030564814,45,0.276,20.5,10.65,891.6,729,716,634,623,13,"GE BrightSpeed Excel"
1417144,8,3.85028,47.42516,304,222.87607475133,112,0.522,26.8,11.2,919.7,815,796,709,693,13,"GE BrightSpeed Excel"
1417160,1,5.98112,48.33198,330,165.811186046883,37,0.253,18.5,10.25,908.7,862,843,750,733,13,"GE Revolution EVO"
1417160,3,5.98112,48.33198,330,147.507353820928,35,0.212,17,10.25,908.7,809,808,704,703,13,"GE Revolution EVO"
1417219,1,-0.6321,43.16684,292,177.654842193089,68,0.394,23.4,13.5,1416.1,910,874,792,761,13,"GE BrightSpeed Excel"
1417219,2,-0.6321,43.16684,292,316.548627907686,77,0.985,22.6,13.5,1416.1,880,872,766,758,13,"GE BrightSpeed Excel"
1417227,2,0.28106,43.04442,596,363.923252492509,42,0.571,23.2,12.15,1102.3,866,823,754,716,13,"GE BrightSpeed Excel"
1417361,2,2.39247,47.68689,155,190.575194352586,80,0.403,21.5,11.55,743.3,868,837,755,729,13,"GE BrightSpeed Excel"
1417459,4,2.57224,46.17532,383,176.578146179797,67,0.342,16,11.15,856.6,777,759,676,660,13,"GE Revolution EVO"
1417459,5,2.57224,46.17532,383,171.19466611334,85,0.323,14.1,11.15,856.6,775,755,674,657,13,"GE Revolution EVO"
1417598,1,0.66512,49.23948,123,216.415898671581,70,0.555,25.4,11.4,818.7,879,875,765,761,13,"GE BrightSpeed Excel"
1417607,3,6.58298,47.42921,346,260.56043521653,156,0.592,23.3,10.75,1148.1,761,713,662,620,13,"GE Revolution EVO"
1417687,1,5.6529,47.83767,317,204.572242525375,174,0.548,26.1,10.6,907.5,623,609,542,530,13,"GE BrightSpeed Excel"
1417687,2,5.6529,47.83767,317,289.631227575399,107,0.547,27.9,10.6,907.5,697,695,606,605,13,"GE BrightSpeed Excel"
1417936,9,0.84176,48.82838,185,181.961626246255,96,0.355,18,10.95,694.1,774,769,673,669,13,"GE BrightSpeed Excel"
1417975,1,1.9945,47.43455,111,118.436561462059,32,0.246,18.4,11.9,763.2,782,748,680,651,13,"GE BrightSpeed Excel"
1417975,8,1.9945,47.43455,111,99.0560332228132,32,0.251,19,11.9,763.2,697,673,606,586,13,"GE BrightSpeed Excel"
1417979,1,1.1603,43.18348,295,347.772812293138,58,0.639,26,13.1,804.6,813,820,708,713,13,"GE BrightSpeed Excel"
1417979,2,1.1603,43.18348,295,173.348058139923,39,0.38,19,13.1,804.6,828,819,721,713,13,"GE BrightSpeed Excel"
1418013,10,-0.38149,47.22312,52,121.666649501934,33,0.257,20.6,12.75,632.3,741,725,645,631,13,"GE BrightSpeed Excel"
1418013,11,-0.38149,47.22312,52,132.433609634848,37,0.225,15.4,12.75,632.3,737,705,642,613,13,"GE BrightSpeed Excel"
1418081,12,2.2107,45.70766,807,198.112066445626,74,0.346,24.2,9.1,1157.2,779,758,678,659,13,"GE BrightSpeed Excel"
1418092,4,0.27907,46.53484,128,113.053081395602,100,0.388,18.3,12.3,758.8,843,826,734,718,13,"GE Revolution EVO"
1418107,2,2.47641,49.21511,61,117.359865448768,52,0.284,14.5,11.6,672.5,822,813,715,708,13,"GE Revolution EVO"
1418107,8,2.47641,49.21511,61,157.197617940551,62,0.266,16.3,11.6,672.5,826,807,719,702,13,"GE Revolution EVO"
1418172,30,2.00029,46.51695,296,276.710875415902,136,0.505,26.2,11.7,830.1,619,600,539,522,13,"GE BrightSpeed Excel"
1418243,4,0.52688,46.14308,144,85.0589850500244,53,0.238,18.6,12.35,882.5,850,824,740,717,13,"GE Revolution EVO"
1418512,7,0.76042,45.22874,209,130.280217608265,52,0.388,24.4,12.85,940.2,750,732,653,637,13,"GE Revolution EVO"
1418671,9,1.59181,43.99628,175,206.725634551958,87,0.411,22.6,13.6,784.9,800,790,696,687,13,"GE Revolution EVO"
1418671,18,1.59181,43.99628,175,212.109114618415,78,0.372,20.8,13.6,784.9,792,799,689,695,13,"GE Revolution EVO"
1418675,1,2.13563,45.16778,609,251.946867110199,66,0.595,20.9,10.75,1306.9,797,788,694,686,13,"GE BrightSpeed Excel"
1418764,1,-0.27788,44.5612,22,285.324443522234,111,0.571,18.4,13.8,832.6,895,883,778,768,13,"GE Revolution EVO"
1418764,3,-0.27788,44.5612,22,219.645986711455,87,0.439,20.7,13.8,832.6,764,742,665,646,13,"GE Revolution EVO"
1418767,16,1.0843,43.29045,294,127.050129568391,46,0.277,18.5,13.15,729.8,848,864,738,751,13,"GE BrightSpeed Excel"
1418773,5,3.38482,46.67458,246,165.811186046883,39,0.323,23.5,11.75,840,741,733,645,638,13,"GE BrightSpeed Excel"
1418801,2,-0.18323,43.57392,196,356.386380399469,121,0.758,29.1,13.75,1010.9,878,828,764,720,13,"GE Revolution EVO"
1418845,13,2.39228,47.507,173,142.123873754471,49,0.318,17.6,11.55,801.8,858,838,746,729,13,"GE Revolution EVO"
1418978,1,4.98629,47.8727,347,144.277265781054,123,0.318,16.5,10.55,958.8,824,816,717,710,13,"GE BrightSpeed Excel"
1418985,1,3.24675,47.79127,212,203.495546512084,110,0.632,30,11.25,787.7,855,840,744,731,13,"GE BrightSpeed Excel"
1418985,10,3.24675,47.79127,212,273.480787376028,114,0.61,29.8,11.25,787.7,859,856,747,745,13,"GE BrightSpeed Excel"
1419077,1,-0.87695,43.59149,109,246.563387043742,54,0.577,21.5,14.15,1260.3,804,829,700,722,13,"GE Revolution EVO"
1419077,4,-0.87695,43.59149,109,167.964578073466,58,0.401,18.8,14.15,1260.3,998,949,868,826,13,"GE Revolution EVO"
1419361,1,2.82854,48.74687,115,258.407043189947,104,0.605,28.8,11.5,735.7,825,825,718,717,13,"GE Revolution EVO"
1419361,4,2.82854,48.74687,115,256.253651163365,99,0.593,28,11.5,735.7,749,753,652,655,13,"GE Revolution EVO"
1419466,1,3.64931,47.87738,142,265.943915282988,127,0.572,33.2,11.65,731.6,850,823,740,716,13,"GE BrightSpeed Excel"
1419466,5,3.64931,47.87738,142,254.100259136782,98,0.437,33,11.65,731.6,813,790,707,687,13,"GE BrightSpeed Excel"
1419469,17,-0.50295,45.52772,47,138.893785714597,59,0.255,17.4,13.45,886.7,860,848,749,738,13,"GE Revolution EVO"
1419513,1,3.49935,49.56892,110,340.235940200098,150,0.726,30.6,11,781.6,967,955,842,831,13,"GE Revolution EVO"
1419588,5,4.06993,45.20843,606,116.283169435476,68,0.261,7,10.95,768.6,769,738,669,642,13,"GE BrightSpeed Excel"
1419716,2,-0.68685,43.7409,57,184.115018272838,69,0.516,27.4,14.25,1085.5,843,830,734,722,13,"GE Revolution EVO"
1419716,4,-0.68685,43.7409,57,180.884930232963,65,0.456,24.8,14.25,1085.5,906,889,788,773,13,"GE Revolution EVO"
1419784,5,5.25874,49.41331,206,208.879026578541,95,0.445,26.6,10.45,886,823,801,716,697,13,"GE Revolution EVO"
1419784,9,5.25874,49.41331,206,184.115018272838,79,0.416,29.1,10.45,886,890,867,774,754,13,"GE Revolution EVO"
1419940,2,2.81837,47.64992,167,259.483739203239,109,0.467,23.2,11.5,749.5,878,823,763,716,13,"GE BrightSpeed Excel"
1419940,3,2.81837,47.64992,167,192.728586379169,103,0.413,22.3,11.5,749.5,718,722,624,628,13,"GE BrightSpeed Excel"
1419960,2,5.04971,45.45888,394,274.557483389319,118,0.686,26.7,11.5,982.4,780,774,679,673,13,"GE Revolution EVO"
1419998,12,5.48525,47.7163,275,217.492594684872,55,0.409,16.5,10.85,927.5,774,779,674,678,13,"GE BrightSpeed Excel"
1420153,8,5.57141,48.25395,399,114.129777408893,41,0.179,15,10,1011.2,811,787,706,685,13,"GE Revolution EVO"
1420153,12,5.57141,48.25395,399,143.200569767763,45,0.168,11.9,10,1011.2,899,856,782,745,13,"GE Revolution EVO"
1420185,4,-1.82722,48.47681,54,170.117970100049,118,0.505,23.1,11.8,836.6,770,759,670,660,13,"GE BrightSpeed Excel"
1420185,9,-1.82722,48.47681,54,213.185810631707,122,0.434,24.2,11.8,836.6,850,814,740,708,13,"GE BrightSpeed Excel"
1420250,11,-2.41066,47.44577,30,159.351009967134,52,0.304,11.2,12.55,844.9,901,890,784,775,13,"GE Revolution EVO"
1420511,12,5.51651,48.23745,412,212.109114618415,59,0.421,19.7,9.95,1019.6,842,819,732,712,13,"GE Revolution EVO"
1420511,16,5.51651,48.23745,412,173.348058139923,65,0.43,23.8,9.95,1019.6,917,885,798,770,13,"GE Revolution EVO"
1420603,17,5.57392,47.85789,264,200.265458472209,265,0.685,23.7,10.5,907.5,625,627,544,545,13,"GE BrightSpeed Excel"
1420678,1,1.86193,47.43408,119,113.053081395602,18,0.227,11,11.9,757.3,828,816,721,710,13,"GE BrightSpeed Excel"
1420678,3,1.86193,47.43408,119,66.7551528240698,12,0.118,8.2,11.9,757.3,787,752,685,654,13,"GE BrightSpeed Excel"
1420754,1,1.41855,48.54657,188,275.634179402611,114,0.583,17.8,11.2,636,744,712,647,620,13,"GE Revolution EVO"
1420820,14,6.53409,48.49363,269,213.185810631707,48,0.554,25.3,10.55,828.9,805,809,701,704,13,"GE Revolution EVO"
1420933,15,0.12932,43.16723,421,251.946867110199,111,0.668,29,12.45,1118.9,837,817,728,710,13,"GE BrightSpeed Excel"
1420936,1,2.02016,47.57854,123,62.448368770904,14,0.096,7.6,11.75,768.8,764,781,665,680,13,"GE BrightSpeed Excel"
1420936,3,2.02016,47.57854,123,63.5250647841954,16,0.14,7.8,11.75,768.8,836,810,728,705,13,"GE BrightSpeed Excel"
1420966,1,-3.99124,48.21818,51,160.427705980426,17,0.246,10,11.9,1215.6,836,790,727,688,13,"GE Revolution EVO"
1420993,1,-0.71934,43.88392,21,151.814137874094,25,0.247,13,14.05,1045.3,863,860,751,748,13,"GE Revolution EVO"
1420993,2,-0.71934,43.88392,21,185.191714286129,29,0.409,21.5,14.05,1045.3,897,905,781,788,13,"GE Revolution EVO"
1421022,10,1.66011,46.6234,173,239.026514950701,124,0.494,22.2,12.1,802.7,772,788,672,686,13,"GE BrightSpeed Excel"
1421022,11,1.66011,46.6234,173,202.418850498792,95,0.43,20.5,12.1,802.7,810,786,704,684,13,"GE BrightSpeed Excel"
1421172,11,0.41482,43.44237,170,331.622372093766,79,0.879,32.3,13.5,811.1,836,828,727,720,13,"GE Revolution EVO"
1421237,1,3.13673,47.57621,259,180.884930232963,111,0.373,24.5,11.1,877.3,671,633,584,551,13,"GE BrightSpeed Excel"
1421246,15,3.32649,47.77264,262,116.283169435476,77,0.304,19.6,11.15,807.2,840,840,730,731,13,"GE BrightSpeed Excel"
1421255,5,2.7511,45.85092,732,118.436561462059,78,0.238,17.7,9.55,934.1,774,788,674,686,13,"GE BrightSpeed Excel"
1421328,1,0.58601,47.52978,118,225.029466777913,90,0.45,24.8,11.85,735.3,857,830,745,722,13,"GE Revolution EVO"
1421328,2,0.58601,47.52978,118,159.351009967134,86,0.4,25.1,11.85,735.3,798,779,694,678,13,"GE Revolution EVO"
1421332,4,2.02123,47.39864,105,193.805282392461,114,0.357,21.3,11.9,762.7,724,692,630,602,13,"GE BrightSpeed Excel"
1421332,6,2.02123,47.39864,105,230.41294684437,103,0.436,22.7,11.9,762.7,741,736,645,640,13,"GE BrightSpeed Excel"
1421345,11,-0.6679,43.38166,190,251.946867110199,94,0.497,17.1,14.1,1168.6,871,863,757,751,13,"GE BrightSpeed Excel"
1421352,8,4.12,49.9386,244,170.117970100049,60,0.477,26,10.1,981.3,843,825,733,718,13,"GE BrightSpeed Excel"
1421362,1,-0.99818,45.24391,22,123.820041528516,31,0.336,13.9,13.6,894.8,844,834,734,725,13,"GE BrightSpeed Excel"
1421471,11,2.8149,44.30349,787,223.952770764621,78,0.445,23.1,10.05,998.6,722,716,629,623,13,"GE BrightSpeed Excel"
1421471,14,2.8149,44.30349,787,191.651890365878,88,0.347,17.6,10.05,998.6,764,757,664,658,13,"GE BrightSpeed Excel"
1421473,8,5.68793,46.70223,525,273.480787376028,139,0.568,25.1,10.1,1492.5,728,687,633,597,13,"GE Revolution EVO"
1421473,9,5.68793,46.70223,525,245.48669103045,161,0.489,23,10.1,1492.5,724,717,630,624,13,"GE Revolution EVO"
1421547,2,-1.90539,47.10504,15,165.811186046883,25,0.21,11,12.9,857.5,865,839,752,730,13,"GE Revolution EVO"
1421547,4,-1.90539,47.10504,15,202.418850498792,45,0.392,13.7,12.9,857.5,807,792,702,689,13,"GE Revolution EVO"
1421551,18,1.10846,46.76276,91,147.507353820928,61,0.288,20,12.55,752.2,820,814,713,708,13,"GE BrightSpeed Excel"
1421645,5,-0.73157,43.64969,57,169.041274086757,49,0.384,15.8,14.2,1167.5,871,860,757,748,13,"GE Revolution EVO"
1421645,13,-0.73157,43.64969,57,162.581098007009,33,0.283,19.1,14.2,1167.5,759,733,661,637,13,"GE Revolution EVO"
1421665,4,3.56995,47.91423,118,184.115018272838,86,0.445,28.5,11.85,693.3,785,759,683,660,13,"GE BrightSpeed Excel"
1421665,17,3.56995,47.91423,118,254.100259136782,70,0.591,29.5,11.85,693.3,755,750,657,653,13,"GE BrightSpeed Excel"
1421703,1,5.05178,48.62691,234,233.643034884244,263,0.808,23.5,10.8,984.7,723,710,629,618,13,"GE BrightSpeed Excel"
1421705,11,3.25596,46.78366,231,267.020611296279,118,0.503,28.5,11.7,862.1,776,797,675,694,13,"GE Revolution EVO"
1421734,14,1.93322,45.0233,532,273.480787376028,127,0.476,27.1,11.35,1350.1,862,827,750,719,13,"GE BrightSpeed Excel"
1421734,22,1.93322,45.0233,532,228.259554817787,124,0.552,26.2,11.35,1350.1,780,755,678,657,13,"GE BrightSpeed Excel"
1421970,4,6.42551,47.45289,390,36.6076644519092,11,0.076,8.3,10.4,1180.1,768,779,668,678,13,"GE Revolution EVO"
1422073,5,1.03751,45.35829,234,176.578146179797,54,0.482,25.8,12.45,1037.7,835,821,726,714,13,"GE Revolution EVO"
1422073,7,1.03751,45.35829,234,177.654842193089,90,0.666,21.1,12.45,1037.7,866,854,753,743,13,"GE Revolution EVO"
1422175,5,1.06448,43.07456,427,208.879026578541,45,0.57,32.3,12.25,975.7,862,861,750,749,13,"GE BrightSpeed Excel"
1422175,26,1.06448,43.07456,427,176.578146179797,72,0.399,24.5,12.25,975.7,959,951,835,827,13,"GE BrightSpeed Excel"
1422278,19,2.59593,45.70743,779,249.793475083616,146,0.497,23.2,9.35,1035.2,772,805,672,701,13,"GE BrightSpeed Excel"
1422417,4,-0.25157,46.72205,138,157.197617940551,95,0.32,18.8,12.3,766.7,958,942,833,820,13,"GE BrightSpeed Excel"
1422417,5,-0.25157,46.72205,138,141.04717774118,105,0.216,16.4,12.3,766.7,794,786,690,683,13,"GE BrightSpeed Excel"
1422430,9,2.81414,44.21358,831,218.569290698164,102,0.536,18.6,9.9,1062.2,805,784,700,682,13,"GE BrightSpeed Excel"
1422430,14,2.81414,44.21358,831,203.495546512084,89,0.476,22.6,9.9,1062.2,800,792,696,689,13,"GE BrightSpeed Excel"
1422434,3,1.32365,46.45895,187,106.592905315853,30,0.232,14.3,12.3,857,703,677,612,589,13,"GE Revolution EVO"
1422434,10,1.32365,46.45895,187,91.5191611297731,25,0.175,12.3,12.3,857,721,697,628,606,13,"GE Revolution EVO"
1422456,7,4.85896,46.88556,208,189.498498339295,50,0.377,22.3,11.85,751.5,759,752,661,654,13,"GE Revolution EVO"
1422516,1,1.55199,46.87463,150,190.575194352586,114,0.452,21,12.1,781,650,637,566,554,13,"GE BrightSpeed Excel"
1422516,5,1.55199,46.87463,150,146.430657807637,95,0.357,18.5,12.1,781,710,684,618,595,13,"GE BrightSpeed Excel"
1422713,11,2.00306,46.06711,489,222.87607475133,49,0.473,22.3,10.65,1049,750,744,652,647,13,"GE BrightSpeed Excel"
1422750,2,0.86169,48.12729,249,157.197617940551,70,0.411,25.1,11.1,800.8,863,876,751,762,13,"GE BrightSpeed Excel"
1422750,7,0.86169,48.12729,249,218.569290698164,120,0.616,28.6,11.1,800.8,813,805,707,700,13,"GE BrightSpeed Excel"
1422823,3,2.55863,49.19701,57,174.424754153215,64,0.339,25.8,11.65,683.5,726,702,632,611,13,"GE Revolution EVO"
1422823,20,2.55863,49.19701,57,184.115018272838,66,0.382,25.2,11.65,683.5,782,754,680,656,13,"GE Revolution EVO"
1422848,2,1.43744,47.44955,105,211.032418605124,65,0.416,26.8,11.95,700.1,787,779,685,678,13,"GE BrightSpeed Excel"
1422848,9,1.43744,47.44955,105,202.418850498792,76,0.651,28.4,11.95,700.1,804,791,699,688,13,"GE BrightSpeed Excel"
1422874,1,2.3392,47.86677,126,116.283169435476,35,0.234,15.6,11.65,723.3,712,704,620,612,13,"GE BrightSpeed Excel"
1422932,12,7.48897,47.73492,237,49.5280166114066,22,0.103,11.4,11.1,817.4,739,716,643,623,13,"GE BrightSpeed Excel"
1422936,6,6.91484,49.1277,281,213.185810631707,206,0.641,25,10.35,836.6,675,663,587,577,13,"GE Revolution EVO"
1423007,12,4.70838,48.83211,184,53.8348006645724,36,0.096,7.8,11,826.9,637,631,554,549,13,"GE BrightSpeed Excel"
1423109,10,2.11982,49.21499,92,213.185810631707,82,0.485,29.5,11.35,709.1,811,814,706,708,13,"GE Revolution EVO"
1423109,11,2.11982,49.21499,92,232.566338870953,82,0.392,25,11.35,709.1,801,791,697,688,13,"GE Revolution EVO"
1423125,6,2.07554,47.12891,136,180.884930232963,117,0.399,19.3,12.05,726.2,704,720,612,626,13,"GE Revolution EVO"
1423239,3,5.86552,47.41728,300,146.430657807637,95,0.304,20.7,10.7,1064.4,771,750,670,652,13,"GE Revolution EVO"
1423279,10,2.86026,46.49825,245,180.884930232963,95,0.421,20.3,11.85,793.1,791,768,688,668,13,"GE Revolution EVO"
1423279,17,2.86026,46.49825,245,232.566338870953,112,0.51,23.9,11.85,793.1,784,762,682,663,13,"GE Revolution EVO"
1423296,7,0.53507,44.32567,85,167.964578073466,100,0.56,28.2,13.8,812.9,788,787,686,685,13,"GE BrightSpeed Excel"
1423296,9,0.53507,44.32567,85,232.566338870953,94,0.497,27.5,13.8,812.9,776,792,675,689,13,"GE BrightSpeed Excel"
1423381,3,0.88938,47.12011,123,278.864267442485,97,0.52,27,12.1,729.6,866,845,754,735,13,"GE Revolution EVO"
1423381,8,0.88938,47.12011,123,226.106162791204,98,0.526,20.5,12.1,729.6,815,807,709,703,13,"GE Revolution EVO"
1423390,3,0.42323,43.19084,447,268.097307309571,57,0.565,25.4,12,1052,881,898,767,781,13,"GE Revolution EVO"
1423406,3,2.03351,45.23951,562,116.283169435476,46,0.309,17,11,1275.5,926,923,806,803,13,"GE BrightSpeed Excel"
1423428,10,1.83167,47.82971,98,151.814137874094,52,0.276,24.2,11.75,698.9,727,719,632,626,13,"GE BrightSpeed Excel"
1423446,5,2.1832,46.3554,391,213.185810631707,103,0.489,18.9,11.1,888.5,794,767,691,667,13,"GE BrightSpeed Excel"
1423446,6,2.1832,46.3554,391,233.643034884244,105,0.565,23.1,11.1,888.5,768,739,668,643,13,"GE BrightSpeed Excel"
1423496,5,1.24482,46.49421,156,219.645986711455,50,0.433,26.3,12.4,830.3,788,764,685,665,13,"GE Revolution EVO"
1423496,7,1.24482,46.49421,156,206.725634551958,50,0.498,25.2,12.4,830.3,722,712,628,619,13,"GE Revolution EVO"
1423614,1,2.47079,47.05716,166,269.174003322862,130,0.579,28.4,12,775.7,784,738,682,642,13,"GE BrightSpeed Excel"
1423616,20,1.67117,45.72374,463,166.887882060174,123,0.374,14.6,11.3,1194.3,748,724,651,630,13,"GE Revolution EVO"
1423616,23,1.67117,45.72374,463,167.964578073466,109,0.387,21,11.3,1194.3,789,777,686,676,13,"GE Revolution EVO"
1423631,12,0.62495,43.84149,129,152.890833887386,50,0.296,15.5,13.9,709,909,870,791,757,13,"GE Revolution EVO"
1423747,7,1.4506,46.65795,161,155.044225913968,61,0.388,19.9,12.25,806.9,800,785,696,683,13,"GE Revolution EVO"
1423817,2,-1.75519,47.90309,44,256.253651163365,80,0.463,19.3,12.25,799.6,864,840,751,731,13,"GE BrightSpeed Excel"
1423832,3,5.31635,47.55873,277,193.805282392461,115,0.37,16.9,10.9,888.7,777,758,676,660,13,"GE Revolution EVO"
1423832,11,5.31635,47.55873,277,174.424754153215,120,0.354,22.5,10.9,888.7,823,785,716,683,13,"GE Revolution EVO"
1423860,3,7.08813,47.73395,343,125.973433555099,45,0.279,11.6,10.85,1071.5,740,732,644,637,13,"GE BrightSpeed Excel"
1423873,5,5.54395,47.80471,353,185.191714286129,125,0.617,29.5,10.4,955.4,792,775,689,674,13,"GE BrightSpeed Excel"
1423887,7,0.62073,43.15823,462,113.053081395602,37,0.233,18.6,12.2,903.2,896,851,780,741,13,"GE BrightSpeed Excel"
1423957,9,1.07977,46.87042,132,167.964578073466,60,0.431,26.9,12.25,777.4,736,711,640,619,13,"GE BrightSpeed Excel"
1423957,15,1.07977,46.87042,132,232.566338870953,71,0.546,25.7,12.25,777.4,804,797,700,693,13,"GE BrightSpeed Excel"
1424155,4,6.00629,48.69118,254,214.262506644998,101,0.364,17.2,10.55,782.3,764,745,665,648,13,"GE Revolution EVO"
1424160,6,-1.21846,43.11304,259,197.035370432335,45,0.515,17.6,13.2,1583.4,905,884,788,769,13,"GE BrightSpeed Excel"
1424160,8,-1.21846,43.11304,259,163.6577940203,107,0.624,14.9,13.2,1583.4,851,839,741,730,13,"GE BrightSpeed Excel"
1424276,1,2.94837,47.37946,178,289.631227575399,138,0.541,23.2,11.7,751.5,664,639,577,556,13,"GE BrightSpeed Excel"
1424276,2,2.94837,47.37946,178,221.799378738038,137,0.43,20,11.7,751.5,647,608,563,529,13,"GE BrightSpeed Excel"
1424599,2,2.28567,47.93871,123,114.129777408893,41,0.233,20.7,11.65,741.2,814,778,708,677,13,"GE BrightSpeed Excel"
1424599,7,2.28567,47.93871,123,93.672553156356,36,0.262,17.3,11.65,741.2,767,765,667,666,13,"GE BrightSpeed Excel"
1424676,1,0.43824,47.20353,114,94.7492491696474,25,0.154,11.6,12.15,752.3,768,746,668,649,13,"GE Revolution EVO"
1424690,6,1.60805,50.48799,19,119.513257475351,33,0.243,14.1,11.2,906.7,863,844,751,734,13,"GE Revolution EVO"
1424690,12,1.60805,50.48799,19,174.424754153215,63,0.395,17.3,11.2,906.7,811,776,706,675,13,"GE Revolution EVO"
1424776,1,5.73748,48.32126,402,313.318539867811,135,0.669,25.3,9.9,944.9,838,811,729,706,13,"GE Revolution EVO"
1424776,11,5.73748,48.32126,402,290.707923588691,115,0.487,27,9.9,944.9,796,783,692,681,13,"GE Revolution EVO"
1424912,6,2.02186,47.2907,133,157.197617940551,100,0.323,24,11.95,782,821,782,714,681,13,"GE BrightSpeed Excel"
1424912,10,2.02186,47.2907,133,132.433609634848,85,0.37,24.3,11.95,782,786,765,684,665,13,"GE BrightSpeed Excel"
1425081,2,1.94227,47.32644,97,105.516209302562,26,0.229,14,12,748.1,701,670,610,583,13,"GE BrightSpeed Excel"
1425081,4,1.94227,47.32644,97,88.2890730898987,28,0.203,15,12,748.1,669,651,582,566,13,"GE BrightSpeed Excel"
1425086,4,4.63578,47.80815,310,109.822993355728,23,0.268,15.2,10.7,898.4,766,762,666,663,13,"GE Revolution EVO"
1425107,12,-0.32221,44.43416,65,97.9793372095217,41,0.206,17.5,13.6,894.5,874,832,760,724,13,"GE Revolution EVO"
1425177,1,5.10496,46.05167,276,170.117970100049,52,0.296,17.2,11.95,950.3,762,765,663,666,13,"GE Revolution EVO"
1425177,2,5.10496,46.05167,276,193.805282392461,48,0.314,20.7,11.95,950.3,854,830,743,723,13,"GE Revolution EVO"
1425206,15,-3.14098,48.60338,66,295.014707641857,95,0.552,28.4,11.65,868.7,878,869,764,756,13,"GE Revolution EVO"
1425206,22,-3.14098,48.60338,66,244.409995017159,100,0.541,28,11.65,868.7,918,911,799,793,13,"GE Revolution EVO"
1425225,17,1.48051,44.76885,363,142.123873754471,70,0.31,18,12.8,962.4,800,778,696,677,13,"GE Revolution EVO"
1425260,1,4.66089,47.77166,365,312.24184385452,99,0.609,24.6,10.55,934.2,797,781,694,679,13,"GE Revolution EVO"
1425354,1,-1.67368,47.8879,88,193.805282392461,59,0.307,16.8,12.25,792.6,835,779,727,678,13,"GE BrightSpeed Excel"
1425397,11,1.21109,44.3527,185,101.209425249396,63,0.231,20,13.55,842.3,732,721,637,627,13,"GE BrightSpeed Excel"
1425589,8,2.39093,46.17555,342,185.191714286129,88,0.381,21.1,11.05,815.3,753,732,655,637,13,"GE BrightSpeed Excel"
1425589,13,2.39093,46.17555,342,191.651890365878,79,0.376,23.5,11.05,815.3,759,756,660,657,13,"GE BrightSpeed Excel"
1425601,9,4.39591,45.76083,573,248.716779070324,96,0.554,18,10.9,853.7,818,804,712,700,13,"GE BrightSpeed Excel"
1425601,10,4.39591,45.76083,573,254.100259136782,99,0.555,22.4,10.9,853.7,875,857,761,746,13,"GE BrightSpeed Excel"
1425605,7,4.10339,47.06167,479,103.362817275979,51,0.244,17.6,10.45,1301.2,704,681,613,593,13,"GE Revolution EVO"
1425606,7,-0.29812,44.99268,22,184.115018272838,56,0.357,26.8,13.8,833.1,729,687,635,598,13,"GE BrightSpeed Excel"
1425606,11,-0.29812,44.99268,22,160.427705980426,54,0.4,27.4,13.8,833.1,715,704,622,612,13,"GE BrightSpeed Excel"
1425703,11,0.51179,45.04498,167,166.887882060174,32,0.378,25,13,914.7,784,785,682,683,13,"GE Revolution EVO"
1425703,17,0.51179,45.04498,167,216.415898671581,33,0.511,21.5,13,914.7,866,856,753,745,13,"GE Revolution EVO"
1425740,6,5.63351,49.24178,215,202.418850498792,126,0.554,25.2,10.6,764.2,757,734,659,639,13,"GE BrightSpeed Excel"
1425808,14,0.48615,44.28888,172,225.029466777913,75,0.407,20.2,13.55,818.8,922,909,802,791,13,"GE Revolution EVO"
1425894,1,-3.23033,47.91416,104,186.26841029942,38,0.394,19.1,11.85,1197.2,970,965,844,840,13,"GE Revolution EVO"
1425894,6,-3.23033,47.91416,104,235.796426910827,51,0.421,20.1,11.85,1197.2,922,924,802,804,13,"GE Revolution EVO"
1425939,1,2.05642,45.74336,865,159.351009967134,57,0.249,19.5,8.8,1388.3,696,685,605,596,13,"GE BrightSpeed Excel"
1425948,13,3.25172,48.07903,118,305.781667774771,89,0.639,28.2,11.5,724.6,768,754,668,656,13,"GE BrightSpeed Excel"
1426095,1,-0.48416,43.65642,117,214.262506644998,181,0.954,19.7,14,1034.8,823,824,716,716,13,"GE Revolution EVO"
1426095,6,-0.48416,43.65642,117,165.811186046883,116,0.591,23.9,14,1034.8,811,796,706,692,13,"GE Revolution EVO"
1426124,1,2.28386,49.73616,141,277.787571429194,109,0.555,29.6,10.7,723.4,817,805,711,700,13,"GE Revolution EVO"
1426190,2,1.72013,45.93995,502,236.873122924119,51,0.479,21.8,10.8,1225.9,779,752,678,655,13,"GE BrightSpeed Excel"
1426190,12,1.72013,45.93995,502,215.33920265829,50,0.473,18.3,10.8,1225.9,783,782,682,680,13,"GE BrightSpeed Excel"
1426200,17,3.47842,47.39344,201,153.967529900677,63,0.273,16.7,11.65,767.1,849,842,739,733,13,"GE BrightSpeed Excel"
1426200,28,3.47842,47.39344,201,205.648938538667,83,0.376,19,11.65,767.1,766,750,666,652,13,"GE BrightSpeed Excel"
1426302,2,1.71523,46.37179,234,223.952770764621,68,0.392,18.3,11.9,885.7,797,780,693,678,13,"GE BrightSpeed Excel"
1426302,11,1.71523,46.37179,234,173.348058139923,58,0.351,15.9,11.9,885.7,755,734,657,639,13,"GE BrightSpeed Excel"
1426331,3,-1.03564,45.44087,5,205.648938538667,54,0.432,16.6,13.6,864.5,826,837,719,728,13,"GE BrightSpeed Excel"
1426331,7,-1.03564,45.44087,5,180.884930232963,54,0.32,17.9,13.6,864.5,933,917,811,798,13,"GE BrightSpeed Excel"
1426394,9,0.28853,44.21339,116,212.109114618415,71,0.473,21.7,13.65,794.2,845,848,735,738,13,"GE Revolution EVO"
1426451,15,2.10961,45.31166,578,338.082548173515,118,0.832,27.8,10.9,1274.7,811,816,706,710,13,"GE BrightSpeed Excel"
1426463,2,3.30832,45.32565,497,88.2890730898987,34,0.144,13.7,11.25,623.5,734,753,639,655,13,"GE BrightSpeed Excel"
1426548,7,3.21027,47.19786,246,228.259554817787,118,0.393,21,11.45,921.4,834,811,726,705,13,"GE Revolution EVO"
1426607,7,0.65896,46.90102,122,171.19466611334,57,0.357,16.5,12.3,711,807,777,702,676,13,"GE Revolution EVO"
1426752,2,5.29221,48.08134,400,167.964578073466,105,0.42,18.5,10.05,1006,677,667,589,581,13,"GE BrightSpeed Excel"
1426769,4,2.71304,47.8122,142,176.578146179797,38,0.396,19.3,11.6,751.1,797,779,694,678,13,"GE BrightSpeed Excel"
1426769,14,2.71304,47.8122,142,231.489642857661,94,0.417,20,11.6,751.1,755,756,657,658,13,"GE BrightSpeed Excel"
1426835,4,0.35793,46.51824,125,203.495546512084,173,0.511,19.2,12.35,749,858,820,746,713,13,"GE Revolution EVO"
1426835,5,0.35793,46.51824,125,150.737441860803,70,0.323,21.3,12.35,749,837,822,729,715,13,"GE Revolution EVO"
1426888,14,4.19716,48.24773,121,269.174003322862,92,0.543,25.7,11.55,709.8,793,797,690,693,13,"GE Revolution EVO"
1426896,8,-1.34892,47.07017,35,206.725634551958,52,0.365,19.9,12.7,826,755,748,656,651,13,"GE Revolution EVO"
1426980,3,0.40828,48.7682,289,178.73153820638,94,0.455,26.2,10.45,906.4,785,773,683,673,13,"GE BrightSpeed Excel"
1427013,1,1.41805,47.03557,188,197.035370432335,76,0.362,21.9,11.95,798.3,753,724,655,630,13,"GE BrightSpeed Excel"
1427013,3,1.41805,47.03557,188,260.56043521653,127,0.566,19.9,11.95,798.3,653,646,568,562,13,"GE BrightSpeed Excel"
1427023,2,-1.28538,46.91009,64,127.050129568391,58,0.23,13.4,12.5,829.5,692,687,602,598,13,"GE Revolution EVO"
1427023,13,-1.28538,46.91009,64,134.587001661431,63,0.241,21,12.5,829.5,758,744,660,647,13,"GE Revolution EVO"
1427026,3,-0.50922,49.12746,72,87.2123770766073,89,0.222,9.4,11.45,790.2,739,726,643,632,13,"GE BrightSpeed Excel"
1427046,2,3.30175,44.94787,1016,256.253651163365,102,0.515,17.4,8.15,883.5,749,711,652,619,13,"GE BrightSpeed Excel"
1427076,9,0.87362,44.79845,200,316.548627907686,63,0.619,22.3,13.2,898.8,797,764,693,665,13,"GE Revolution EVO"
1427143,15,5.96898,47.37806,261,166.887882060174,85,0.386,21.8,11.25,1072,742,733,645,637,13,"GE BrightSpeed Excel"
1427259,15,0.17144,47.27082,32,65.6784568107783,37,0.163,15.8,12.55,663.7,781,774,680,673,13,"GE Revolution EVO"
1427259,16,0.17144,47.27082,32,171.19466611334,37,0.31,19.7,12.55,663.7,768,757,668,659,13,"GE Revolution EVO"
1427315,2,0.04317,44.71233,79,167.964578073466,26,0.307,19.6,13.55,816.1,774,763,673,664,13,"GE Revolution EVO"
1427502,3,0.59185,44.92031,134,188.421802326003,34,0.353,23.2,13.1,875.1,713,691,620,601,13,"GE BrightSpeed Excel"
1427523,9,6.19536,47.20862,456,200.265458472209,124,0.485,26.5,10.35,1316.7,722,725,628,630,13,"GE BrightSpeed Excel"
1427579,2,5.72721,47.74551,342,311.165147841228,115,0.526,26.5,10.45,1004.9,661,640,575,556,13,"GE BrightSpeed Excel"
1427584,4,2.4679,45.86959,770,130.280217608265,55,0.316,17.1,9.3,995.2,799,813,695,707,13,"GE BrightSpeed Excel"
1427687,23,2.12274,48.51398,90,245.48669103045,105,0.445,22,11.55,680.7,896,876,779,762,13,"GE Revolution EVO"
1427687,24,2.12274,48.51398,90,192.728586379169,81,0.358,22.3,11.55,680.7,826,818,719,712,13,"GE Revolution EVO"
1427698,4,0.73121,48.88087,173,124.896737541808,67,0.259,21,11,703.6,784,787,682,685,13,"GE BrightSpeed Excel"
1427698,5,0.73121,48.88087,173,282.094355482359,92,0.576,19,11,703.6,904,894,786,778,13,"GE BrightSpeed Excel"
1427711,14,5.35208,47.71983,310,131.356913621557,85,0.3,20.5,10.7,889,915,926,796,806,13,"GE BrightSpeed Excel"
1427734,2,1.76997,48.60271,164,318.702019934269,115,0.709,22.8,11.15,691.1,757,739,659,643,13,"GE Revolution EVO"
1427734,3,1.76997,48.60271,164,263.790523256405,128,0.633,19.9,11.15,691.1,661,639,575,556,13,"GE Revolution EVO"
1427770,6,3.6252,46.88807,226,300.398187708314,101,0.5,21.4,11.7,922.3,862,845,750,735,13,"GE Revolution EVO"
1427770,18,3.6252,46.88807,226,216.415898671581,112,0.45,24.2,11.7,922.3,765,756,666,658,13,"GE Revolution EVO"
1427977,1,0.95827,44.43975,117,102.286121262688,34,0.24,12.5,13.75,806.6,818,813,712,707,13,"GE BrightSpeed Excel"
1427977,20,0.95827,44.43975,117,99.0560332228132,60,0.179,10.5,13.75,806.6,750,743,652,647,13,"GE BrightSpeed Excel"
1428021,13,1.23015,47.21385,122,251.946867110199,55,0.459,24.3,12,748.1,862,865,750,752,13,"GE Revolution EVO"
1428021,16,1.23015,47.21385,122,208.879026578541,84,0.353,24.8,12,748.1,842,830,732,723,13,"GE Revolution EVO"
1428272,4,1.46455,47.41378,105,342.38933222668,70,0.713,30,11.95,710.4,786,780,684,678,13,"GE BrightSpeed Excel"
1428327,6,-0.76056,43.27112,175,176.578146179797,50,0.454,24.1,14,1303.3,871,857,758,745,13,"GE BrightSpeed Excel"
1428347,1,-0.21156,45.31872,103,235.796426910827,81,0.428,20.6,13,902,901,870,784,757,13,"GE Revolution EVO"
1428347,13,-0.21156,45.31872,103,141.04717774118,64,0.296,19.9,13,902,871,858,758,747,13,"GE Revolution EVO"
1428369,14,4.94714,47.62162,389,232.566338870953,95,0.487,22.5,10.2,970.6,830,811,722,705,13,"GE Revolution EVO"
1428398,7,2.364,44.05277,392,188.421802326003,83,0.41,20.2,12.35,979.2,732,701,637,610,13,"GE BrightSpeed Excel"
1428398,11,2.364,44.05277,392,284.247747508942,102,0.57,23.5,12.35,979.2,709,693,617,603,13,"GE BrightSpeed Excel"
1428429,1,3.08483,47.6665,231,244.409995017159,109,0.533,25,11.15,828.3,770,755,670,657,13,"GE BrightSpeed Excel"
1428445,9,0.49746,43.17416,500,282.094355482359,88,0.497,27.3,11.95,1028.7,725,707,631,615,13,"GE BrightSpeed Excel"
1428556,1,2.56629,44.75396,459,121.666649501934,19,0.226,12.4,11.7,1127.4,928,896,807,779,13,"GE BrightSpeed Excel"
1428556,2,2.56629,44.75396,459,159.351009967134,21,0.272,18.9,11.7,1127.4,844,801,734,697,13,"GE BrightSpeed Excel"
1428606,13,-0.47893,44.05235,93,178.73153820638,54,0.378,16.7,13.6,998.3,937,922,815,802,13,"GE Revolution EVO"
1428732,10,0.95106,45.75315,281,203.495546512084,73,0.39,24,12,1052.8,809,817,704,711,13,"GE BrightSpeed Excel"
1428755,2,2.54045,44.59212,565,214.262506644998,74,0.484,20.6,11.6,1164.8,827,786,720,684,13,"GE BrightSpeed Excel"
1428755,11,2.54045,44.59212,565,181.961626246255,65,0.399,19.1,11.6,1164.8,901,863,784,751,13,"GE BrightSpeed Excel"
1428902,7,-0.46629,47.83312,89,131.356913621557,66,0.281,16.9,12,760.6,752,711,654,618,13,"GE BrightSpeed Excel"
1428904,2,5.26197,46.56989,206,302.551579734897,121,0.606,27.3,11.9,1079.5,717,726,624,631,13,"GE Revolution EVO"
1428944,1,-1.0973,43.96261,63,122.743345515225,56,0.279,17.5,13.7,1226.8,786,773,684,673,13,"GE Revolution EVO"
1428978,6,0.89589,45.89643,182,219.645986711455,201,0.45,16.4,12.25,970,681,631,592,549,13,"GE BrightSpeed Excel"
1428978,10,0.89589,45.89643,182,234.719730897536,167,0.504,20.8,12.25,970,810,810,705,704,13,"GE BrightSpeed Excel"
1428980,3,-0.02286,43.8833,106,292.861315615274,57,0.597,31,13.8,901.1,808,779,703,678,13,"GE Revolution EVO"
1429004,1,0.3524,47.38206,81,204.572242525375,87,0.517,26.4,12.05,734.1,865,845,753,735,13,"GE Revolution EVO"
1429004,8,0.3524,47.38206,81,223.952770764621,102,0.473,27.3,12.05,734.1,910,863,792,751,13,"GE Revolution EVO"
1429027,24,-0.58065,45.54372,45,173.348058139923,45,0.314,17.5,13.4,886.8,858,809,746,704,13,"GE Revolution EVO"
1429099,9,-3.25321,47.877,65,278.864267442485,80,0.506,20.5,12.05,1127.3,904,886,786,771,13,"GE Revolution EVO"
1429109,6,1.72752,47.59536,114,131.356913621557,28,0.244,18,11.8,739.4,814,776,709,675,13,"GE BrightSpeed Excel"
1429109,8,1.72752,47.59536,114,97.9793372095217,28,0.209,17.3,11.8,739.4,872,846,759,736,13,"GE BrightSpeed Excel"
1429120,7,2.64727,50.25646,107,219.645986711455,103,0.514,22,10.65,825.4,799,783,695,681,13,"GE Revolution EVO"
1429212,1,5.18238,48.5339,271,55.9881926911553,219,0.602,16.5,10.35,1066.9,581,579,505,504,13,"GE BrightSpeed Excel"
1429219,2,5.49406,48.75988,257,203.495546512084,75,0.43,15.6,10.5,963.2,831,826,723,719,13,"GE BrightSpeed Excel"
1429345,5,1.90632,45.2211,533,157.197617940551,65,0.398,26.5,11.1,1318.7,804,811,699,705,13,"GE BrightSpeed Excel"
1429364,4,-4.38497,48.34067,76,60.2949767443211,29,0.096,8.2,12.2,1097.4,737,713,641,620,13,"GE Revolution EVO"
1429364,5,-4.38497,48.34067,76,79.6755049835671,30,0.127,8.2,12.2,1097.4,892,818,776,712,13,"GE Revolution EVO"
1429466,9,-0.88441,48.99204,172,159.351009967134,102,0.515,22.7,10.85,1054.2,691,677,602,589,13,"GE BrightSpeed Excel"
1429468,3,1.47525,45.11064,250,124.896737541808,121,0.476,30.9,12.7,935.2,849,815,738,709,13,"GE BrightSpeed Excel"
1429468,10,1.47525,45.11064,250,179.808234219672,87,0.459,29.4,12.7,935.2,940,924,818,804,13,"GE BrightSpeed Excel"
1429470,3,-3.83538,47.81155,12,278.864267442485,63,0.463,21,12.6,946.1,965,989,840,860,13,"GE Revolution EVO"
1429470,14,-3.83538,47.81155,12,176.578146179797,62,0.448,18.7,12.6,946.1,881,855,767,744,13,"GE Revolution EVO"
1429522,8,1.87608,45.79675,711,202.418850498792,101,0.423,26.8,10,1429.1,825,794,718,691,13,"GE BrightSpeed Excel"
1429522,9,1.87608,45.79675,711,206.725634551958,97,0.444,25.5,10,1429.1,843,826,734,719,13,"GE BrightSpeed Excel"
1429523,4,3.76699,50.24851,154,233.643034884244,98,0.524,31.7,10.6,867,816,821,710,714,13,"GE BrightSpeed Excel"
1429523,7,3.76699,50.24851,154,278.864267442485,104,0.577,31,10.6,867,854,848,743,738,13,"GE BrightSpeed Excel"
1429545,7,0.93501,46.38283,155,75.3687209304014,23,0.136,10.6,12.4,808.6,727,707,633,615,13,"GE Revolution EVO"
1429553,1,1.00785,48.72247,170,236.873122924119,110,0.472,23,11,635.3,786,767,684,668,13,"GE Revolution EVO"
1429608,1,-4.01513,48.41534,166,147.507353820928,17,0.205,8.9,11.3,1311.4,847,879,737,765,13,"GE Revolution EVO"
1429608,3,-4.01513,48.41534,166,128.126825581682,25,0.213,11.5,11.3,1311.4,893,911,776,793,13,"GE Revolution EVO"
1429667,10,5.11659,46.78958,211,103.362817275979,57,0.228,16.7,11.75,920.2,789,759,686,660,13,"GE Revolution EVO"
1429667,13,5.11659,46.78958,211,153.967529900677,97,0.305,14,11.75,920.2,743,706,646,614,13,"GE Revolution EVO"
1429708,1,1.67442,45.45386,366,173.348058139923,62,0.418,23.1,11.8,1190.9,793,788,690,686,13,"GE BrightSpeed Excel"
1429708,5,1.67442,45.45386,366,247.640083057033,73,0.564,23.3,11.8,1190.9,772,739,672,643,13,"GE BrightSpeed Excel"
1429814,5,5.44698,49.33667,231,211.032418605124,76,0.513,27.5,10.4,858,742,724,645,630,13,"GE BrightSpeed Excel"
1429814,9,5.44698,49.33667,231,225.029466777913,101,0.51,27.7,10.4,858,768,763,668,664,13,"GE BrightSpeed Excel"
1429831,2,4.73394,48.79563,111,47.3746245848237,11,0.095,7.4,11.35,803.4,721,722,627,628,13,"GE BrightSpeed Excel"
1429860,3,1.57493,47.10869,149,119.513257475351,69,0.316,18.8,11.95,739.8,729,719,635,625,13,"GE BrightSpeed Excel"
1429860,5,1.57493,47.10869,149,162.581098007009,71,0.33,22.5,11.95,739.8,712,707,619,615,13,"GE BrightSpeed Excel"
1429953,2,-0.81349,49.17379,129,262.713827243113,110,0.715,22.8,11.1,942.7,924,912,804,794,13,"GE BrightSpeed Excel"
1430003,7,2.68645,47.83027,128,310.088451827937,69,0.563,22.8,11.6,739.7,763,759,664,660,13,"GE BrightSpeed Excel"
1430003,11,2.68645,47.83027,128,155.044225913968,69,0.273,16.2,11.6,739.7,715,717,622,624,13,"GE BrightSpeed Excel"
1430047,5,-1.26135,46.5506,69,124.896737541808,20,0.273,16.9,12.85,899.5,767,767,667,667,13,"GE Revolution EVO"
1430047,10,-1.26135,46.5506,69,135.663697674722,20,0.237,16.8,12.85,899.5,742,738,645,642,13,"GE Revolution EVO"
1430050,4,2.11589,50.131,110,54.9114966778638,72,0.505,22.7,10.65,908.5,789,791,686,688,13,"GE Revolution EVO"
1430137,5,1.56586,49.57205,128,243.333299003867,70,0.698,28.6,10.85,834.5,791,783,688,681,13,"GE BrightSpeed Excel"
1430137,7,1.56586,49.57205,128,223.952770764621,149,0.92,30.8,10.85,834.5,866,855,753,744,13,"GE BrightSpeed Excel"
1430155,10,3.98279,47.42335,375,258.407043189947,103,0.541,22.3,11,983.7,683,648,594,564,13,"GE BrightSpeed Excel"
1430170,6,-0.1463,43.86256,95,221.799378738038,69,0.489,27.4,13.85,918.1,875,876,762,762,13,"GE Revolution EVO"
1430185,1,-1.70148,43.34784,78,194.881978405752,56,0.526,21.3,14.65,1556.8,1031,1016,897,884,13,"GE BrightSpeed Excel"
1430185,3,-1.70148,43.34784,78,199.188762458918,128,0.889,20.8,14.65,1556.8,815,798,709,694,13,"GE BrightSpeed Excel"
1430292,16,-0.59051,43.79752,49,185.191714286129,37,0.395,18.2,14.1,1031.1,845,823,735,716,13,"GE Revolution EVO"
1430339,2,0.20288,47.14542,76,264.867219269696,135,0.613,27.3,12.5,649.7,836,817,727,711,13,"GE Revolution EVO"
1430413,14,1.88336,44.91516,159,355.309684386178,65,0.772,40.4,13.25,1049.9,826,837,719,728,13,"GE Revolution EVO"
1430488,1,-0.51033,43.18812,383,278.864267442485,117,0.715,26.2,12.9,1391.8,842,808,732,703,13,"GE BrightSpeed Excel"
1430488,4,-0.51033,43.18812,383,138.893785714597,57,0.429,25.4,12.9,1391.8,1036,1035,901,901,13,"GE BrightSpeed Excel"
1430494,3,6.4463,47.72235,311,199.188762458918,90,0.441,23,10.8,1141.1,756,738,658,642,13,"GE BrightSpeed Excel"
1430494,4,6.4463,47.72235,311,246.563387043742,155,0.526,23.9,10.8,1141.1,797,764,694,664,13,"GE BrightSpeed Excel"
1430627,4,6.97263,48.85542,249,327.3155880406,148,0.7,27.2,10.55,877.6,714,695,621,605,13,"GE Revolution EVO"
1430647,1,-0.51332,48.20992,115,79.6755049835671,10,0.098,6.9,11.7,822.3,750,678,653,590,13,"GE BrightSpeed Excel"
1430647,4,-0.51332,48.20992,115,97.9793372095217,12,0.13,7.9,11.7,822.3,807,774,703,674,13,"GE BrightSpeed Excel"
1430732,1,5.35924,46.90947,213,332.699068107057,119,0.726,25.9,11.6,963.4,751,730,654,635,13,"GE Revolution EVO"
1430732,2,5.35924,46.90947,213,51.6814086379895,50,0.097,13,11.6,963.4,822,805,715,700,13,"GE Revolution EVO"
1430768,5,1.96774,47.47044,111,186.26841029942,51,0.395,22.4,11.85,765.3,864,859,752,747,13,"GE BrightSpeed Excel"
1430768,10,1.96774,47.47044,111,269.174003322862,55,0.516,22.3,11.85,765.3,861,882,749,767,13,"GE BrightSpeed Excel"
1430804,3,2.08926,44.16038,280,183.038322259546,44,0.462,28,12.7,931.1,692,695,602,605,13,"GE BrightSpeed Excel"
1430804,7,2.08926,44.16038,280,184.115018272838,47,0.308,25.1,12.7,931.1,784,801,682,697,13,"GE BrightSpeed Excel"
1430811,7,3.49787,47.06937,300,44.1445365449494,10,0.088,7.2,11.35,964.2,756,747,658,650,13,"GE BrightSpeed Excel"
1430854,10,4.65666,45.84575,267,147.507353820928,71,0.391,23.4,12.3,717.1,782,753,680,655,13,"GE BrightSpeed Excel"
1430879,13,4.99442,48.03448,314,282.094355482359,140,0.531,22,10.55,917.3,613,584,533,508,13,"GE BrightSpeed Excel"
1430939,4,0.41647,45.60128,129,92.5958571430645,79,0.232,13.1,12.85,883,741,720,645,626,13,"GE Revolution EVO"
1430939,7,0.41647,45.60128,129,180.884930232963,84,0.384,19.9,12.85,883,823,797,716,693,13,"GE Revolution EVO"
1431143,6,6.86072,48.82371,244,202.418850498792,131,0.774,30,10.6,834.2,762,758,663,659,13,"GE BrightSpeed Excel"
1431152,4,1.47385,45.20059,155,281.017659469068,80,0.604,26.7,13,931.1,847,818,736,712,13,"GE BrightSpeed Excel"
1431152,6,1.47385,45.20059,155,229.336250831078,81,0.449,26.7,13,931.1,751,725,654,631,13,"GE BrightSpeed Excel"
1431175,5,0.60851,46.01837,208,170.117970100049,92,0.399,19.9,12.1,938.2,803,798,698,694,13,"GE Revolution EVO"
1431175,6,0.60851,46.01837,208,155.044225913968,70,0.307,19.4,12.1,938.2,861,855,749,744,13,"GE Revolution EVO"
1431195,10,-0.74796,48.99565,306,105.516209302562,35,0.223,14.7,10.3,1085.9,866,844,754,734,13,"GE BrightSpeed Excel"
1431195,19,-0.74796,48.99565,306,100.132729236105,35,0.19,18.4,10.3,1085.9,878,836,764,727,13,"GE BrightSpeed Excel"
1431244,5,5.06459,47.8349,346,180.884930232963,55,0.272,17,10.35,963.1,759,740,660,644,13,"GE BrightSpeed Excel"
1431244,10,5.06459,47.8349,346,184.115018272838,65,0.291,20.5,10.35,963.1,797,734,694,638,13,"GE BrightSpeed Excel"
1431296,1,-3.76469,48.59088,67,214.262506644998,61,0.41,23,11.7,987.9,992,964,863,838,13,"GE Revolution EVO"
1431363,16,2.56889,45.38362,526,114.129777408893,78,0.279,13.3,11.15,1089.5,768,737,668,641,13,"GE Revolution EVO"
1431408,1,7.07208,47.5544,394,192.728586379169,60,0.437,26,10.5,1010.8,766,747,667,650,13,"GE BrightSpeed Excel"
1431408,2,7.07208,47.5544,394,316.548627907686,129,0.752,30.8,10.5,1010.8,729,725,634,631,13,"GE BrightSpeed Excel"
1431465,1,0.00843,44.33373,128,34.4542724253263,17,0.087,6,13.45,880.3,760,767,661,667,13,"GE Revolution EVO"
1431465,4,0.00843,44.33373,128,40.914448505075,19,0.082,6.6,13.45,880.3,814,829,708,721,13,"GE Revolution EVO"
1431572,6,5.3235,49.10604,268,192.728586379169,135,0.502,16.3,10.3,947.2,698,700,608,609,13,"GE BrightSpeed Excel"
1431581,2,3.01413,46.2995,400,131.356913621557,84,0.277,14.5,11.35,797.4,700,694,609,604,13,"GE Revolution EVO"
1431581,12,3.01413,46.2995,400,159.351009967134,67,0.323,16.1,11.35,797.4,771,741,671,644,13,"GE Revolution EVO"
1431646,16,-1.07462,43.58543,58,195.958674419043,58,0.392,20.8,14.25,1328.4,791,754,689,656,13,"GE Revolution EVO"
1431646,21,-1.07462,43.58543,58,149.660745847511,67,0.377,22.3,14.25,1328.4,851,823,741,716,13,"GE Revolution EVO"
1431658,1,1.65444,47.07321,136,345.619420266555,83,0.8,26.5,12,741.3,794,786,690,684,13,"GE BrightSpeed Excel"
1431826,1,5.94581,48.60305,292,174.424754153215,56,0.368,22.2,10.35,809.1,678,671,590,584,13,"GE BrightSpeed Excel"
1431826,7,5.94581,48.60305,292,105.516209302562,40,0.244,18.3,10.35,809.1,742,730,645,635,13,"GE BrightSpeed Excel"
1431840,3,-1.49976,48.07382,72,215.33920265829,74,0.368,24.2,12.05,772.6,814,786,709,684,13,"GE BrightSpeed Excel"
1431840,4,-1.49976,48.07382,72,163.6577940203,72,0.333,23.7,12.05,772.6,834,805,725,701,13,"GE BrightSpeed Excel"
1431919,6,2.18809,44.57422,438,88.2890730898987,110,0.434,11.3,11.9,978.5,776,771,675,671,13,"GE BrightSpeed Excel"
1431995,4,4.75981,48.18351,248,194.881978405752,113,0.407,18.4,10.95,885.8,775,746,674,649,13,"GE Revolution EVO"
1432083,5,-2.54071,48.57559,33,267.020611296279,82,0.554,22.2,11.9,739.8,891,888,775,773,13,"GE Revolution EVO"
1432136,16,2.5526,47.75865,152,92.5958571430645,23,0.151,12.1,11.55,736.5,804,790,699,687,13,"GE BrightSpeed Excel"
1432139,19,5.93199,48.00945,282,236.873122924119,91,0.628,24.5,10.7,942,727,713,632,620,13,"GE Revolution EVO"
1432140,1,-2.184,47.90529,55,138.893785714597,27,0.279,14.2,12.05,890.6,775,762,674,663,13,"GE Revolution EVO"
1432220,1,-2.45362,48.21886,203,178.73153820638,35,0.409,20.5,11.15,975.4,977,959,850,834,13,"GE BrightSpeed Excel"
1432224,1,3.49403,48.11286,215,230.41294684437,86,0.491,25,11.1,835.7,755,737,657,641,13,"GE BrightSpeed Excel"
1432224,13,3.49403,48.11286,215,216.415898671581,158,0.669,24.3,11.1,835.7,774,760,674,662,13,"GE BrightSpeed Excel"
1432284,5,3.4595,46.49392,286,151.814137874094,73,0.34,23.2,11.75,789.1,771,769,671,669,13,"GE BrightSpeed Excel"
1432294,1,0.81515,43.23306,376,225.029466777913,67,0.491,24.2,12.75,834.2,915,904,796,787,13,"GE BrightSpeed Excel"
1432363,4,2.44729,48.42422,84,220.722682724747,74,0.533,26,11.6,662.1,808,810,703,705,13,"GE Revolution EVO"
1432443,3,4.42936,47.99196,286,111.976385382311,82,0.238,13.2,10.95,864.7,780,770,679,670,13,"GE Revolution EVO"
1432516,10,2.2895,43.69318,306,243.333299003867,112,0.429,24.1,13.15,1042.9,779,772,677,672,13,"GE BrightSpeed Excel"
1432525,2,1.56722,49.48224,212,272.404091362736,136,0.831,34.1,10.6,889.4,794,791,690,688,13,"GE BrightSpeed Excel"
1432526,13,3.7755,49.56594,81,213.185810631707,90,0.466,20.5,11.05,701,813,802,707,698,13,"GE Revolution EVO"
1432683,13,3.50439,44.94592,1002,243.333299003867,68,0.49,18.8,7.85,820.6,874,903,760,786,13,"GE BrightSpeed Excel"
1432691,16,0.0276,45.08994,71,82.9055930234415,49,0.153,11.7,13.4,850,754,700,656,609,13,"GE Revolution EVO"
1432724,5,1.26994,45.21681,192,181.961626246255,90,0.457,22.8,12.6,981.2,765,741,666,645,13,"GE BrightSpeed Excel"
1432724,7,1.26994,45.21681,192,205.648938538667,85,0.394,21.2,12.6,981.2,796,767,692,667,13,"GE BrightSpeed Excel"
1432856,8,0.4284,45.99746,173,175.501450166506,54,0.373,20.2,12.25,947.9,828,818,721,712,13,"GE Revolution EVO"
1432941,2,-3.26275,47.71425,22,155.044225913968,30,0.235,14.3,12.6,913.5,889,815,774,709,13,"GE Revolution EVO"
1432958,3,1.67743,45.20198,326,151.814137874094,153,0.661,26.9,12,1203.4,741,735,645,640,13,"GE BrightSpeed Excel"
1432991,12,-0.13329,47.57069,98,207.802330565249,66,0.54,24.3,12.15,737.3,728,717,633,624,13,"GE BrightSpeed Excel"
1433006,7,4.08172,48.01565,194,286.401139535525,135,0.648,31.6,11.15,803,795,763,692,664,13,"GE Revolution EVO"
1433006,11,4.08172,48.01565,194,216.415898671581,134,0.552,32.1,11.15,803,939,925,817,805,13,"GE Revolution EVO"
1433009,1,3.49245,46.8175,191,232.566338870953,115,0.484,11.3,11.95,853.3,806,773,702,672,13,"GE Revolution EVO"
1433011,5,0.48024,44.46868,120,87.2123770766073,20,0.178,17,13.65,802.7,737,726,641,631,13,"GE Revolution EVO"
1433011,9,0.48024,44.46868,120,79.6755049835671,22,0.177,15.2,13.65,802.7,845,824,735,717,13,"GE Revolution EVO"
1433120,1,-1.06963,48.0691,127,246.563387043742,144,0.597,25.3,11.55,879.3,878,875,764,761,13,"GE BrightSpeed Excel"
1433120,3,-1.06963,48.0691,127,127.050129568391,126,0.505,27,11.55,879.3,769,761,669,662,13,"GE BrightSpeed Excel"
1433221,27,2.41597,45.58175,748,69.9852408639441,20,0.135,11.6,9.65,1194.7,706,695,614,605,13,"GE BrightSpeed Excel"
1433266,4,3.14081,47.84602,192,223.952770764621,112,0.409,25.5,11.35,761.8,794,804,691,700,13,"GE BrightSpeed Excel"
1433295,5,1.86672,49.89688,119,206.725634551958,86,0.61,27.4,10.85,796.6,800,788,696,686,13,"GE Revolution EVO"
1433337,13,2.12671,47.52481,132,144.277265781054,75,0.366,18,11.75,783.6,796,773,692,673,13,"GE BrightSpeed Excel"
1433337,17,2.12671,47.52481,132,219.645986711455,78,0.574,20.5,11.75,783.6,827,816,720,710,13,"GE BrightSpeed Excel"
1433407,7,2.33908,44.80816,596,127.050129568391,83,0.354,18.7,11.05,1255.2,805,789,700,686,13,"GE Revolution EVO"
1433407,8,2.33908,44.80816,596,200.265458472209,94,0.416,22.3,11.05,1255.2,778,769,677,669,13,"GE Revolution EVO"
1433465,3,-0.40823,47.74451,32,89.3657691031902,15,0.138,10.6,12.25,696.5,717,689,624,599,13,"GE Revolution EVO"
1433484,13,2.60696,47.95639,101,181.961626246255,65,0.445,23.3,11.7,677.9,781,795,680,692,13,"GE BrightSpeed Excel"
1433484,28,2.60696,47.95639,101,233.643034884244,104,0.556,24.1,11.7,677.9,798,790,694,687,13,"GE BrightSpeed Excel"
1433673,6,4.97684,48.75451,179,124.896737541808,37,0.241,20.6,10.95,969.2,779,778,678,677,13,"GE Revolution EVO"
1433673,8,4.97684,48.75451,179,128.126825581682,36,0.245,20.4,10.95,969.2,749,745,652,648,13,"GE Revolution EVO"
1433712,3,-2.76259,47.79133,88,181.961626246255,25,0.317,12.8,12.1,1087.4,834,794,725,691,13,"GE BrightSpeed Excel"
1433839,1,6.57645,48.34807,317,232.566338870953,155,0.437,23.1,10.4,933.7,683,656,594,571,13,"GE Revolution EVO"
1433839,9,6.57645,48.34807,317,325.162196014017,145,0.466,26.5,10.4,933.7,718,696,625,605,13,"GE Revolution EVO"
1433843,5,2.61777,44.95172,818,360.693164452635,141,0.731,25.3,9.55,1499.4,725,722,631,628,13,"GE Revolution EVO"
1433843,7,2.61777,44.95172,818,178.73153820638,86,0.412,23.2,9.55,1499.4,707,714,615,621,13,"GE Revolution EVO"
1433858,9,2.63404,48.01028,91,114.129777408893,72,0.255,19.5,11.8,672.9,691,680,602,591,13,"GE BrightSpeed Excel"
1434052,5,1.97637,46.19298,438,170.117970100049,31,0.31,17.4,11,933.8,789,789,686,686,13,"GE BrightSpeed Excel"
1434060,17,0.93556,48.37999,224,176.578146179797,101,0.307,21,11,746.6,791,759,688,661,13,"GE Revolution EVO"
1434060,20,0.93556,48.37999,224,171.19466611334,103,0.352,23,11,746.6,809,776,704,675,13,"GE Revolution EVO"
1434064,6,2.04801,47.34474,118,99.0560332228132,51,0.176,14.3,11.95,769.2,725,733,631,637,13,"GE BrightSpeed Excel"
1434129,6,-3.81608,48.33572,211,207.802330565249,60,0.426,22.2,11.15,1445.1,985,948,857,825,13,"GE Revolution EVO"
1434137,9,0.5203,43.22848,449,198.112066445626,62,0.396,23.7,12.15,957.5,904,858,787,746,13,"GE Revolution EVO"
1434187,1,-0.1875,46.47144,148,225.029466777913,73,0.433,20.4,12.4,966.9,930,902,809,785,13,"GE BrightSpeed Excel"
1434187,7,-0.1875,46.47144,148,215.33920265829,67,0.429,18.3,12.4,966.9,789,777,687,676,13,"GE BrightSpeed Excel"
1434195,3,1.54986,48.81719,123,61.3716727576125,27,0.136,10.2,11.3,642.8,753,757,655,659,13,"GE Revolution EVO"
1434198,4,-1.47982,49.28035,106,264.867219269696,131,0.533,23.8,11.3,1069.1,856,826,745,718,13,"GE BrightSpeed Excel"
1434279,8,-0.40873,43.11885,540,278.864267442485,87,0.722,35.7,12.2,1483.1,788,764,686,664,13,"GE BrightSpeed Excel"
1434282,4,-0.9215,46.54282,63,109.822993355728,17,0.133,13.6,12.85,892.9,841,799,732,695,13,"GE Revolution EVO"
1434490,11,1.92926,45.56304,754,195.958674419043,106,0.494,24,9.35,1569.3,753,751,655,653,13,"GE BrightSpeed Excel"
1434515,8,4.92461,48.25196,288,187.345106312712,65,0.303,17.3,10.6,977.3,792,810,689,705,13,"GE BrightSpeed Excel"
1434515,13,4.92461,48.25196,288,181.961626246255,75,0.383,18,10.6,977.3,715,729,622,634,13,"GE BrightSpeed Excel"
1434669,3,2.83439,49.3579,38,87.2123770766073,45,0.226,14.5,11.5,644.3,698,691,608,601,13,"GE Revolution EVO"
1434715,11,2.56739,45.0238,792,230.41294684437,76,0.471,21.3,10.1,1691.8,814,797,708,694,13,"GE BrightSpeed Excel"
1434715,14,2.56739,45.0238,792,165.811186046883,72,0.451,21.3,10.1,1691.8,835,821,727,714,13,"GE BrightSpeed Excel"
1434749,1,1.98107,45.47325,722,179.808234219672,72,0.444,21.8,9.85,1548.2,819,812,713,706,13,"GE BrightSpeed Excel"
1434749,2,1.98107,45.47325,722,103.362817275979,54,0.231,16.3,9.85,1548.2,807,778,702,677,13,"GE BrightSpeed Excel"
1434793,5,1.77521,45.59836,660,179.808234219672,69,0.379,24.9,10.5,1377.1,760,725,661,631,13,"GE BrightSpeed Excel"
1434793,9,1.77521,45.59836,660,172.271362126632,69,0.478,22.1,10.5,1377.1,927,896,807,779,13,"GE BrightSpeed Excel"
1434797,1,0.77074,46.66865,140,179.808234219672,47,0.292,20.8,12.3,773.1,912,916,794,797,13,"GE BrightSpeed Excel"
1434813,5,0.15876,44.98461,62,83.9822890367329,38,0.194,11.4,13.45,823.6,799,794,695,691,13,"GE BrightSpeed Excel"
1434876,12,1.83761,47.20009,137,109.822993355728,41,0.301,13.8,12,734.9,907,867,789,754,13,"GE BrightSpeed Excel"
1434876,13,1.83761,47.20009,137,135.663697674722,39,0.289,14.9,12,734.9,967,948,842,825,13,"GE BrightSpeed Excel"
1435005,8,7.49031,48.02326,195,217.492594684872,140,0.498,15.6,11.3,673.7,581,581,505,505,13,"GE BrightSpeed Excel"
1435009,3,7.41948,47.84612,223,147.507353820928,110,0.298,17.5,11.2,700.5,763,752,664,654,13,"GE BrightSpeed Excel"
1435106,5,0.89981,44.76281,149,270.250699336153,131,0.96,25.9,13.2,912.6,784,767,682,667,13,"GE BrightSpeed Excel"
1435106,12,0.89981,44.76281,149,223.952770764621,84,0.569,26,13.2,912.6,793,778,690,677,13,"GE BrightSpeed Excel"
1435167,6,5.37908,48.65494,341,152.890833887386,71,0.329,19.6,10.25,1045.8,724,707,630,615,13,"GE BrightSpeed Excel"
1435209,12,2.6011,46.78704,183,185.191714286129,106,0.427,24.5,12,787.7,693,688,603,599,13,"GE BrightSpeed Excel"
1435209,15,2.6011,46.78704,183,222.87607475133,104,0.493,26.1,12,787.7,776,765,675,666,13,"GE BrightSpeed Excel"
1435225,6,3.08331,47.55858,266,292.861315615274,105,0.554,29,11.15,870.4,770,768,670,669,13,"GE BrightSpeed Excel"
1435280,16,5.27815,47.82971,440,190.575194352586,85,0.328,16.3,9.95,978.5,785,801,683,697,13,"GE BrightSpeed Excel"
1435315,1,5.03985,46.82743,187,273.480787376028,121,0.649,28.3,11.9,867.9,730,735,635,640,13,"GE BrightSpeed Excel"
1435315,6,5.03985,46.82743,187,334.85246013364,122,0.691,26.6,11.9,867.9,713,705,620,614,13,"GE BrightSpeed Excel"
1435324,1,2.15246,47.75871,139,148.58404983422,90,0.363,17,11.7,748.8,712,698,620,607,13,"GE BrightSpeed Excel"
1435335,7,5.47345,48.41857,381,225.029466777913,244,0.877,24,9.95,1038.1,750,742,652,645,13,"GE Revolution EVO"
1435405,10,3.57946,46.04277,389,171.19466611334,78,0.3,26.4,11,1031,684,643,595,559,13,"GE BrightSpeed Excel"
1435418,1,0.27463,43.22404,370,169.041274086757,65,0.405,23.5,12.75,1055.7,895,879,778,765,13,"GE BrightSpeed Excel"
1435422,3,0.73615,47.83781,96,193.805282392461,53,0.464,31.8,11.85,710.6,875,861,761,749,13,"GE Revolution EVO"
1435557,5,3.56861,46.70874,219,187.345106312712,37,0.281,19.8,11.9,822.8,768,786,668,684,13,"GE Revolution EVO"
1435557,6,3.56861,46.70874,219,165.811186046883,32,0.291,18,11.9,822.8,825,804,718,699,13,"GE Revolution EVO"
1435589,19,1.14461,45.12557,233,188.421802326003,63,0.37,22.9,12.7,923.4,862,850,750,739,13,"GE Revolution EVO"
1435609,5,2.36513,46.37349,434,219.645986711455,102,0.461,22.2,10.9,872.8,724,712,630,620,13,"GE BrightSpeed Excel"
1435684,2,6.08736,47.17616,475,360.693164452635,121,0.689,25,10.3,1298.9,732,721,637,628,13,"GE BrightSpeed Excel"
1435684,6,6.08736,47.17616,475,230.41294684437,103,0.506,26,10.3,1298.9,807,820,702,714,13,"GE BrightSpeed Excel"
1435729,10,5.59003,49.4228,281,254.100259136782,120,0.484,24.1,10.2,886.5,873,826,760,719,13,"GE Revolution EVO"
1435862,1,2.50373,49.17913,54,265.943915282988,122,0.63,26.8,11.7,678.2,828,839,721,730,13,"GE Revolution EVO"
1435933,19,2.33908,44.61029,406,178.73153820638,53,0.325,19.3,12.2,1055.7,856,839,744,730,13,"GE BrightSpeed Excel"
1435983,9,3.71053,50.2312,145,318.702019934269,136,0.724,28.1,10.55,847,795,759,692,661,13,"GE BrightSpeed Excel"
1435985,1,0.09291,46.62133,135,125.973433555099,50,0.234,21.5,12.3,736.8,733,733,637,638,13,"GE Revolution EVO"
1436048,1,4.06682,50.01121,208,203.495546512084,69,0.408,23.2,10.35,938.9,738,730,642,635,13,"GE BrightSpeed Excel"
1436048,4,4.06682,50.01121,208,181.961626246255,62,0.36,23.6,10.35,938.9,658,649,573,564,13,"GE BrightSpeed Excel"
1436073,8,1.20584,48.36491,201,97.9793372095217,35,0.288,17.3,11.1,679.5,740,743,644,646,13,"GE BrightSpeed Excel"
1436152,1,5.95104,47.50468,228,277.787571429194,79,0.59,27.2,11.2,1034.6,762,759,663,661,13,"GE BrightSpeed Excel"
1436219,5,6.62841,48.65229,240,263.790523256405,137,0.496,22.3,10.55,818.9,645,610,561,531,13,"GE Revolution EVO"
1436219,8,6.62841,48.65229,240,236.873122924119,124,0.45,20.6,10.55,818.9,690,657,600,572,13,"GE Revolution EVO"
1436490,3,5.24353,48.17253,323,178.73153820638,85,0.35,22,10.3,998.1,850,851,739,740,13,"GE BrightSpeed Excel"
1436490,8,5.24353,48.17253,323,180.884930232963,65,0.393,21.5,10.3,998.1,847,853,737,742,13,"GE BrightSpeed Excel"
1436509,1,0.30491,45.14936,104,338.082548173515,86,0.692,24.1,13.2,889.2,828,817,720,711,13,"GE Revolution EVO"
1436550,11,-0.2314,46.84852,121,87.2123770766073,53,0.195,16.2,12.5,660.7,793,772,690,671,13,"GE BrightSpeed Excel"
1436554,2,7.4728,47.84379,222,160.427705980426,130,0.384,23.1,11.2,736.4,770,749,670,652,13,"GE BrightSpeed Excel"
1436579,3,7.59193,47.96466,198,316.548627907686,135,0.682,26.1,11.3,738,695,684,605,595,13,"GE BrightSpeed Excel"
1436746,9,3.34563,47.37668,250,218.569290698164,36,0.478,21.8,11.3,860.6,740,732,644,637,13,"GE BrightSpeed Excel"
1436767,9,1.72337,47.9551,119,187.345106312712,71,0.437,21.8,11.6,663.3,721,705,627,613,13,"GE BrightSpeed Excel"
1436767,10,1.72337,47.9551,119,228.259554817787,74,0.483,23.4,11.6,663.3,739,733,643,638,13,"GE BrightSpeed Excel"
1436800,4,6.47295,48.40576,326,229.336250831078,153,0.59,26.3,10.35,908.8,730,722,635,628,13,"GE Revolution EVO"
1436800,21,6.47295,48.40576,326,228.259554817787,125,0.491,25.5,10.35,908.8,853,827,742,720,13,"GE Revolution EVO"
1436803,1,-4.44205,48.57201,39,159.351009967134,51,0.371,14.3,12.05,1052.5,865,831,753,723,13,"GE Revolution EVO"
1436803,4,-4.44205,48.57201,39,180.884930232963,60,0.397,14.6,12.05,1052.5,966,922,840,802,13,"GE Revolution EVO"
1436881,13,1.37113,45.25372,176,207.802330565249,58,0.459,19.2,12.65,966.5,938,927,816,807,13,"GE BrightSpeed Excel"
1436881,15,1.37113,45.25372,176,180.884930232963,57,0.403,22.2,12.65,966.5,812,808,706,703,13,"GE BrightSpeed Excel"
1436926,6,6.24608,49.34931,171,226.106162791204,137,0.539,20.3,10.9,738.3,768,721,668,627,13,"GE Revolution EVO"
1436977,8,6.17157,47.24544,407,51.6814086379895,13,0.117,10.3,10.45,1279.2,729,736,634,640,13,"GE BrightSpeed Excel"
1436977,10,6.17157,47.24544,407,41.9911445183665,12,0.089,9.8,10.45,1279.2,745,758,648,659,13,"GE BrightSpeed Excel"
1437014,1,3.41593,45.61257,621,115.206473422185,18,0.205,12.8,11.1,842.5,835,801,726,697,13,"GE Revolution EVO"
1437018,6,1.02511,46.95978,139,222.87607475133,61,0.45,28.8,12.15,767.5,956,963,831,838,13,"GE Revolution EVO"
1437018,16,1.02511,46.95978,139,153.967529900677,59,0.315,25.5,12.15,767.5,760,744,661,647,13,"GE Revolution EVO"
1437072,16,2.21197,45.1499,590,141.04717774118,60,0.299,21.3,10.85,1275.7,738,717,642,624,13,"GE Revolution EVO"
1437072,19,2.21197,45.1499,590,155.044225913968,58,0.29,19.2,10.85,1275.7,783,806,682,702,13,"GE Revolution EVO"
1437086,2,4.22991,49.90102,225,313.318539867811,149,0.69,23.4,10.15,1025.3,751,721,653,627,13,"GE Revolution EVO"
1437125,3,5.70176,46.50371,527,61.3716727576125,45,0.126,7.4,10.3,1583.8,790,767,687,667,13,"GE Revolution EVO"
1437125,4,5.70176,46.50371,527,141.04717774118,69,0.332,12.2,10.3,1583.8,828,831,720,723,13,"GE Revolution EVO"
1437204,1,2.28832,45.06,613,163.6577940203,59,0.286,23.4,11,1218.4,841,822,731,716,13,"GE BrightSpeed Excel"
1437208,2,0.30649,46.49933,135,179.808234219672,59,0.4,19.3,12.35,763.3,867,877,754,763,13,"GE Revolution EVO"
1437247,2,-2.26715,48.24433,89,162.581098007009,35,0.27,12.9,11.65,810.4,844,821,735,714,13,"GE Revolution EVO"
1437276,2,0.40845,45.09722,120,195.958674419043,59,0.451,18.4,13.1,880.7,822,837,715,728,13,"GE BrightSpeed Excel"
1437302,14,2.56126,43.49522,659,155.044225913968,76,0.326,22.9,11.25,1503.6,834,805,726,700,13,"GE BrightSpeed Excel"
1437315,1,5.43264,48.1857,386,141.04717774118,71,0.388,23,9.9,1013.1,792,767,689,667,13,"GE Revolution EVO"
1437324,3,1.45327,44.89457,90,228.259554817787,51,0.474,21.9,13.5,891.7,969,946,843,823,13,"GE Revolution EVO"
1437445,7,-0.85778,48.56098,196,174.424754153215,48,0.456,19.5,11.15,906.4,840,822,731,715,13,"GE BrightSpeed Excel"
1437445,10,-0.85778,48.56098,196,163.6577940203,35,0.373,19,11.15,906.4,855,837,744,729,13,"GE BrightSpeed Excel"
1437568,11,4.98568,46.79269,208,271.327395349445,105,0.518,28.6,11.85,851.5,779,780,678,678,13,"GE BrightSpeed Excel"
1437746,5,5.697,48.95222,241,234.719730897536,130,0.543,26.6,10.5,856,607,599,528,521,13,"GE BrightSpeed Excel"
1437746,8,5.697,48.95222,241,208.879026578541,145,0.636,23.5,10.5,856,604,600,526,522,13,"GE BrightSpeed Excel"
1437800,9,2.49229,45.38375,469,176.578146179797,109,0.432,22.4,11.6,1035.4,770,775,670,674,13,"GE BrightSpeed Excel"
1437801,4,5.02997,46.62962,210,232.566338870953,86,0.444,23.8,11.85,934.6,721,705,628,613,13,"GE Revolution EVO"
1437846,1,1.14141,46.45718,163,291.784619601982,83,0.624,25,12.4,832.3,724,699,630,609,13,"GE BrightSpeed Excel"
1437846,8,1.14141,46.45718,163,285.324443522234,74,0.555,26.5,12.4,832.3,853,833,742,725,13,"GE BrightSpeed Excel"
1437862,10,-0.95713,43.26527,227,155.044225913968,73,0.262,19.1,13.65,1346.5,853,822,742,715,13,"GE BrightSpeed Excel"
1437862,15,-0.95713,43.26527,227,136.740393688014,85,0.283,17.2,13.65,1346.5,732,733,637,637,13,"GE BrightSpeed Excel"
1437915,3,0.95686,48.59603,241,180.884930232963,81,0.334,21.3,10.65,771,868,897,755,780,13,"GE Revolution EVO"
1437915,8,0.95686,48.59603,241,190.575194352586,78,0.357,30,10.65,771,850,850,740,740,13,"GE Revolution EVO"
1437928,3,1.85305,45.49076,741,155.044225913968,76,0.307,24.2,9.6,1544.1,802,779,698,678,13,"GE BrightSpeed Excel"
1437928,11,1.85305,45.49076,741,183.038322259546,70,0.293,22.5,9.6,1544.1,988,996,860,866,13,"GE BrightSpeed Excel"
1437936,5,3.85276,46.57934,283,183.038322259546,97,0.434,21,11.65,895.8,710,686,617,597,13,"GE Revolution EVO"
1437979,7,7.83456,48.74661,128,219.645986711455,50,0.378,22.9,11.35,753.6,780,760,679,662,13,"GE BrightSpeed Excel"
1438028,13,4.82806,48.48792,153,229.336250831078,125,0.523,31.5,11.35,824.6,776,775,675,674,13,"GE BrightSpeed Excel"
1438059,2,1.16699,45.26975,181,230.41294684437,56,0.553,24.5,12.7,987.5,848,839,738,730,13,"GE Revolution EVO"
1438059,6,1.16699,45.26975,181,187.345106312712,50,0.379,25.7,12.7,987.5,705,701,614,610,13,"GE Revolution EVO"
1438089,5,0.77219,45.7148,301,159.351009967134,41,0.367,29.8,12,1095.9,841,858,732,746,13,"GE BrightSpeed Excel"
1438109,6,-0.89861,43.53687,73,161.504401993717,58,0.351,18.8,14.2,1272,927,945,806,822,13,"GE BrightSpeed Excel"
1438133,3,2.38937,44.53833,358,304.70497176148,69,0.44,22.9,12.4,957.2,815,849,709,739,13,"GE BrightSpeed Excel"
1438133,9,2.38937,44.53833,358,338.082548173515,113,0.573,25.2,12.4,957.2,835,789,726,686,13,"GE BrightSpeed Excel"
1438257,15,4.56024,49.82356,223,248.716779070324,76,0.466,29.7,10.2,1003.8,762,783,663,681,13,"GE Revolution EVO"
1438335,1,5.36233,47.89956,379,321.932107974143,127,0.815,25,10.25,910,793,781,689,679,13,"GE BrightSpeed Excel"
1438338,10,0.90807,46.41849,121,106.592905315853,35,0.19,14.3,12.55,782.4,760,748,661,651,13,"GE Revolution EVO"
1438338,20,0.90807,46.41849,121,120.589953488642,65,0.283,14.7,12.55,782.4,702,692,611,602,13,"GE Revolution EVO"
1438443,6,0.75272,45.49857,194,131.356913621557,68,0.276,19.8,12.7,1041.6,807,776,703,675,13,"GE BrightSpeed Excel"
1438443,9,0.75272,45.49857,194,156.12092192726,61,0.382,25.6,12.7,1041.6,803,778,699,677,13,"GE BrightSpeed Excel"
1438465,1,5.52717,49.29861,214,181.961626246255,62,0.417,22,10.55,820.4,700,701,609,610,13,"GE BrightSpeed Excel"
1438465,7,5.52717,49.29861,214,216.415898671581,79,0.519,24.2,10.55,820.4,829,820,721,713,13,"GE BrightSpeed Excel"
1438506,8,2.97182,44.89628,876,145.353961794345,120,0.326,20.8,9.35,878.8,740,705,644,613,13,"GE BrightSpeed Excel"
1438506,11,2.97182,44.89628,876,185.191714286129,129,0.42,22.4,9.35,878.8,710,684,618,595,13,"GE BrightSpeed Excel"
1438616,3,1.71399,46.47975,285,135.663697674722,38,0.257,24,11.6,903.1,804,810,700,705,13,"GE BrightSpeed Excel"
1438616,28,1.71399,46.47975,285,119.513257475351,38,0.237,22.6,11.6,903.1,724,718,630,624,13,"GE BrightSpeed Excel"
1438736,3,2.23762,45.02399,600,203.495546512084,125,0.456,24.4,10.9,1248.7,802,757,698,659,13,"GE BrightSpeed Excel"
1438776,3,5.45737,48.14905,411,216.415898671581,138,0.584,22.5,9.95,1002.9,834,806,725,701,13,"GE Revolution EVO"
1438797,15,-0.21861,46.57877,215,172.271362126632,54,0.318,24.8,12.05,924.2,850,839,740,730,13,"GE BrightSpeed Excel"
1438840,15,3.196,47.95355,172,83.9822890367329,32,0.163,20.8,11.45,757.3,693,672,603,585,13,"GE BrightSpeed Excel"
1439094,7,5.23314,46.03044,289,354.232988372886,95,0.761,25.4,11.85,1086.6,831,842,723,733,13,"GE Revolution EVO"
1439172,5,-1.79305,49.41391,42,220.722682724747,60,0.495,16,11.65,1009.6,818,818,711,712,13,"GE BrightSpeed Excel"
1439232,8,5.34981,49.08739,284,321.932107974143,134,0.466,23.9,10.15,951.1,726,671,631,584,13,"GE BrightSpeed Excel"
1439232,10,5.34981,49.08739,284,225.029466777913,161,0.548,22.9,10.15,951.1,676,630,588,548,13,"GE BrightSpeed Excel"
1439319,2,2.12133,48.85555,149,285.324443522234,190,0.707,28.1,11.85,675.8,715,691,622,601,13,"GE BrightSpeed Excel"
1439330,4,1.5012,46.7663,131,261.637131229822,91,0.528,29,12.2,788,675,653,588,568,13,"GE BrightSpeed Excel"
1439330,14,1.5012,46.7663,131,225.029466777913,90,0.455,30.1,12.2,788,699,674,608,586,13,"GE BrightSpeed Excel"
1439466,9,4.05962,48.15988,131,257.330347176656,146,0.459,27.5,11.35,775.6,780,755,678,657,13,"GE Revolution EVO"
1439598,8,-0.14929,45.06812,45,163.6577940203,44,0.298,22,13.55,831.7,872,854,759,743,13,"GE Revolution EVO"
1439598,13,-0.14929,45.06812,45,181.961626246255,49,0.368,23.9,13.55,831.7,869,883,756,768,13,"GE Revolution EVO"
1439632,1,1.57133,47.36056,91,312.24184385452,71,0.612,25.8,11.95,710,894,886,778,771,13,"GE BrightSpeed Excel"
1439635,1,0.80836,45.33738,172,157.197617940551,69,0.37,19.4,12.9,955.8,850,840,740,731,13,"GE Revolution EVO"
1439681,9,0.96631,48.23647,231,261.637131229822,98,0.629,28.5,11.05,784.8,760,748,661,650,13,"GE BrightSpeed Excel"
1439774,2,3.80987,46.92184,241,227.182858804495,105,0.417,26.3,11.55,1011,696,660,605,574,13,"GE BrightSpeed Excel"
1439774,12,3.80987,46.92184,241,228.259554817787,125,0.552,28,11.55,1011,834,804,726,699,13,"GE BrightSpeed Excel"
1439792,8,3.22562,46.53197,259,157.197617940551,70,0.293,14.2,11.8,744.7,751,720,653,627,13,"GE Revolution EVO"
1439792,10,3.22562,46.53197,259,142.123873754471,79,0.318,16.5,11.8,744.7,714,694,621,604,13,"GE Revolution EVO"
1439869,13,6.22276,47.58595,301,204.572242525375,93,0.432,23.1,10.85,1078.5,752,734,654,639,13,"GE BrightSpeed Excel"
1439888,3,0.94985,44.78145,234,172.271362126632,45,0.339,15.9,13,903.5,859,829,747,721,13,"GE Revolution EVO"
1439888,10,0.94985,44.78145,234,160.427705980426,32,0.275,15.1,13,903.5,888,882,773,768,13,"GE Revolution EVO"
1439913,2,5.63256,47.08202,241,302.551579734897,139,0.722,27.6,11.4,1097,738,716,642,623,13,"GE Revolution EVO"
1440066,4,-0.81365,43.34152,160,155.044225913968,45,0.399,25.9,13.95,1290.7,853,836,742,728,13,"GE BrightSpeed Excel"
1440066,5,-0.81365,43.34152,160,146.430657807637,37,0.448,25.5,13.95,1290.7,879,867,764,754,13,"GE BrightSpeed Excel"
1440087,6,0.26881,43.38573,305,320.855411960851,72,0.614,25.4,13.2,914.4,892,885,776,770,13,"GE Revolution EVO"
1440134,3,5.78544,48.22987,389,213.185810631707,178,0.935,35,10.05,951.3,667,666,580,580,13,"GE Revolution EVO"
1440145,1,2.20691,47.30905,161,194.881978405752,67,0.345,24.4,11.75,837.1,815,819,709,713,13,"GE BrightSpeed Excel"
1440145,9,2.20691,47.30905,161,143.200569767763,48,0.27,12.9,11.75,837.1,868,874,755,760,13,"GE BrightSpeed Excel"
1440150,5,-4.23674,47.80762,9,106.592905315853,12,0.15,9.1,12.75,863.1,820,768,713,668,13,"GE Revolution EVO"
1440150,8,-4.23674,47.80762,9,71.0619368772356,13,0.116,9.2,12.75,863.1,737,739,641,643,13,"GE Revolution EVO"
1440270,4,2.23746,45.11394,608,151.814137874094,77,0.29,18.8,10.9,1260,836,834,727,726,13,"GE Revolution EVO"
1440365,2,2.36575,47.54299,163,200.265458472209,46,0.378,23.4,11.55,791,860,823,748,716,13,"GE Revolution EVO"
1440380,10,1.11923,47.44664,102,176.578146179797,95,0.452,23.1,12.05,699,800,781,696,680,13,"GE Revolution EVO"
1440400,1,-1.5882,48.17893,55,155.044225913968,95,0.288,17.2,12,795.4,784,757,682,658,13,"GE BrightSpeed Excel"
1440430,2,-0.74114,46.58385,63,171.19466611334,90,0.39,21.1,12.8,934.7,829,797,721,694,13,"GE Revolution EVO"
1440430,14,-0.74114,46.58385,63,226.106162791204,90,0.423,21.5,12.8,934.7,796,808,693,703,13,"GE Revolution EVO"
1440441,22,-0.36335,46.86349,165,109.822993355728,24,0.232,13.4,12.25,746.7,828,816,720,710,13,"GE BrightSpeed Excel"
1440455,9,2.996,46.94739,212,149.660745847511,37,0.322,18.5,11.75,804,765,733,666,638,13,"GE BrightSpeed Excel"
1440516,1,-3.14535,48.38689,224,222.87607475133,72,0.547,14.5,10.9,1123.8,907,895,789,778,13,"GE Revolution EVO"
1440516,3,-3.14535,48.38689,224,170.117970100049,68,0.386,14.7,10.9,1123.8,812,797,706,693,13,"GE Revolution EVO"
1440603,7,2.59627,45.7794,708,158.274313953843,49,0.313,19.5,9.85,969,822,801,715,697,13,"GE BrightSpeed Excel"
1440616,3,-0.13925,43.70084,139,110.899689369019,46,0.233,18.1,14,941.3,852,875,741,761,13,"GE Revolution EVO"
1440616,5,-0.13925,43.70084,139,95.8259451829389,33,0.197,14.3,14,941.3,780,751,679,653,13,"GE Revolution EVO"
1440637,1,0.30312,46.58927,120,290.707923588691,70,0.651,23,12.35,716.6,932,899,811,782,13,"GE Revolution EVO"
1440680,9,3.33254,46.67505,260,299.321491695022,136,0.605,24.2,11.7,826.6,816,786,709,684,13,"GE BrightSpeed Excel"
1440680,13,3.33254,46.67505,260,205.648938538667,101,0.49,21.8,11.7,826.6,707,681,615,592,13,"GE BrightSpeed Excel"
1440784,1,0.32941,43.06331,617,135.663697674722,89,0.342,18,11.5,1098.5,897,844,781,734,13,"GE Revolution EVO"
1440786,14,4.66264,48.41934,144,183.038322259546,97,0.818,30.5,11.45,782.4,781,776,679,675,13,"GE BrightSpeed Excel"
1440915,3,-1.16729,47.9222,79,271.327395349445,122,0.508,24,12,782.7,787,766,685,666,13,"GE BrightSpeed Excel"
1440945,6,2.31402,44.30453,627,208.879026578541,63,0.393,25.5,11.25,1085.6,824,835,716,726,13,"GE BrightSpeed Excel"
1440994,1,3.37996,46.42269,233,233.643034884244,91,0.492,25.4,12,715.1,759,746,661,649,13,"GE Revolution EVO"
1440994,7,3.37996,46.42269,233,295.014707641857,93,0.545,24.5,12,715.1,752,763,654,664,13,"GE Revolution EVO"
1441001,1,1.04267,44.04508,69,54.9114966778638,10,0.108,6.6,14.1,688.8,794,811,691,706,13,"GE Revolution EVO"
1441032,18,1.84763,46.10253,535,131.356913621557,53,0.213,12.7,10.65,1118.8,696,700,605,609,13,"GE BrightSpeed Excel"
1441129,1,2.17925,47.72277,130,198.112066445626,40,0.371,16.3,11.7,752.4,871,847,758,737,13,"GE BrightSpeed Excel"
1441129,2,2.17925,47.72277,130,185.191714286129,43,0.419,16,11.7,752.4,843,827,734,719,13,"GE BrightSpeed Excel"
1441167,2,3.84983,49.27753,78,64.6017607974869,43,0.136,14.2,11.15,688.3,813,823,707,716,13,"GE Revolution EVO"
1441167,11,3.84983,49.27753,78,318.702019934269,96,0.629,24.7,11.15,688.3,756,734,658,639,13,"GE Revolution EVO"
1441179,1,-2.86333,48.54383,125,245.48669103045,80,0.598,22.8,11.45,786.9,859,866,747,753,13,"GE Revolution EVO"
1441198,9,2.39136,46.6074,232,109.822993355728,80,0.283,21.5,12,752.2,718,715,624,622,13,"GE Revolution EVO"
1441279,3,5.63968,48.05406,349,256.253651163365,109,0.671,30.7,10.25,941.8,782,785,680,683,13,"GE BrightSpeed Excel"
1441292,2,0.00735,43.14667,427,309.011755814646,101,0.765,29.9,12.7,1214.5,712,701,619,610,13,"GE BrightSpeed Excel"
1441292,6,0.00735,43.14667,427,314.395235881103,103,0.559,29.3,12.7,1214.5,648,643,564,559,13,"GE BrightSpeed Excel"
1441304,1,3.27122,47.66516,255,318.702019934269,117,0.58,28.7,11.15,842.3,863,832,751,724,13,"GE BrightSpeed Excel"
1441375,5,1.08821,43.11078,360,328.392284053892,145,0.797,36.7,12.75,945.8,792,801,689,697,13,"GE BrightSpeed Excel"
1441375,7,1.08821,43.11078,360,189.498498339295,119,0.52,32.9,12.75,945.8,862,829,750,721,13,"GE BrightSpeed Excel"
1441394,14,0.5846,44.34446,138,264.867219269696,113,0.624,21.9,13.6,827.2,780,762,679,663,13,"GE BrightSpeed Excel"
1441543,2,3.47574,48.50868,63,324.085500000726,54,0.618,20.1,11.6,691.1,823,849,716,739,13,"GE Revolution EVO"
1441546,3,1.43103,47.82729,136,235.796426910827,122,0.573,28.2,11.65,669.8,623,618,542,538,13,"GE BrightSpeed Excel"
1441553,1,2.28377,49.82595,97,225.029466777913,109,0.437,20.2,10.85,693.6,810,820,705,714,13,"GE Revolution EVO"
1441574,7,3.22066,47.82745,225,217.492594684872,93,0.474,27.5,11.2,780.2,744,727,647,632,13,"GE BrightSpeed Excel"
1441576,5,5.11046,49.21905,229,201.342154485501,67,0.428,22.6,10.45,925.2,810,794,705,691,13,"GE BrightSpeed Excel"
1441706,6,-0.33435,43.10275,433,176.578146179797,100,0.478,15.5,12.95,1451.5,835,811,727,706,13,"GE BrightSpeed Excel"
1441714,6,-1.57892,47.69302,41,218.569290698164,68,0.392,23.6,12.3,820.6,877,859,763,747,13,"GE Revolution EVO"
1441755,9,5.22258,48.28102,368,236.873122924119,99,0.559,24.3,10.25,1023.4,740,748,644,651,13,"GE Revolution EVO"
1441886,6,0.47526,46.89819,163,217.492594684872,59,0.392,20.5,12.2,708.3,823,813,716,707,13,"GE Revolution EVO"
1441970,11,5.67067,46.84681,283,102.286121262688,27,0.238,19.4,11.3,1264.2,793,780,690,678,13,"GE Revolution EVO"
1441971,1,3.83512,46.88552,266,230.41294684437,83,0.41,25,11.45,1016.7,809,779,704,678,13,"GE BrightSpeed Excel"
1441971,10,3.83512,46.88552,266,176.578146179797,55,0.242,23.5,11.45,1016.7,776,713,675,620,13,"GE BrightSpeed Excel"
1441987,8,5.5494,47.89457,326,163.6577940203,83,0.395,29,10.5,914.3,684,667,595,580,13,"GE BrightSpeed Excel"
1442069,12,5.48823,46.41979,450,82.9055930234415,55,0.294,16.8,10.75,1420.9,892,867,776,754,13,"GE Revolution EVO"
1442154,1,-0.50631,45.09554,15,186.26841029942,37,0.567,26.9,13.8,850.4,748,747,651,650,13,"GE BrightSpeed Excel"
1442161,3,0.82753,46.50744,113,108.746297342436,25,0.217,15,12.5,787.6,778,752,677,654,13,"GE Revolution EVO"
1442161,5,0.82753,46.50744,113,205.648938538667,69,0.419,22.1,12.5,787.6,822,805,715,700,13,"GE Revolution EVO"
1442275,1,3.76954,50.33823,119,348.849508306429,125,0.926,39.1,10.9,813.5,809,795,703,692,13,"GE BrightSpeed Excel"
1442375,16,3.21618,47.55765,307,202.418850498792,135,0.448,23.8,11.05,875.1,811,794,706,691,13,"GE BrightSpeed Excel"
1442419,3,1.94359,47.14653,154,212.109114618415,50,0.461,21.5,12,747.1,842,859,733,747,13,"GE BrightSpeed Excel"
1442419,4,1.94359,47.14653,154,138.893785714597,35,0.277,16.1,12,747.1,928,950,808,826,13,"GE BrightSpeed Excel"
1442449,1,-2.27985,47.46908,11,121.666649501934,21,0.26,8.8,12.6,877.8,856,846,745,736,13,"GE Revolution EVO"
1442483,1,1.05762,45.59245,488,235.796426910827,77,0.549,21.1,11.25,1182.9,746,746,649,649,13,"GE Revolution EVO"
1442588,8,-0.43851,44.75525,66,216.415898671581,143,0.512,27.9,13.9,888,965,938,840,816,13,"GE BrightSpeed Excel"
1442588,11,-0.43851,44.75525,66,221.799378738038,137,0.528,32.1,13.9,888,776,770,675,670,13,"GE BrightSpeed Excel"
1442627,4,-0.88242,43.24955,179,130.280217608265,71,0.304,20.9,14.15,1338.7,865,874,753,761,13,"GE BrightSpeed Excel"
1442631,27,3.84456,49.09786,256,190.575194352586,84,0.43,30.2,10.45,770.4,772,770,671,669,13,"GE BrightSpeed Excel"
1442648,7,1.92143,50.00482,70,162.581098007009,79,0.35,18,11.05,803,884,888,769,773,13,"GE Revolution EVO"
1442686,6,4.63969,47.89804,255,219.645986711455,128,0.469,21.7,10.95,877,765,755,665,657,13,"GE Revolution EVO"
1442709,1,2.31105,50.75925,18,312.24184385452,143,0.71,23.3,11.15,769.8,889,881,773,767,13,"GE Revolution EVO"
1442709,4,2.31105,50.75925,18,138.893785714597,76,0.295,21.5,11.15,769.8,869,853,756,742,13,"GE Revolution EVO"
1442768,8,2.84568,47.72176,167,293.938011628565,122,0.686,29.7,11.5,769.3,860,845,748,735,13,"GE BrightSpeed Excel"
1442806,5,1.18204,49.44323,109,273.480787376028,60,0.541,24.9,11.25,896,668,676,581,588,13,"GE BrightSpeed Excel"
1443002,4,-0.49197,43.31448,191,179.808234219672,65,0.437,24.6,14,1180,841,816,732,710,13,"GE BrightSpeed Excel"
1443002,13,-0.49197,43.31448,191,133.51030564814,64,0.432,23.5,14,1180,784,760,682,661,13,"GE BrightSpeed Excel"
1443007,28,1.98384,45.04146,455,118.436561462059,52,0.245,12.5,11.55,1337.4,946,919,823,799,13,"GE BrightSpeed Excel"
1443082,11,4.42651,47.92004,270,167.964578073466,130,0.345,21.8,10.9,871.7,808,779,703,678,13,"GE Revolution EVO"
1443237,3,5.51558,46.88724,216,320.855411960851,148,0.633,20.8,11.65,1109.4,797,765,693,666,13,"GE Revolution EVO"
1443272,2,0.32061,43.3148,317,103.362817275979,57,0.243,18,13.1,954.7,815,796,709,692,13,"GE BrightSpeed Excel"
1443272,10,0.32061,43.3148,317,176.578146179797,46,0.329,19.5,13.1,954.7,808,783,703,682,13,"GE BrightSpeed Excel"
1443287,8,4.61171,49.73278,255,256.253651163365,137,0.514,23.9,10.15,1026.3,676,667,588,580,13,"GE Revolution EVO"
1443290,1,1.96536,47.81222,114,194.881978405752,72,0.459,24,11.75,724.2,753,753,655,655,13,"GE BrightSpeed Excel"
1443347,20,1.97921,45.76114,733,228.259554817787,66,0.406,15.5,9.4,1472,765,757,666,659,13,"GE BrightSpeed Excel"
1443370,4,-3.02408,47.99592,108,88.2890730898987,24,0.198,11.2,11.65,1035.4,870,832,757,724,13,"GE BrightSpeed Excel"
1443403,8,-0.12497,47.39088,29,67.8318488373612,34,0.187,14.6,12.7,638.2,743,738,647,642,13,"GE BrightSpeed Excel"
1443691,3,4.28057,48.31833,120,290.707923588691,113,0.508,28.5,11.45,754.7,788,775,685,674,13,"GE Revolution EVO"
1443691,4,4.28057,48.31833,120,273.480787376028,110,0.54,27.7,11.45,754.7,794,773,691,673,13,"GE Revolution EVO"
1443772,1,0.67002,45.69533,191,167.964578073466,22,0.329,21.7,12.45,1052.6,799,803,695,698,13,"GE BrightSpeed Excel"
1443772,10,0.67002,45.69533,191,171.19466611334,28,0.192,15.6,12.45,1052.6,904,822,786,715,13,"GE BrightSpeed Excel"
1443885,1,-0.4042,47.15058,77,341.312636213389,105,0.646,28.9,12.65,647.5,704,671,612,584,13,"GE BrightSpeed Excel"
1443885,3,-0.4042,47.15058,77,264.867219269696,107,0.55,27.6,12.65,647.5,773,753,673,655,13,"GE BrightSpeed Excel"
1443950,6,5.06947,46.37662,190,105.516209302562,41,0.192,20.1,12.05,996.1,782,747,681,650,13,"GE Revolution EVO"
1443950,7,5.06947,46.37662,190,157.197617940551,45,0.286,21.5,12.05,996.1,833,815,725,709,13,"GE Revolution EVO"
1444007,12,1.934,44.91536,381,325.162196014017,81,0.652,23.5,11.95,1210,792,784,689,682,13,"GE Revolution EVO"
1444010,1,-0.39759,48.5725,204,277.787571429194,165,0.531,27.7,10.9,951.9,806,756,701,658,13,"GE Revolution EVO"
1444237,19,0.21833,44.75183,96,186.26841029942,66,0.426,23.3,13.45,824,782,764,680,665,13,"GE Revolution EVO"
1444297,2,2.97766,47.61318,216,214.262506644998,134,0.442,20.4,11.3,820.2,871,844,758,735,13,"GE BrightSpeed Excel"
1444297,8,2.97766,47.61318,216,188.421802326003,112,0.439,23,11.3,820.2,818,806,712,701,13,"GE BrightSpeed Excel"
1444308,1,-3.34321,48.21526,179,91.5191611297731,8,0.102,5.1,11.3,1176.7,828,844,720,734,13,"GE Revolution EVO"
1444368,1,-0.27531,45.04722,51,161.504401993717,47,0.606,25.8,13.6,839.1,804,796,700,693,13,"GE BrightSpeed Excel"
1444368,2,-0.27531,45.04722,51,131.356913621557,36,0.384,15.7,13.6,839.1,980,939,852,817,13,"GE BrightSpeed Excel"
1444369,2,4.36099,49.70129,173,302.551579734897,71,0.609,25.7,10.45,1022.7,788,771,686,671,13,"GE BrightSpeed Excel"
1444499,3,1.61626,45.99332,377,174.424754153215,54,0.398,23,11.3,1153.7,805,791,701,688,13,"GE BrightSpeed Excel"
1444526,3,-3.51622,48.31495,126,144.277265781054,22,0.264,11.9,11.6,1108.3,815,760,709,661,13,"GE Revolution EVO"
1444526,5,-3.51622,48.31495,126,83.9822890367329,19,0.125,10.5,11.6,1108.3,753,705,655,614,13,"GE Revolution EVO"
1444631,1,-2.98782,47.63702,19,108.746297342436,18,0.14,11.7,12.75,914.7,897,824,780,717,13,"GE Revolution EVO"
1444690,6,4.36541,47.7232,313,152.890833887386,116,0.341,23.6,10.9,889.3,770,762,670,663,13,"GE Revolution EVO"
1444714,4,3.84184,49.94236,213,288.554531562108,112,0.611,26.5,10.2,931,730,719,635,626,13,"GE Revolution EVO"
1444796,1,2.00629,49.80755,152,44.1445365449494,13,0.101,5.8,10.65,796.9,826,833,719,724,13,"GE Revolution EVO"
1444851,5,-1.36777,43.14396,269,186.26841029942,111,0.478,19.4,13.25,1721.2,776,805,675,701,13,"GE BrightSpeed Excel"
1444851,9,-1.36777,43.14396,269,137.817089701305,148,0.491,19.8,13.25,1721.2,726,715,632,622,13,"GE BrightSpeed Excel"
1444857,11,5.2535,48.35224,323,234.719730897536,150,0.473,25.5,10.45,996.2,841,835,732,726,13,"GE Revolution EVO"
1444898,3,-0.08221,48.20159,210,146.430657807637,67,0.273,20.4,11.45,833.1,825,804,718,699,13,"GE Revolution EVO"
1444904,5,1.71109,46.73166,175,258.407043189947,144,0.546,31.5,12.05,812.9,713,719,620,626,13,"GE BrightSpeed Excel"
1444959,2,-0.52284,43.43956,171,225.029466777913,145,0.53,19.4,13.9,1126,793,800,690,696,13,"GE BrightSpeed Excel"
1444959,3,-0.52284,43.43956,171,269.174003322862,131,0.684,24.8,13.9,1126,745,750,648,653,13,"GE BrightSpeed Excel"
1445061,8,5.32794,48.71021,341,235.796426910827,107,0.49,21.3,10.3,1038.8,733,703,638,611,13,"GE BrightSpeed Excel"
1445109,9,7.16797,47.73067,291,323.008803987434,115,0.832,27.4,11.05,900.6,700,696,609,605,13,"GE BrightSpeed Excel"
1445124,5,2.55297,47.84859,129,174.424754153215,48,0.341,20.6,11.6,739.8,841,818,732,711,13,"GE BrightSpeed Excel"
1445124,6,2.55297,47.84859,129,122.743345515225,51,0.238,16.8,11.6,739.8,761,759,662,660,13,"GE BrightSpeed Excel"
1445172,10,0.86893,46.9039,116,195.958674419043,61,0.388,23.3,12.3,728.1,782,754,680,656,13,"GE Revolution EVO"
1445323,1,-0.51184,45.20342,28,159.351009967134,47,0.395,18.7,13.7,882,712,705,619,613,13,"GE BrightSpeed Excel"
1445323,2,-0.51184,45.20342,28,165.811186046883,46,0.394,15.3,13.7,882,726,719,632,626,13,"GE BrightSpeed Excel"
1445488,1,5.19466,47.27376,202,227.182858804495,115,0.374,18,11.5,796.8,787,757,685,659,13,"GE Revolution EVO"
1445488,6,5.19466,47.27376,202,201.342154485501,175,0.649,20.5,11.5,796.8,694,699,604,608,13,"GE Revolution EVO"
1445532,10,1.2952,46.58466,139,177.654842193089,80,0.359,16.5,12.4,809.9,872,857,759,746,13,"GE Revolution EVO"
1445532,22,1.2952,46.58466,139,107.669601329145,62,0.265,18,12.4,809.9,800,799,696,695,13,"GE Revolution EVO"
1445556,3,-3.18299,47.71806,13,105.516209302562,45,0.183,18.8,12.7,920.5,805,783,700,681,13,"GE BrightSpeed Excel"
1445556,5,-3.18299,47.71806,13,163.6577940203,60,0.299,20.9,12.7,920.5,860,813,748,707,13,"GE BrightSpeed Excel"
1445590,5,2.05411,46.1932,560,227.182858804495,91,0.5,25,10.35,964.1,865,840,752,730,13,"GE BrightSpeed Excel"
1445612,12,5.02031,48.01589,328,227.182858804495,153,0.486,25,10.4,938.9,764,733,665,637,13,"GE BrightSpeed Excel"
1445627,7,3.57644,47.05056,284,128.126825581682,155,0.46,24.7,11.45,946.9,695,686,604,597,13,"GE BrightSpeed Excel"
1445644,1,-0.22252,47.76674,44,134.587001661431,14,0.258,10.5,12.15,718.6,756,744,658,648,13,"GE Revolution EVO"
1445697,1,0.68454,43.50078,243,87.2123770766073,37,0.215,13.9,13.15,779.1,952,945,829,822,13,"GE Revolution EVO"
1445706,2,2.03311,45.31147,590,141.04717774118,103,0.422,26,10.8,1348.2,660,649,574,564,13,"GE BrightSpeed Excel"
1445706,15,2.03311,45.31147,590,208.879026578541,106,0.522,27.6,10.8,1348.2,811,798,706,694,13,"GE BrightSpeed Excel"
1445743,9,4.13962,48.14069,137,218.569290698164,91,0.451,26.4,11.3,764,861,844,749,734,13,"GE Revolution EVO"
1445743,10,4.13962,48.14069,137,290.707923588691,113,0.644,27.2,11.3,764,877,876,763,762,13,"GE Revolution EVO"
1445829,5,2.23664,45.56374,745,217.492594684872,71,0.462,22.2,9.65,1195.2,738,705,642,613,13,"GE BrightSpeed Excel"
1445831,3,-1.61325,47.07941,5,47.3746245848237,20,0.093,9.3,12.75,831.1,740,728,644,633,13,"GE Revolution EVO"
1445890,7,1.00759,43.41536,229,167.964578073466,103,0.562,23.8,13.35,743.2,678,671,590,584,13,"GE Revolution EVO"
1445890,18,1.00759,43.41536,229,327.3155880406,164,0.797,24,13.35,743.2,739,731,643,636,13,"GE Revolution EVO"
1445901,14,6.75221,47.549,405,90.4424651164816,24,0.158,17.9,10.4,1132.3,735,727,640,633,13,"GE BrightSpeed Excel"
1446021,1,1.98901,44.21406,367,92.5958571430645,30,0.19,6.6,12.7,903.6,754,721,656,628,13,"GE BrightSpeed Excel"
1446021,5,1.98901,44.21406,367,77.5221129569842,27,0.157,8.4,12.7,903.6,861,847,749,737,13,"GE BrightSpeed Excel"
1446071,4,1.6226,47.48682,97,303.628275748188,83,0.601,21.7,11.9,717.7,753,741,655,644,13,"GE BrightSpeed Excel"
1446071,6,1.6226,47.48682,97,244.409995017159,89,0.514,21.8,11.9,717.7,832,825,724,718,13,"GE BrightSpeed Excel"
1446145,11,0.60151,45.42433,180,95.8259451829389,37,0.194,12.4,12.85,975.8,891,923,775,803,13,"GE Revolution EVO"
1446154,5,2.31254,47.70488,132,130.280217608265,53,0.224,19.1,11.65,741.3,803,784,699,682,13,"GE BrightSpeed Excel"
1446223,2,0.85667,49.25997,150,199.188762458918,108,0.453,27.4,11.05,832.9,812,810,707,705,13,"GE BrightSpeed Excel"
1446361,3,4.13655,45.69329,354,185.191714286129,98,0.354,15.5,12,631,758,750,660,652,13,"GE Revolution EVO"
1446361,5,4.13655,45.69329,354,161.504401993717,91,0.429,18.4,12,631,739,712,643,620,13,"GE Revolution EVO"
1446465,2,-0.26261,47.49587,45,141.04717774118,33,0.311,18.8,12.5,682.7,692,680,602,592,13,"GE BrightSpeed Excel"
1446465,8,-0.26261,47.49587,45,77.5221129569842,32,0.137,18.5,12.5,682.7,750,759,653,660,13,"GE BrightSpeed Excel"
1446521,4,1.36867,46.85523,123,191.651890365878,92,0.463,24,12.3,777.4,775,767,674,667,13,"GE BrightSpeed Excel"
1446521,9,1.36867,46.85523,123,226.106162791204,90,0.425,23,12.3,777.4,764,754,665,656,13,"GE BrightSpeed Excel"
1446798,12,2.06139,44.75385,562,186.26841029942,76,0.421,23.5,11.55,1280.4,843,813,733,708,13,"GE Revolution EVO"
1446840,3,1.81174,47.146,117,307.935059801354,126,0.551,27.4,12.05,726,807,796,702,693,13,"GE BrightSpeed Excel"
1446865,14,1.9691,47.27255,156,223.952770764621,63,0.42,25.4,11.85,762.2,834,841,725,732,13,"GE BrightSpeed Excel"
1446868,1,1.9696,47.20059,131,108.746297342436,51,0.23,19,12.05,748.6,784,800,682,696,13,"GE BrightSpeed Excel"
1446882,8,0.51497,47.27676,95,105.516209302562,73,0.321,26.3,12.15,722.7,820,792,714,689,13,"GE Revolution EVO"
1446882,26,0.51497,47.27676,95,275.634179402611,147,0.592,23.4,12.15,722.7,765,736,665,640,13,"GE Revolution EVO"
1446935,6,-2.71952,48.45998,128,106.592905315853,70,0.206,15,11.5,782,828,771,720,671,13,"GE Revolution EVO"
1446963,3,-1.34813,47.8266,69,340.235940200098,130,0.653,25.4,12.05,799.1,831,803,723,699,13,"GE BrightSpeed Excel"
1446963,5,-1.34813,47.8266,69,332.699068107057,104,0.543,23.3,12.05,799.1,770,745,670,648,13,"GE BrightSpeed Excel"
1446990,3,0.07866,46.96306,60,160.427705980426,73,0.392,22.1,12.55,631.1,866,863,753,751,13,"GE Revolution EVO"
1447005,8,-0.67803,45.91927,44,254.100259136782,113,0.535,21.7,13.15,889.7,661,646,575,562,13,"GE BrightSpeed Excel"
1447102,4,-0.23669,43.66259,85,317.625323920977,80,0.588,19,14.15,979.3,862,851,750,741,13,"GE Revolution EVO"
1447126,6,2.65843,47.6145,189,206.725634551958,92,0.428,28,11.4,752.6,769,763,669,664,13,"GE BrightSpeed Excel"
1447145,3,-0.2547,45.69577,12,223.952770764621,78,0.427,13.9,13.55,793.1,758,746,660,649,13,"GE Revolution EVO"
1447150,1,2.00889,45.09551,500,256.253651163365,57,0.541,26.4,11.45,1259.3,778,776,677,675,13,"GE BrightSpeed Excel"
1447150,4,2.00889,45.09551,500,345.619420266555,106,0.657,32,11.45,1259.3,813,821,707,715,13,"GE BrightSpeed Excel"
1447268,5,2.72007,48.78322,114,173.348058139923,54,0.32,26.4,11.7,736.7,628,630,546,548,13,"GE BrightSpeed Excel"
1447268,7,2.72007,48.78322,114,127.050129568391,59,0.292,25.1,11.7,736.7,692,692,602,602,13,"GE BrightSpeed Excel"
1447272,5,1.20473,45.91795,398,110.899689369019,24,0.28,16.1,11.45,1122.5,830,827,722,719,13,"GE BrightSpeed Excel"
1447292,33,-2.46183,48.30861,210,142.123873754471,29,0.209,15.5,11.15,897.9,854,832,743,724,13,"GE BrightSpeed Excel"
1447304,4,0.85205,48.46889,184,221.799378738038,63,0.468,24.5,11.05,781.7,805,806,700,701,13,"GE Revolution EVO"
1447304,11,0.85205,48.46889,184,76.4454169436928,37,0.211,17.5,11.05,781.7,835,830,727,722,13,"GE Revolution EVO"
1447334,3,4.84045,48.18182,314,207.802330565249,124,0.449,22.5,10.7,899.1,750,723,652,629,13,"GE Revolution EVO"
1447365,1,-3.24732,48.32802,233,283.171051495651,68,0.457,12.9,11,1159.4,941,884,819,769,13,"GE Revolution EVO"
1447365,3,-3.24732,48.32802,233,227.182858804495,65,0.425,16,11,1159.4,800,787,696,685,13,"GE Revolution EVO"
1447563,5,0.00899,44.92757,51,148.58404983422,35,0.251,15,13.6,835.5,787,748,685,651,13,"GE Revolution EVO"
1447563,7,0.00899,44.92757,51,71.0619368772356,39,0.161,15.5,13.6,835.5,708,691,616,601,13,"GE Revolution EVO"
1447577,1,1.40791,46.09977,366,227.182858804495,65,0.483,24.4,11.35,1123.1,752,742,655,645,13,"GE BrightSpeed Excel"
1447577,5,1.40791,46.09977,366,349.926204319721,67,0.659,25.5,11.35,1123.1,852,815,741,709,13,"GE BrightSpeed Excel"
1447629,3,0.40911,48.01279,91,265.943915282988,82,0.531,19.6,11.95,708.4,887,884,772,769,13,"GE Revolution EVO"
1447629,6,0.40911,48.01279,91,144.277265781054,67,0.328,17.3,11.95,708.4,880,856,765,744,13,"GE Revolution EVO"
1447650,4,5.0889,48.30222,309,215.33920265829,65,0.423,14.5,10.5,984.4,833,802,725,698,13,"GE BrightSpeed Excel"
1447681,4,-0.01063,44.18938,130,230.41294684437,92,0.481,18.6,13.35,880.4,807,771,702,671,13,"GE Revolution EVO"
1447681,5,-0.01063,44.18938,130,160.427705980426,74,0.313,15.7,13.35,880.4,837,783,728,681,13,"GE Revolution EVO"
1447733,13,3.23795,45.70411,589,306.858363788063,87,0.694,14.3,11.2,674.6,803,819,698,712,13,"GE Revolution EVO"
1447813,9,-2.30674,48.38688,39,219.645986711455,89,0.48,18.6,11.75,728.4,848,812,738,706,13,"GE Revolution EVO"
1447819,7,3.39574,47.2323,326,68.9085448506527,37,0.143,12.2,11.2,908,749,737,651,641,13,"GE BrightSpeed Excel"
1447908,7,4.16461,48.08634,176,211.032418605124,117,0.45,29.9,11.15,783.5,814,797,708,693,13,"GE Revolution EVO"
1447983,7,-0.6151,44.75066,46,166.887882060174,46,0.523,23.5,14,918.4,703,707,612,615,13,"GE BrightSpeed Excel"
1447987,3,-0.12858,44.60064,84,229.336250831078,92,0.532,22.5,13.6,824.1,804,773,700,672,13,"GE Revolution EVO"
1447987,4,-0.12858,44.60064,84,89.3657691031902,57,0.213,16,13.6,824.1,810,810,705,705,13,"GE Revolution EVO"
1448163,8,3.69676,47.64297,208,181.961626246255,81,0.408,23.8,11.6,742.1,810,796,705,693,13,"GE BrightSpeed Excel"
1448190,12,0.23252,44.37425,40,134.587001661431,22,0.289,16.6,14,740.7,769,775,669,674,13,"GE Revolution EVO"
1448202,3,-1.5935,46.80986,51,71.0619368772356,23,0.165,12,12.6,889.9,715,710,622,618,13,"GE Revolution EVO"
1448244,4,3.32014,47.43088,255,58.1415847177382,63,0.133,18.2,11.35,853,781,766,679,666,13,"GE BrightSpeed Excel"
1448282,8,5.99492,48.52955,332,203.495546512084,84,0.415,29,10.15,890.2,753,731,655,636,13,"GE BrightSpeed Excel"
1448337,1,5.60396,47.91105,353,331.622372093766,83,0.738,32.7,10.6,919.4,758,750,659,652,13,"GE BrightSpeed Excel"
1448480,5,-0.68967,43.32709,224,162.581098007009,67,0.536,17.4,13.75,1267.4,810,794,705,690,13,"GE BrightSpeed Excel"
1448480,7,-0.68967,43.32709,224,111.976385382311,51,0.464,15.2,13.75,1267.4,784,771,682,670,13,"GE BrightSpeed Excel"
1448621,11,3.09096,48.09816,182,268.097307309571,120,0.524,25.6,11.35,753.5,647,639,563,556,13,"GE BrightSpeed Excel"
1448635,6,1.01304,49.58522,142,151.814137874094,146,0.435,28.5,11,1016.6,763,747,664,650,13,"GE BrightSpeed Excel"
1448836,1,4.28944,47.83245,266,116.283169435476,48,0.242,13.5,11.2,883.3,730,707,635,615,13,"GE Revolution EVO"
1448836,10,4.28944,47.83245,266,110.899689369019,50,0.23,16.6,11.2,883.3,762,736,663,640,13,"GE Revolution EVO"
1448869,4,-0.10643,45.24907,64,167.964578073466,71,0.373,17.4,13.1,876.6,832,790,724,687,13,"GE Revolution EVO"
1448869,8,-0.10643,45.24907,64,97.9793372095217,58,0.258,17.2,13.1,876.6,918,889,799,773,13,"GE Revolution EVO"
1448891,1,0.803,46.45312,117,176.578146179797,60,0.437,11,12.55,788,751,743,654,646,13,"GE Revolution EVO"
1448891,2,0.803,46.45312,117,104.43951328927,58,0.234,8.8,12.55,788,682,673,593,586,13,"GE Revolution EVO"
1448968,5,4.59236,48.04291,207,187.345106312712,117,0.407,21.1,10.9,901.5,859,833,747,725,13,"GE Revolution EVO"
1449039,3,0.80316,43.68232,141,188.421802326003,49,0.377,18.7,13.75,695.7,904,872,787,759,13,"GE Revolution EVO"
1449039,7,0.80316,43.68232,141,183.038322259546,101,0.44,20.5,13.75,695.7,735,736,639,640,13,"GE Revolution EVO"
1449058,2,1.8082,47.50581,98,192.728586379169,82,0.375,21,11.9,735.2,804,792,699,689,13,"GE BrightSpeed Excel"
1449058,12,1.8082,47.50581,98,122.743345515225,81,0.253,20.6,11.9,735.2,763,749,663,651,13,"GE BrightSpeed Excel"
1449071,6,0.76602,45.03088,191,179.808234219672,45,0.309,19.5,12.8,928.7,857,830,745,722,13,"GE Revolution EVO"
1449075,2,1.23569,43.09442,405,276.710875415902,49,0.597,28.2,12.35,979.8,934,933,812,812,13,"GE BrightSpeed Excel"
1449157,4,-0.47542,44.48433,48,159.351009967134,36,0.262,16.6,13.6,920.9,865,856,752,745,13,"GE BrightSpeed Excel"
1449203,4,2.85443,45.88648,726,318.702019934269,169,0.531,23,9.35,925.9,780,734,679,639,13,"GE BrightSpeed Excel"
1449203,6,2.85443,45.88648,726,152.890833887386,135,0.428,22.9,9.35,925.9,771,748,670,651,13,"GE BrightSpeed Excel"
1449281,3,2.02069,47.48859,118,117.359865448768,43,0.15,14,11.8,771,909,864,791,752,13,"GE BrightSpeed Excel"
1449281,6,2.02069,47.48859,118,132.433609634848,44,0.282,18,11.8,771,816,800,710,696,13,"GE BrightSpeed Excel"
1449292,5,0.82451,47.55113,141,164.734490033591,78,0.387,21.3,11.8,748.3,732,710,637,618,13,"GE Revolution EVO"
1449292,6,0.82451,47.55113,141,170.117970100049,78,0.324,22,11.8,748.3,768,762,668,663,13,"GE Revolution EVO"
1449308,2,0.86694,48.9006,172,291.784619601982,154,0.874,32.4,11.05,691.9,867,856,754,744,13,"GE BrightSpeed Excel"
1449308,5,0.86694,48.9006,172,226.106162791204,177,0.984,35.7,11.05,691.9,876,866,762,754,13,"GE BrightSpeed Excel"
1449319,12,3.03731,46.08342,433,145.353961794345,226,0.543,27.6,10.85,761.7,599,595,521,518,13,"GE Revolution EVO"
1449356,7,1.18558,43.14781,421,172.271362126632,75,0.415,20.9,12.5,880.2,853,838,742,729,13,"GE BrightSpeed Excel"
1449404,2,1.82489,48.53104,157,311.165147841228,110,0.639,28,11.3,667.9,737,718,641,625,13,"GE Revolution EVO"
1449404,3,1.82489,48.53104,157,277.787571429194,89,0.568,25.4,11.3,667.9,816,807,710,702,13,"GE Revolution EVO"
1449446,1,-3.29327,48.0013,135,277.787571429194,47,0.491,17.5,11.7,1187.4,804,797,700,693,13,"GE BrightSpeed Excel"
1449446,2,-3.29327,48.0013,135,235.796426910827,57,0.428,16.7,11.7,1187.4,789,784,687,682,13,"GE BrightSpeed Excel"
1449479,3,-0.86687,43.4119,173,165.811186046883,157,0.526,23.4,13.95,1317.8,781,768,680,668,13,"GE BrightSpeed Excel"
1449479,9,-0.86687,43.4119,173,188.421802326003,95,0.456,22.7,13.95,1317.8,901,855,784,744,13,"GE BrightSpeed Excel"
1449492,23,2.33906,43.90893,357,184.115018272838,105,0.426,21.9,12.65,962.6,723,704,629,612,13,"GE BrightSpeed Excel"
1449520,15,4.78999,49.98083,438,128.126825581682,63,0.304,17.5,9.3,1200.3,761,741,662,645,13,"GE Revolution EVO"
1449523,4,6.57422,48.65424,235,211.032418605124,97,0.314,22.6,10.6,805.3,815,796,709,693,13,"GE Revolution EVO"
1449559,4,1.07976,44.62109,218,345.619420266555,91,0.65,24,12.95,914.9,800,788,696,685,13,"GE Revolution EVO"
1449584,2,2.46726,45.59969,600,256.253651163365,80,0.485,21.5,10,1151.3,790,789,687,686,13,"GE BrightSpeed Excel"
1449602,12,2.86171,49.33982,64,273.480787376028,136,0.635,26.6,11.3,683.9,771,775,671,674,13,"GE Revolution EVO"
1449602,15,2.86171,49.33982,64,203.495546512084,130,0.941,36.5,11.3,683.9,900,893,783,777,13,"GE Revolution EVO"
1449684,8,3.7339,47.03076,247,149.660745847511,134,0.565,19,11.5,1002.6,758,751,659,654,13,"GE BrightSpeed Excel"
1449722,1,-3.74334,47.94267,118,223.952770764621,80,0.415,23.1,12.05,1257.3,865,844,753,734,13,"GE Revolution EVO"
1449739,4,2.95044,47.55936,199,191.651890365878,78,0.413,23.9,11.4,773.4,771,748,671,651,13,"GE BrightSpeed Excel"
1449746,6,1.90757,45.05918,361,188.421802326003,71,0.383,20.1,12.65,1234.4,797,774,693,673,13,"GE BrightSpeed Excel"
1449746,8,1.90757,45.05918,361,75.3687209304014,51,0.154,12.1,12.65,1234.4,765,729,666,634,13,"GE BrightSpeed Excel"
1449875,9,2.28745,46.0316,514,222.87607475133,57,0.428,22.8,10.5,908.8,830,812,722,707,13,"GE BrightSpeed Excel"
1449875,12,2.28745,46.0316,514,209.955722591832,55,0.357,15.5,10.5,908.8,827,801,720,697,13,"GE BrightSpeed Excel"
1449949,1,1.80282,50.68634,45,73.2153289038184,176,0.842,24.8,10.75,1046.1,545,542,474,471,13,"GE Revolution EVO"
1449949,2,1.80282,50.68634,45,273.480787376028,166,0.673,21.4,10.75,1046.1,774,777,673,676,13,"GE Revolution EVO"
1449963,1,0.77137,47.55042,140,275.634179402611,212,0.748,28.5,11.8,747.2,796,779,693,678,13,"GE Revolution EVO"
1450024,2,-3.51703,48.08048,176,302.551579734897,100,0.583,22,11.45,1288.7,915,898,796,781,13,"GE BrightSpeed Excel"
1450088,2,-4.1588,48.26316,94,190.575194352586,23,0.397,15.3,11.75,1213.3,918,902,799,785,13,"GE Revolution EVO"
1450119,6,7.02908,49.17729,234,223.952770764621,169,0.783,41.8,10.75,860.6,779,785,678,683,13,"GE Revolution EVO"
1450119,8,7.02908,49.17729,234,235.796426910827,170,0.746,38.4,10.75,860.6,758,758,660,659,13,"GE Revolution EVO"
1450199,7,1.56788,43.92419,184,211.032418605124,97,0.394,23.1,13.55,768.9,856,850,745,739,13,"GE Revolution EVO"
1450485,4,1.02336,47.03174,123,102.286121262688,74,0.196,17.6,12.15,751.8,694,676,604,588,13,"GE BrightSpeed Excel"
1450489,1,3.42301,45.9724,296,223.952770764621,112,0.528,27,12.25,818.2,808,778,703,677,13,"GE Revolution EVO"
1450489,11,3.42301,45.9724,296,218.569290698164,96,0.481,27.5,12.25,818.2,755,733,657,637,13,"GE Revolution EVO"
1450498,1,-1.13998,43.43941,124,179.808234219672,153,0.549,23.1,14.15,1419.1,873,860,760,749,13,"GE BrightSpeed Excel"
1450526,1,2.76426,47.5422,181,296.091403655148,82,0.65,27,11.5,746.7,800,792,696,689,13,"GE BrightSpeed Excel"
1450526,3,2.76426,47.5422,181,226.106162791204,68,0.488,28,11.5,746.7,793,770,690,670,13,"GE BrightSpeed Excel"
1450639,3,5.65667,48.32357,323,162.581098007009,60,0.226,19.3,10.4,939.7,930,882,809,767,13,"GE Revolution EVO"
1450651,3,5.21764,48.19117,276,235.796426910827,131,0.705,27.5,10.55,969,723,714,629,621,13,"GE BrightSpeed Excel"
1450748,9,6.63543,49.06607,320,138.893785714597,102,0.452,19.4,10.25,830.4,631,617,549,536,13,"GE Revolution EVO"
1450748,10,6.63543,49.06607,320,207.802330565249,125,0.511,20.8,10.25,830.4,654,649,569,565,13,"GE Revolution EVO"
1450771,10,4.56417,49.91331,377,269.174003322862,103,0.604,19.5,9.7,1180.6,757,747,658,650,13,"GE Revolution EVO"
1450782,2,1.22802,44.7666,161,237.94981893741,93,0.615,24.8,13.35,851.7,840,830,730,722,13,"GE Revolution EVO"
1450817,9,6.1158,48.32773,275,231.489642857661,115,0.498,25,10.55,861.2,720,707,626,615,13,"GE Revolution EVO"
1450833,7,2.41317,43.53138,436,161.504401993717,41,0.326,17.3,12.55,1078.9,698,680,607,592,13,"GE BrightSpeed Excel"
1450833,10,2.41317,43.53138,436,187.345106312712,52,0.412,19.4,12.55,1078.9,754,726,656,632,13,"GE BrightSpeed Excel"
1450864,4,0.77729,45.53491,281,357.463076412761,87,0.773,27.9,12.15,1098.7,867,845,754,735,13,"GE Revolution EVO"
1450977,7,0.83085,44.51003,124,197.035370432335,89,0.429,19.7,13.65,803.6,825,800,718,696,13,"GE BrightSpeed Excel"
1451047,11,1.63054,48.8896,85,177.654842193089,68,0.341,18.9,11.35,663.7,834,817,725,711,13,"GE Revolution EVO"
1451085,3,4.14481,45.94514,374,207.802330565249,25,0.351,16.1,11.55,792.9,819,801,713,697,13,"GE Revolution EVO"
1451174,7,0.20371,46.46145,125,146.430657807637,56,0.481,24.2,12.35,788.5,784,774,682,674,13,"GE Revolution EVO"
1451174,9,0.20371,46.46145,125,307.935059801354,117,0.455,22.3,12.35,788.5,854,835,743,726,13,"GE Revolution EVO"
1451256,10,1.51354,45.95663,345,130.280217608265,76,0.349,23,11.4,1150.2,765,750,665,652,13,"GE BrightSpeed Excel"
1451256,18,1.51354,45.95663,345,151.814137874094,74,0.271,22.4,11.4,1150.2,767,733,668,637,13,"GE BrightSpeed Excel"
1451272,3,2.64995,46.17513,478,138.893785714597,21,0.26,14.3,10.7,872.9,814,802,708,697,13,"GE Revolution EVO"
1451312,1,0.93755,49.31485,117,139.970481727888,114,0.41,24.8,11.4,824.6,883,878,769,763,13,"GE BrightSpeed Excel"
1451312,7,0.93755,49.31485,117,363.923252492509,134,0.77,26.7,11.4,824.6,800,804,696,699,13,"GE BrightSpeed Excel"
1451328,1,5.69146,47.60251,233,105.516209302562,15,0.128,13,11.1,929.9,752,747,654,650,13,"GE BrightSpeed Excel"
1451328,11,5.69146,47.60251,233,120.589953488642,19,0.152,12.5,11.1,929.9,842,839,732,730,13,"GE BrightSpeed Excel"
1451358,6,5.49751,49.26343,245,218.569290698164,112,0.586,23.6,10.4,872.3,703,691,611,601,13,"GE BrightSpeed Excel"
1451368,17,0.02461,45.16188,59,313.318539867811,80,0.606,22.7,13.35,830.1,867,862,754,750,13,"GE BrightSpeed Excel"
1451551,12,5.29365,48.58514,276,119.513257475351,62,0.268,15.1,10.5,1066.4,876,842,762,733,13,"GE BrightSpeed Excel"
1451581,14,1.68618,48.80004,151,152.890833887386,82,0.392,22.5,11.25,655.1,770,761,670,662,13,"GE Revolution EVO"
1451613,5,3.61542,48.68707,180,293.938011628565,106,0.655,29.7,10.95,782.4,876,858,762,746,13,"GE Revolution EVO"
1451653,1,3.00151,49.51879,49,52.7581046512809,19,0.101,11,11.35,685.6,816,748,710,651,13,"GE Revolution EVO"
1451673,4,3.97567,48.91637,191,268.097307309571,124,0.634,25.9,10.95,785.8,779,769,678,669,13,"GE BrightSpeed Excel"
1451673,10,3.97567,48.91637,191,321.932107974143,197,0.741,25.1,10.95,785.8,723,688,629,599,13,"GE BrightSpeed Excel"
1451725,4,5.13262,46.087,269,311.165147841228,85,0.653,22.3,11.9,991.6,805,817,700,711,13,"GE Revolution EVO"
1451786,2,0.75581,45.39064,147,71.0619368772356,17,0.087,6.1,12.9,951.8,773,755,672,657,13,"GE Revolution EVO"
1451852,5,0.74427,47.56805,152,134.587001661431,82,0.333,19.3,11.75,751.3,792,756,689,658,13,"GE Revolution EVO"
1451854,6,3.29234,47.35914,276,251.946867110199,80,0.555,29.5,11.4,906.6,782,767,680,667,13,"GE Revolution EVO"
1451873,5,5.05823,48.23096,355,204.572242525375,117,0.506,24,10.25,1021.6,846,812,736,706,13,"GE BrightSpeed Excel"
1451873,7,5.05823,48.23096,355,200.265458472209,134,0.534,23.5,10.25,1021.6,758,741,659,645,13,"GE BrightSpeed Excel"
1451924,1,5.19119,49.68456,244,221.799378738038,116,0.59,22.2,10.25,1025.2,638,628,555,547,13,"GE BrightSpeed Excel"
1451975,6,4.49914,48.38647,137,291.784619601982,70,0.476,26,11.45,755.5,870,887,757,772,13,"GE Revolution EVO"
1452037,4,2.62895,47.09285,177,222.87607475133,120,0.566,22.6,11.85,789.2,776,740,675,644,13,"GE Revolution EVO"
1452194,19,1.60569,46.78501,153,295.014707641857,93,0.471,18.5,12.1,793.9,741,725,645,631,13,"GE BrightSpeed Excel"
1452194,20,1.60569,46.78501,153,254.100259136782,112,0.508,19.9,12.1,793.9,710,682,618,593,13,"GE BrightSpeed Excel"
1452230,16,5.74581,47.20478,280,282.094355482359,145,0.665,26,11.2,1063.4,759,732,660,637,13,"GE Revolution EVO"
1452329,3,2.07942,46.31922,360,200.265458472209,102,0.514,27.4,11.35,881.5,747,737,650,641,13,"GE BrightSpeed Excel"
1452329,6,2.07942,46.31922,360,227.182858804495,103,0.509,28.5,11.35,881.5,879,863,765,751,13,"GE BrightSpeed Excel"
1452334,10,3.67786,47.94901,141,189.498498339295,67,0.385,26.9,11.6,751.6,899,857,782,746,13,"GE BrightSpeed Excel"
1452356,1,0.20566,47.73936,51,268.097307309571,82,0.588,30.2,12.1,750.7,806,790,701,687,13,"GE Revolution EVO"
1452433,2,-0.99525,43.49795,96,191.651890365878,54,0.565,23.4,14.15,1295.9,831,818,723,711,13,"GE BrightSpeed Excel"
1452437,3,1.12941,46.99691,96,259.483739203239,67,0.54,25.5,12.3,730.1,761,751,662,653,13,"GE BrightSpeed Excel"
1452437,18,1.12941,46.99691,96,302.551579734897,70,0.636,32,12.3,730.1,757,765,659,666,13,"GE BrightSpeed Excel"
1452463,1,1.62164,47.55878,88,181.961626246255,54,0.328,21.1,11.95,703.3,812,814,707,708,13,"GE BrightSpeed Excel"
1452467,1,1.90236,48.98077,46,85.0589850500244,39,0.144,10,11.75,618.1,817,774,710,674,13,"GE Revolution EVO"
1452467,3,1.90236,48.98077,46,97.9793372095217,38,0.134,9.8,11.75,618.1,772,763,671,664,13,"GE Revolution EVO"
1452579,6,-0.9463,45.65964,6,229.336250831078,57,0.387,17.4,13.5,870.8,804,805,700,700,13,"GE Revolution EVO"
1452579,12,-0.9463,45.65964,6,148.58404983422,55,0.281,16.8,13.5,870.8,966,963,840,838,13,"GE Revolution EVO"
1452810,13,3.16764,49.55369,54,103.362817275979,25,0.213,17,11.35,693.3,759,761,660,662,13,"GE Revolution EVO"
1452829,10,-1.55634,43.38918,24,179.808234219672,58,0.441,22.4,14.85,1561.9,780,768,679,668,13,"GE BrightSpeed Excel"
1452959,1,4.16215,47.24071,581,73.2153289038184,39,0.19,7.9,10.1,1158.9,748,758,651,659,13,"GE BrightSpeed Excel"
1452997,2,4.75155,48.00375,291,213.185810631707,169,0.392,17.4,10.85,937.8,739,717,643,624,13,"GE Revolution EVO"
1453356,8,-1.19512,44.7336,1,204.572242525375,47,0.408,25.5,14.05,871.2,864,849,752,738,13,"GE BrightSpeed Excel"
1453356,9,-1.19512,44.7336,1,200.265458472209,50,0.403,24.7,14.05,871.2,760,744,661,648,13,"GE BrightSpeed Excel"
1453383,12,1.98497,44.86156,504,278.864267442485,58,0.584,21.6,12,1285.8,825,836,718,727,13,"GE Revolution EVO"
1453403,16,4.14914,47.6368,334,208.879026578541,123,0.419,21.3,11.05,913.8,835,792,726,689,13,"GE BrightSpeed Excel"
1453496,8,-3.4171,47.9051,63,248.716779070324,200,0.515,19.7,12.1,1109.9,829,825,722,718,13,"GE Revolution EVO"
1453498,2,4.51938,46.92853,378,163.6577940203,115,0.393,22,10.85,878.9,668,654,581,569,13,"GE Revolution EVO"
1453541,2,3.10168,48.83531,116,234.719730897536,79,0.407,32,11.35,735.6,742,730,645,635,13,"GE BrightSpeed Excel"
1453564,3,5.54789,49.19015,224,267.020611296279,93,0.512,28.8,10.55,822,751,700,653,609,13,"GE BrightSpeed Excel"
1453564,7,5.54789,49.19015,224,160.427705980426,68,0.31,25.2,10.55,822,717,690,624,601,13,"GE BrightSpeed Excel"
1453649,1,3.48823,46.6196,253,309.011755814646,90,0.596,21.8,11.75,816.3,734,746,638,649,13,"GE Revolution EVO"
1453657,12,-2.23585,47.88525,103,189.498498339295,111,0.433,22.3,11.95,895.9,891,847,775,737,13,"GE Revolution EVO"
1453688,2,-1.9104,48.16771,56,269.174003322862,105,0.518,26.7,12,748,897,857,781,746,13,"GE BrightSpeed Excel"
1453688,13,-1.9104,48.16771,56,273.480787376028,110,0.608,25.2,12,748,927,920,807,801,13,"GE BrightSpeed Excel"
1453715,21,-2.39571,48.47341,85,247.640083057033,113,0.417,22.6,11.6,803.5,865,881,753,766,13,"GE BrightSpeed Excel"
1453838,4,5.68246,48.30484,401,223.952770764621,128,0.539,24.3,10.05,944,741,737,644,641,13,"GE Revolution EVO"
1453838,6,5.68246,48.30484,401,220.722682724747,115,0.548,24.5,10.05,944,784,778,682,677,13,"GE Revolution EVO"
1453905,3,1.3974,46.71151,127,145.353961794345,54,0.353,18,12.35,788.3,767,740,667,644,13,"GE BrightSpeed Excel"
1453905,4,1.3974,46.71151,127,208.879026578541,47,0.412,17.5,12.35,788.3,796,798,692,694,13,"GE BrightSpeed Excel"
1453914,4,2.07154,47.93842,115,273.480787376028,63,0.502,22,11.7,722.1,656,660,571,574,13,"GE BrightSpeed Excel"
1453914,6,2.07154,47.93842,115,171.19466611334,60,0.391,23.4,11.7,722.1,672,666,585,579,13,"GE BrightSpeed Excel"
1453963,4,-1.32629,47.12493,29,148.58404983422,30,0.187,17.3,12.75,817.4,798,757,695,659,13,"GE Revolution EVO"
1453963,15,-1.32629,47.12493,29,119.513257475351,29,0.259,17.2,12.75,817.4,811,763,706,664,13,"GE Revolution EVO"
1454071,1,1.62469,45.34559,384,71.0619368772356,9,0.14,10.3,11.6,1231.4,754,725,656,631,13,"GE BrightSpeed Excel"
1454082,9,-0.7969,43.48591,132,180.884930232963,93,0.545,23.3,14.15,1242.7,780,771,678,671,13,"GE BrightSpeed Excel"
1454158,6,4.17512,47.6184,310,219.645986711455,69,0.422,23.5,11,923.5,898,898,781,781,13,"GE BrightSpeed Excel"
1454158,12,4.17512,47.6184,310,300.398187708314,131,0.689,23.7,11,923.5,866,870,753,757,13,"GE BrightSpeed Excel"
1454160,1,2.10432,46.57119,256,257.330347176656,121,0.554,25.7,11.95,774.3,710,701,618,610,13,"GE BrightSpeed Excel"
1454160,17,2.10432,46.57119,256,240.103210963993,118,0.517,31,11.95,774.3,801,788,697,686,13,"GE BrightSpeed Excel"
1454247,11,2.592,50.40016,137,237.94981893741,72,0.545,19.6,10.55,867.6,758,776,660,675,13,"GE Revolution EVO"
1454314,1,5.09742,48.46395,291,203.495546512084,55,0.469,17.5,10.55,1003.9,813,806,707,701,13,"GE BrightSpeed Excel"
1454453,10,4.31078,47.68815,310,148.58404983422,68,0.303,19.1,11.1,860.2,883,855,768,743,13,"GE Revolution EVO"
1454453,26,4.31078,47.68815,310,156.12092192726,58,0.387,21,11.1,860.2,828,812,721,707,13,"GE Revolution EVO"
1454666,7,-0.18985,47.64147,31,73.2153289038184,49,0.124,15.1,12.3,704.6,687,679,598,591,13,"GE BrightSpeed Excel"
1454666,11,-0.18985,47.64147,31,73.2153289038184,47,0.155,15.2,12.3,704.6,642,633,559,550,13,"GE BrightSpeed Excel"
1454721,11,1.3371,47.14286,136,221.799378738038,114,0.48,22.4,11.95,746.9,799,783,695,681,13,"GE Revolution EVO"
1454721,16,1.3371,47.14286,136,335.929156146932,123,0.585,25,11.95,746.9,877,831,763,723,13,"GE Revolution EVO"
1454764,3,-0.68999,46.60323,100,188.421802326003,53,0.393,18.9,12.65,951.6,806,806,701,701,13,"GE Revolution EVO"
1454782,1,5.11775,46.30342,217,249.793475083616,90,0.548,27,12,1016.3,807,809,702,704,13,"GE Revolution EVO"
1454782,5,5.11775,46.30342,217,211.032418605124,93,0.416,24.7,12,1016.3,791,787,688,685,13,"GE Revolution EVO"
1454871,17,2.49464,46.21144,345,122.743345515225,62,0.304,13.5,11.15,807.6,791,791,688,688,13,"GE BrightSpeed Excel"
1454942,32,-0.29448,47.60315,75,150.737441860803,25,0.308,13.5,12.25,711.1,839,831,730,723,13,"GE Revolution EVO"
604193,1,0.35054,47.07608,97,90.4424651164816,11,0.143,7,12.4,658.6,799,834,695,726,13,"GE BrightSpeed Excel"
604193,5,0.35054,47.07608,97,62.448368770904,10,0.099,6.2,12.4,658.6,778,809,676,704,13,"GE BrightSpeed Excel"
607819,4,2.9733,50.57822,19,74.2920249171099,11,0.083,9,11.25,763.3,700,647,609,563,13,"GE BrightSpeed Excel"
609661,8,7.63499,48.92684,202,207.802330565249,55,0.449,17.2,10.9,863.8,789,773,687,673,13,"GE BrightSpeed Excel"
616489,2,1.80406,45.26563,390,66.7551528240698,12,0.124,8.6,11.75,1203,787,764,685,665,13,"GE BrightSpeed Excel"
617814,3,0.9348,47.39958,81,58.1415847177382,14,0.127,8.7,12.2,687.8,759,756,660,657,13,"GE BrightSpeed Excel"
617814,8,0.9348,47.39958,81,65.6784568107783,18,0.178,9.2,12.2,687.8,745,749,648,651,13,"GE BrightSpeed Excel"
622278,2,4.30626,45.41147,569,187.345106312712,37,0.503,13.2,11.15,764.8,736,731,641,636,13,"GE BrightSpeed Excel"
622278,8,4.30626,45.41147,569,213.185810631707,35,0.382,15.2,11.15,764.8,711,707,619,615,13,"GE BrightSpeed Excel"
629047,6,0.0088,44.32474,103,44.1445365449494,7,0.083,7.1,13.5,878,778,778,677,677,13,"GE BrightSpeed Excel"
629551,3,1.53114,44.76024,253,46.2979285715323,10,0.099,6.7,13.2,952.7,821,839,714,730,13,"GE BrightSpeed Excel"
629551,5,1.53114,44.76024,253,34.4542724253263,10,0.086,7.5,13.2,952.7,853,867,742,754,13,"GE BrightSpeed Excel"
631255,1,-3.73206,47.9613,90,54.9114966778638,7,0.083,4.5,11.95,1290.6,737,754,641,656,13,"GE BrightSpeed Excel"
638007,5,-0.55079,47.91206,115,48.4513205981152,8,0.095,7.1,11.8,775.1,838,848,729,738,13,"GE BrightSpeed Excel"
642559,3,6.19903,47.99194,296,91.5191611297731,37,0.134,7.3,10.65,1155.4,813,811,708,705,13,"GE BrightSpeed Excel"
644606,16,3.34864,48.93233,176,147.507353820928,32,0.271,16.4,10.9,792.2,759,748,660,651,13,"GE BrightSpeed Excel"
663006,1,-2.0087,48.5423,63,85.0589850500244,10,0.146,10.4,11.9,809.1,704,698,613,607,13,"GE BrightSpeed Excel"
666631,1,2.06617,46.37317,347,68.9085448506527,10,0.086,5.7,11.4,877.4,694,737,604,641,13,"GE BrightSpeed Excel"
666631,2,2.06617,46.37317,347,44.1445365449494,8,0.08,7.9,11.4,877.4,725,712,630,619,13,"GE BrightSpeed Excel"
670628,1,0.40627,45.16017,125,55.9881926911553,14,0.102,5.5,13.15,928,738,743,642,647,13,"GE BrightSpeed Excel"
703471,4,2.86936,47.42483,171,156.12092192726,18,0.288,12.7,11.7,748.2,809,809,704,704,13,"GE BrightSpeed Excel"
713331,4,5.21507,46.67011,183,77.5221129569842,10,0.156,9.7,11.85,1004.8,763,754,664,656,13,"GE BrightSpeed Excel"
713331,5,5.21507,46.67011,183,44.1445365449494,11,0.098,8.3,11.85,1004.8,765,764,666,664,13,"GE BrightSpeed Excel"
719776,5,7.6793,48.42934,150,229.336250831078,52,0.476,18.1,11.4,698,725,739,631,643,13,"GE BrightSpeed Excel"
720482,1,2.35239,47.27314,241,333.775764120349,58,1.044,27,11.4,924.2,806,782,701,681,13,"GE BrightSpeed Excel"
728314,4,0.49691,44.34303,86,198.112066445626,49,0.386,19.8,13.85,779.8,813,800,708,696,13,"GE BrightSpeed Excel"
728594,7,2.06865,45.86935,608,203.495546512084,102,0.365,23.8,9.95,1225.7,722,701,628,610,13,"GE BrightSpeed Excel"
735472,1,0.98406,45.45662,199,47.3746245848237,7,0.086,7.8,12.5,1085.5,750,764,652,665,13,"GE BrightSpeed Excel"
741554,1,-1.32732,43.28027,179,57.0648887044467,5,0.086,7.6,13.45,1647.1,719,711,626,618,13,"GE BrightSpeed Excel"
741554,4,-1.32732,43.28027,179,72.138632890527,8,0.125,8.5,13.45,1647.1,753,730,655,635,13,"GE BrightSpeed Excel"
743243,3,2.20685,47.33603,142,132.433609634848,19,0.261,12.4,11.8,810,888,852,773,741,13,"GE BrightSpeed Excel"
743243,4,2.20685,47.33603,142,144.277265781054,20,0.253,13.6,11.8,810,846,823,736,716,13,"GE BrightSpeed Excel"
764808,7,2.70253,46.29194,345,233.643034884244,41,0.441,20,11.5,807.5,767,749,668,652,13,"GE BrightSpeed Excel"
769492,1,0.42628,46.79839,70,99.0560332228132,18,0.208,8.5,12.5,673,773,783,673,681,13,"GE BrightSpeed Excel"
780109,12,-1.599,48.50264,42,180.884930232963,20,0.267,15.6,11.85,851.9,766,744,667,648,13,"GE BrightSpeed Excel"
805764,3,-3.41764,48.7705,86,43.0678405316579,8,0.075,6,11.7,935.5,798,807,694,703,13,"GE BrightSpeed Excel"
805764,4,-3.41764,48.7705,86,59.2182807310296,9,0.089,7.4,11.7,935.5,788,801,685,697,13,"GE BrightSpeed Excel"
817065,1,-2.27902,48.07273,54,63.5250647841954,10,0.098,8.3,11.85,773.5,761,745,662,648,13,"GE BrightSpeed Excel"
817344,1,0.29271,47.90286,68,47.3746245848237,8,0.094,5.4,12.05,723.4,793,791,690,688,13,"GE BrightSpeed Excel"
822095,3,0.13727,43.92263,133,71.0619368772356,10,0.123,9,13.7,827.4,831,831,723,723,13,"GE BrightSpeed Excel"
822095,5,0.13727,43.92263,133,58.1415847177382,11,0.088,6,13.7,827.4,765,762,665,663,13,"GE BrightSpeed Excel"
828516,1,-1.33255,47.602,56,51.6814086379895,11,0.093,5.1,12.35,811.3,668,670,581,583,13,"GE BrightSpeed Excel"
828516,2,-1.33255,47.602,56,40.914448505075,11,0.083,5.5,12.35,811.3,657,659,572,573,13,"GE BrightSpeed Excel"
844879,4,5.16848,46.77931,201,312.24184385452,82,0.621,25,11.8,940.8,762,765,663,666,13,"GE Revolution EVO"
844879,11,5.16848,46.77931,201,335.929156146932,58,0.559,27.6,11.8,940.8,691,650,601,566,13,"GE Revolution EVO"
855586,2,0.39513,45.11498,74,40.914448505075,7,0.089,7.1,13.25,896.4,635,642,553,559,13,"GE BrightSpeed Excel"
857194,3,2.22594,44.5203,402,89.3657691031902,48,0.19,7,12.1,961.9,755,750,657,653,13,"GE BrightSpeed Excel"
863432,1,2.84904,49.44767,58,270.250699336153,40,0.533,19,11.15,669.5,831,822,723,716,13,"GE BrightSpeed Excel"
866009,1,-0.32784,48.79894,189,71.0619368772356,8,0.121,6.5,11.05,824.3,805,808,701,703,13,"GE BrightSpeed Excel"
902061,9,0.87389,46.23809,221,146.430657807637,58,0.344,20.3,12.2,903.8,836,808,727,703,13,"GE BrightSpeed Excel"
908627,4,4.6921,47.57308,378,356.386380399469,140,0.696,27.8,10.45,971.7,806,802,701,698,13,"GE Revolution EVO"
908638,1,2.06697,46.21123,472,277.787571429194,77,0.544,14.5,10.65,957.6,830,834,722,725,13,"GE BrightSpeed Excel"
931962,2,2.85527,48.70181,104,41.9911445183665,15,0.099,9.1,11.55,733.7,646,629,562,547,13,"GE BrightSpeed Excel"
932530,1,3.29899,47.72789,189,90.4424651164816,17,0.231,8.3,11.35,814.7,827,822,719,715,13,"GE BrightSpeed Excel"
935384,1,3.82889,49.50241,168,127.050129568391,14,0.195,10.4,10.95,775,805,757,700,659,13,"GE Revolution EVO"
938307,2,3.28545,46.22557,273,181.961626246255,23,0.281,12.2,12.05,711.9,881,890,766,774,13,"GE Revolution EVO"
945272,1,-3.98088,48.02027,90,175.501450166506,44,0.469,18,11.95,1285.6,886,876,771,762,13,"GE BrightSpeed Excel"
945846,18,-4.53654,48.0521,64,185.191714286129,28,0.425,13.2,12.35,962.3,894,865,778,753,13,"GE BrightSpeed Excel"
966120,1,1.04264,46.23114,180,48.4513205981152,9,0.091,6.7,12.25,896.2,737,723,642,629,13,"GE BrightSpeed Excel"
966120,2,1.04264,46.23114,180,24.7640083057033,8,0.077,6.5,12.25,896.2,703,701,612,610,13,"GE BrightSpeed Excel"
966950,1,-0.90118,47.73185,37,194.881978405752,28,0.398,16.7,12.3,730.8,817,795,711,692,13,"GE Revolution EVO"
966950,3,-0.90118,47.73185,37,146.430657807637,22,0.237,13.7,12.3,730.8,754,704,656,613,13,"GE Revolution EVO"
980019,1,0.26315,47.97431,68,198.112066445626,32,0.43,16.9,12.05,720,917,915,798,796,13,"GE Revolution EVO"
980019,2,0.26315,47.97431,68,215.33920265829,40,0.465,14.6,12.05,720,894,863,778,751,13,"GE Revolution EVO"
